date,APMC,Commodity,Year,Month,arrivals_in_qtl,min_price,max_price,modal_price,district_name,state_name,commodity,year,Type,msprice,msp_filter,seasonality,deseasonal,Raw vs MSP diff,Desasonal vs MSP diff
2015-04-01,Mangalwedha,bajri,2015,April,84,1377,1400,1389,Solapur,Maharashtra,bajri,2015,Kharif Crops,1275.0,1,not found,,114.0,
2015-08-01,Mangalwedha,bajri,2015,August,1,1640,1640,1640,Solapur,Maharashtra,bajri,2015,Kharif Crops,1275.0,1,not found,,365.0,
2016-08-01,Mangalwedha,bajri,2016,August,19,1888,1888,1888,Solapur,Maharashtra,bajri,2016,Kharif Crops,1330.0,1,not found,,558.0,
2014-12-01,Mangalwedha,bajri,2014,December,147,1263,1355,1339,Solapur,Maharashtra,bajri,2014,Kharif Crops,1250.0,1,not found,,89.0,
2015-02-01,Mangalwedha,bajri,2015,February,37,1313,1407,1407,Solapur,Maharashtra,bajri,2015,Kharif Crops,1275.0,1,not found,,132.0,
2016-02-01,Mangalwedha,bajri,2016,February,1,1680,1680,1680,Solapur,Maharashtra,bajri,2016,Kharif Crops,1330.0,1,not found,,350.0,
2015-01-01,Mangalwedha,bajri,2015,January,120,1329,1406,1374,Solapur,Maharashtra,bajri,2015,Kharif Crops,1275.0,1,not found,,99.0,
2016-01-01,Mangalwedha,bajri,2016,January,12,1200,1200,1200,Solapur,Maharashtra,bajri,2016,Kharif Crops,1330.0,1,not found,,-130.0,
2015-07-01,Mangalwedha,bajri,2015,July,8,1451,1451,1451,Solapur,Maharashtra,bajri,2015,Kharif Crops,1275.0,1,not found,,176.0,
2016-07-01,Mangalwedha,bajri,2016,July,2,1875,1875,1875,Solapur,Maharashtra,bajri,2016,Kharif Crops,1330.0,1,not found,,545.0,
2015-06-01,Mangalwedha,bajri,2015,June,4,1331,1331,1331,Solapur,Maharashtra,bajri,2015,Kharif Crops,1275.0,1,not found,,56.0,
2016-06-01,Mangalwedha,bajri,2016,June,3,1822,1850,1850,Solapur,Maharashtra,bajri,2016,Kharif Crops,1330.0,1,not found,,520.0,
2015-03-01,Mangalwedha,bajri,2015,March,29,1414,1455,1434,Solapur,Maharashtra,bajri,2015,Kharif Crops,1275.0,1,not found,,159.0,
2015-05-01,Mangalwedha,bajri,2015,May,10,1313,1313,1313,Solapur,Maharashtra,bajri,2015,Kharif Crops,1275.0,1,not found,,38.0,
2016-05-01,Mangalwedha,bajri,2016,May,1,1800,1800,1800,Solapur,Maharashtra,bajri,2016,Kharif Crops,1330.0,1,not found,,470.0,
2014-11-01,Mangalwedha,bajri,2014,November,308,1343,1471,1417,Solapur,Maharashtra,bajri,2014,Kharif Crops,1250.0,1,not found,,167.0,
2015-11-01,Mangalwedha,bajri,2015,November,103,1563,1563,1563,Solapur,Maharashtra,bajri,2015,Kharif Crops,1275.0,1,not found,,288.0,
2014-10-01,Mangalwedha,bajri,2014,October,98,1413,1534,1519,Solapur,Maharashtra,bajri,2014,Kharif Crops,1250.0,1,not found,,269.0,
2015-10-01,Mangalwedha,bajri,2015,October,25,1468,1610,1577,Solapur,Maharashtra,bajri,2015,Kharif Crops,1275.0,1,not found,,302.0,
2016-10-01,Mangalwedha,bajri,2016,October,652,1195,1421,1392,Solapur,Maharashtra,bajri,2016,Kharif Crops,1330.0,1,not found,,62.0,
2014-09-01,Mangalwedha,bajri,2014,September,12,1323,1362,1328,Solapur,Maharashtra,bajri,2014,Kharif Crops,1250.0,1,not found,,78.0,
2016-09-01,Mangalwedha,bajri,2016,September,220,1386,1547,1510,Solapur,Maharashtra,bajri,2016,Kharif Crops,1330.0,1,not found,,180.0,
2016-11-01,Mangalwedha,bajri,2016,November,177,1222,1432,1393,Solapur,Maharashtra,bajri,2016,Kharif Crops,1330.0,1,not found,,63.0,
