date,APMC,Commodity,Year,Month,arrivals_in_qtl,min_price,max_price,modal_price,district_name,state_name,commodity,year,Type,msprice,msp_filter,seasonality,deseasonal,Raw vs MSP diff,Desasonal vs MSP diff
2015-04-01,Dudhani,bajri,2015,April,99,1137,1179,1158,Solapur,Maharashtra,bajri,2015,Kharif Crops,1275.0,1,not found,,-117.0,
2016-04-01,Dudhani,bajri,2016,April,25,1606,1640,1637,Solapur,Maharashtra,bajri,2016,Kharif Crops,1330.0,1,not found,,307.0,
2016-08-01,Dudhani,bajri,2016,August,208,1435,1594,1545,Solapur,Maharashtra,bajri,2016,Kharif Crops,1330.0,1,not found,,215.0,
2014-12-01,Dudhani,bajri,2014,December,2829,1130,1511,1371,Solapur,Maharashtra,bajri,2014,Kharif Crops,1250.0,1,not found,,121.0,
2015-12-01,Dudhani,bajri,2015,December,189,1403,1557,1527,Solapur,Maharashtra,bajri,2015,Kharif Crops,1275.0,1,not found,,252.0,
2015-02-01,Dudhani,bajri,2015,February,740,1153,1313,1254,Solapur,Maharashtra,bajri,2015,Kharif Crops,1275.0,1,not found,,-21.0,
2016-02-01,Dudhani,bajri,2016,February,24,1318,1419,1377,Solapur,Maharashtra,bajri,2016,Kharif Crops,1330.0,1,not found,,47.0,
2015-01-01,Dudhani,bajri,2015,January,2223,1162,1391,1325,Solapur,Maharashtra,bajri,2015,Kharif Crops,1275.0,1,not found,,50.0,
2016-01-01,Dudhani,bajri,2016,January,145,1421,1492,1466,Solapur,Maharashtra,bajri,2016,Kharif Crops,1330.0,1,not found,,136.0,
2016-07-01,Dudhani,bajri,2016,July,49,1598,1705,1658,Solapur,Maharashtra,bajri,2016,Kharif Crops,1330.0,1,not found,,328.0,
2015-06-01,Dudhani,bajri,2015,June,30,1114,1147,1126,Solapur,Maharashtra,bajri,2015,Kharif Crops,1275.0,1,not found,,-149.0,
2016-06-01,Dudhani,bajri,2016,June,104,1679,2721,1708,Solapur,Maharashtra,bajri,2016,Kharif Crops,1330.0,1,not found,,378.0,
2015-03-01,Dudhani,bajri,2015,March,110,1138,1207,1204,Solapur,Maharashtra,bajri,2015,Kharif Crops,1275.0,1,not found,,-71.0,
2016-03-01,Dudhani,bajri,2016,March,82,1510,1561,1554,Solapur,Maharashtra,bajri,2016,Kharif Crops,1330.0,1,not found,,224.0,
2015-05-01,Dudhani,bajri,2015,May,14,1113,1127,1127,Solapur,Maharashtra,bajri,2015,Kharif Crops,1275.0,1,not found,,-148.0,
2016-05-01,Dudhani,bajri,2016,May,52,1688,1756,1754,Solapur,Maharashtra,bajri,2016,Kharif Crops,1330.0,1,not found,,424.0,
2014-11-01,Dudhani,bajri,2014,November,7503,1129,1625,1458,Solapur,Maharashtra,bajri,2014,Kharif Crops,1250.0,1,not found,,208.0,
2015-11-01,Dudhani,bajri,2015,November,160,1500,1598,1554,Solapur,Maharashtra,bajri,2015,Kharif Crops,1275.0,1,not found,,279.0,
2014-10-01,Dudhani,bajri,2014,October,5950,1095,1505,1375,Solapur,Maharashtra,bajri,2014,Kharif Crops,1250.0,1,not found,,125.0,
2015-10-01,Dudhani,bajri,2015,October,93,1263,1371,1303,Solapur,Maharashtra,bajri,2015,Kharif Crops,1275.0,1,not found,,28.0,
2016-10-01,Dudhani,bajri,2016,October,17057,1218,1843,1655,Solapur,Maharashtra,bajri,2016,Kharif Crops,1330.0,1,not found,,325.0,
2014-09-01,Dudhani,bajri,2014,September,48,1068,1115,1106,Solapur,Maharashtra,bajri,2014,Kharif Crops,1250.0,1,not found,,-144.0,
2015-09-01,Dudhani,bajri,2015,September,13,1305,1305,1305,Solapur,Maharashtra,bajri,2015,Kharif Crops,1275.0,1,not found,,30.0,
2016-09-01,Dudhani,bajri,2016,September,1708,1370,1672,1586,Solapur,Maharashtra,bajri,2016,Kharif Crops,1330.0,1,not found,,256.0,
2016-11-01,Dudhani,bajri,2016,November,1622,1250,1830,1611,Solapur,Maharashtra,bajri,2016,Kharif Crops,1330.0,1,not found,,281.0,
