date,APMC,Commodity,Year,Month,arrivals_in_qtl,min_price,max_price,modal_price,district_name,state_name,commodity,year,Type,msprice,msp_filter,seasonality,deseasonal,Peak seasonal price fluctuation %,Raw vs MSP diff,Desasonal vs MSP diff
2015-04-01,Akola,bajri,2015,April,9,1350,1350,1350,Akola,Maharashtra,bajri,2015,Kharif Crops,1275.0,1,additive,,26.299986351849316,75.0,
2015-08-01,Akola,bajri,2015,August,10,1200,1250,1225,Akola,Maharashtra,bajri,2015,Kharif Crops,1275.0,1,additive,1445.75,26.299986351849316,-50.0,170.75
2016-08-01,Akola,bajri,2016,August,11,1940,2025,1983,Akola,Maharashtra,bajri,2016,Kharif Crops,1330.0,1,additive,1720.75,26.299986351849316,653.0,390.75
2015-12-01,Akola,bajri,2015,December,138,1567,1794,1692,Akola,Maharashtra,bajri,2015,Kharif Crops,1275.0,1,additive,1736.75,26.299986351849316,417.0,461.75
2016-02-01,Akola,bajri,2016,February,11,1575,1600,1580,Akola,Maharashtra,bajri,2016,Kharif Crops,1330.0,1,additive,1626.75,26.299986351849316,250.0,296.75
2016-01-01,Akola,bajri,2016,January,85,1563,1793,1655,Akola,Maharashtra,bajri,2016,Kharif Crops,1330.0,1,additive,1541.25,26.299986351849316,325.0,211.25
2015-07-01,Akola,bajri,2015,July,12,1275,1275,1275,Akola,Maharashtra,bajri,2015,Kharif Crops,1275.0,1,additive,1488.75,26.299986351849316,0.0,213.75
2016-06-01,Akola,bajri,2016,June,29,1750,1750,1750,Akola,Maharashtra,bajri,2016,Kharif Crops,1330.0,1,additive,1618.75,26.299986351849316,420.0,288.75
2015-03-01,Akola,bajri,2015,March,3,1700,1700,1700,Akola,Maharashtra,bajri,2015,Kharif Crops,1275.0,1,additive,1731.25,26.299986351849316,425.0,456.25
2016-03-01,Akola,bajri,2016,March,10,1650,1900,1775,Akola,Maharashtra,bajri,2016,Kharif Crops,1330.0,1,additive,1733.25,26.299986351849316,445.0,403.25
2015-11-01,Akola,bajri,2015,November,50,1531,1825,1683,Akola,Maharashtra,bajri,2015,Kharif Crops,1275.0,1,additive,1610.25,26.299986351849316,408.0,335.25
2015-09-01,Akola,bajri,2015,September,20,1000,1300,1300,Akola,Maharashtra,bajri,2015,Kharif Crops,1275.0,1,additive,1370.75,26.299986351849316,25.0,95.75
2016-09-01,Akola,bajri,2016,September,9,1200,1200,1200,Akola,Maharashtra,bajri,2016,Kharif Crops,1330.0,1,additive,1378.25,26.299986351849316,-130.0,48.25
2016-11-01,Akola,bajri,2016,November,29,1738,1888,1813,Akola,Maharashtra,bajri,2016,Kharif Crops,1330.0,1,additive,,26.299986351849316,483.0,
