date,APMC,Commodity,Year,Month,arrivals_in_qtl,min_price,max_price,modal_price,district_name,state_name,commodity,year,Type,msprice,msp_filter,seasonality,deseasonal
2016-04-01,Pusad,batbati,2016,April,3,4893,4893,4893,Yewatmal,Maharashtra,,,,,,not found,
2016-08-01,Pusad,batbati,2016,August,1,4200,4200,4200,Yewatmal,Maharashtra,,,,,,not found,
2015-12-01,Pusad,batbati,2015,December,2,5018,5018,5018,Yewatmal,Maharashtra,,,,,,not found,
2016-07-01,Pusad,batbati,2016,July,1,5700,5700,5700,Yewatmal,Maharashtra,,,,,,not found,
2016-06-01,Pusad,batbati,2016,June,2,5300,5300,5300,Yewatmal,Maharashtra,,,,,,not found,
2016-05-01,Pusad,batbati,2016,May,1,5100,5100,5100,Yewatmal,Maharashtra,,,,,,not found,
2014-11-01,Pusad,batbati,2014,November,1,3900,3900,3900,Yewatmal,Maharashtra,,,,,,not found,
2014-10-01,Pusad,batbati,2014,October,1,3925,3925,3925,Yewatmal,Maharashtra,,,,,,not found,
2016-10-01,Pusad,batbati,2016,October,7,5589,5684,5684,Yewatmal,Maharashtra,,,,,,not found,
2015-09-01,Pusad,batbati,2015,September,4,4193,4193,4193,Yewatmal,Maharashtra,,,,,,not found,
2016-09-01,Pusad,batbati,2016,September,14,4317,5116,5116,Yewatmal,Maharashtra,,,,,,not found,
