date,APMC,Commodity,Year,Month,arrivals_in_qtl,min_price,max_price,modal_price,district_name,state_name,commodity,year,Type,msprice,msp_filter,seasonality,deseasonal,Peak seasonal price fluctuation %
2016-04-01,Khed-Chakan,bitter gourd,2016,April,1074,3462,4288,3856,Pune,Maharashtra,,,,,,additive,,57.382721074590414
2016-08-01,Khed-Chakan,bitter gourd,2016,August,2968,1815,2650,2240,Pune,Maharashtra,,,,,,additive,2863.5,57.382721074590414
2015-12-01,Khed-Chakan,bitter gourd,2015,December,384,2887,3405,3118,Pune,Maharashtra,,,,,,additive,3210.25,57.382721074590414
2016-02-01,Khed-Chakan,bitter gourd,2016,February,625,3896,4813,4365,Pune,Maharashtra,,,,,,additive,4034.0,57.382721074590414
2016-01-01,Khed-Chakan,bitter gourd,2016,January,599,3820,4708,4288,Pune,Maharashtra,,,,,,additive,4444.75,57.382721074590414
2016-07-01,Khed-Chakan,bitter gourd,2016,July,1037,4280,5360,4838,Pune,Maharashtra,,,,,,additive,4759.5,57.382721074590414
2016-06-01,Khed-Chakan,bitter gourd,2016,June,982,4500,5644,5074,Pune,Maharashtra,,,,,,additive,4814.5,57.382721074590414
2016-03-01,Khed-Chakan,bitter gourd,2016,March,974,3778,4700,4272,Pune,Maharashtra,,,,,,additive,4150.75,57.382721074590414
2016-05-01,Khed-Chakan,bitter gourd,2016,May,940,2514,3482,2985,Pune,Maharashtra,,,,,,additive,2927.0,57.382721074590414
2016-10-01,Khed-Chakan,bitter gourd,2016,October,2025,1072,1860,1466,Pune,Maharashtra,,,,,,additive,1828.25,57.382721074590414
2016-09-01,Khed-Chakan,bitter gourd,2016,September,2199,1085,1715,1396,Pune,Maharashtra,,,,,,additive,1417.0,57.382721074590414
2016-11-01,Khed-Chakan,bitter gourd,2016,November,1533,1024,1828,1410,Pune,Maharashtra,,,,,,additive,,57.382721074590414
