date,APMC,Commodity,Year,Month,arrivals_in_qtl,min_price,max_price,modal_price,district_name,state_name,commodity,year,Type,msprice,msp_filter,seasonality,deseasonal
2014-12-01,Loha,black gram,2014,December,53,4684,4930,4755,Nanded,Maharashtra,,,,,,not found,
2015-12-01,Loha,black gram,2015,December,14,7854,8468,8325,Nanded,Maharashtra,,,,,,not found,
2014-11-01,Loha,black gram,2014,November,14,4861,5025,4983,Nanded,Maharashtra,,,,,,not found,
2014-10-01,Loha,black gram,2014,October,3,4651,4751,4660,Nanded,Maharashtra,,,,,,not found,
2015-10-01,Loha,black gram,2015,October,58,9233,11600,11000,Nanded,Maharashtra,,,,,,not found,
2015-09-01,Loha,black gram,2015,September,24,8200,8711,8511,Nanded,Maharashtra,,,,,,not found,
2016-11-01,Loha,black gram,2016,November,12,3400,6956,6551,Nanded,Maharashtra,,,,,,not found,
