date,APMC,Commodity,Year,Month,arrivals_in_qtl,min_price,max_price,modal_price,district_name,state_name,commodity,year,Type,msprice,msp_filter,seasonality,deseasonal,Peak seasonal price fluctuation %,Raw vs MSP diff,Desasonal vs MSP diff
2015-01-01,Balapur,bajri,2015,January,3,1100,1200,1150,Akola,Maharashtra,bajri,2015,Kharif Crops,1275.0,1,additive,,10.344827586206897,-125.0,
2015-06-01,Balapur,bajri,2015,June,3,1250,1250,1250,Akola,Maharashtra,bajri,2015,Kharif Crops,1275.0,1,additive,1231.25,10.344827586206897,-25.0,-43.75
2015-05-01,Balapur,bajri,2015,May,1,1250,1300,1275,Akola,Maharashtra,bajri,2015,Kharif Crops,1275.0,1,additive,1300.0,10.344827586206897,0.0,25.0
2015-11-01,Balapur,bajri,2015,November,4,1400,1400,1400,Akola,Maharashtra,bajri,2015,Kharif Crops,1275.0,1,additive,,10.344827586206897,125.0,
