date,APMC,Commodity,Year,Month,arrivals_in_qtl,min_price,max_price,modal_price,district_name,state_name,commodity,year,Type,msprice,msp_filter,seasonality,deseasonal,Peak seasonal price fluctuation %,Raw vs MSP diff,Desasonal vs MSP diff
2015-04-01,Amarawati,bajri,2015,April,48,1788,2063,1909,Amaravathi,Maharashtra,bajri,2015,Kharif Crops,1275.0,1,additive,,22.84985527183103,634.0,
2016-04-01,Amarawati,bajri,2016,April,113,1597,1863,1734,Amaravathi,Maharashtra,bajri,2016,Kharif Crops,1330.0,1,additive,1692.25,22.84985527183103,404.0,362.25
2015-08-01,Amarawati,bajri,2015,August,39,1323,1506,1392,Amaravathi,Maharashtra,bajri,2015,Kharif Crops,1275.0,1,additive,1634.5,22.84985527183103,117.0,359.5
2016-08-01,Amarawati,bajri,2016,August,30,1920,2120,2020,Amaravathi,Maharashtra,bajri,2016,Kharif Crops,1330.0,1,additive,1786.5,22.84985527183103,690.0,456.5
2015-12-01,Amarawati,bajri,2015,December,39,1610,1808,1714,Amaravathi,Maharashtra,bajri,2015,Kharif Crops,1275.0,1,additive,1805.25,22.84985527183103,439.0,530.25
2016-02-01,Amarawati,bajri,2016,February,60,1605,1945,1773,Amaravathi,Maharashtra,bajri,2016,Kharif Crops,1330.0,1,additive,1832.5,22.84985527183103,443.0,502.5
2016-01-01,Amarawati,bajri,2016,January,57,1944,2250,2070,Amaravathi,Maharashtra,bajri,2016,Kharif Crops,1330.0,1,additive,1828.5,22.84985527183103,740.0,498.5
2015-07-01,Amarawati,bajri,2015,July,24,1294,1550,1401,Amaravathi,Maharashtra,bajri,2015,Kharif Crops,1275.0,1,additive,1709.0,22.84985527183103,126.0,434.0
2016-07-01,Amarawati,bajri,2016,July,21,1814,2114,1964,Amaravathi,Maharashtra,bajri,2016,Kharif Crops,1330.0,1,additive,1735.0,22.84985527183103,634.0,405.0
2015-06-01,Amarawati,bajri,2015,June,54,1469,1754,1611,Amaravathi,Maharashtra,bajri,2015,Kharif Crops,1275.0,1,additive,1770.25,22.84985527183103,336.0,495.25
2016-06-01,Amarawati,bajri,2016,June,83,1788,2002,1895,Amaravathi,Maharashtra,bajri,2016,Kharif Crops,1330.0,1,additive,1742.5,22.84985527183103,565.0,412.5
2016-03-01,Amarawati,bajri,2016,March,39,1427,1712,1569,Amaravathi,Maharashtra,bajri,2016,Kharif Crops,1330.0,1,additive,1744.25,22.84985527183103,239.0,414.25
2015-05-01,Amarawati,bajri,2015,May,72,1802,2096,1944,Amaravathi,Maharashtra,bajri,2015,Kharif Crops,1275.0,1,additive,1820.75,22.84985527183103,669.0,545.75
2016-05-01,Amarawati,bajri,2016,May,175,1640,2011,1826,Amaravathi,Maharashtra,bajri,2016,Kharif Crops,1330.0,1,additive,1742.25,22.84985527183103,496.0,412.25
2015-11-01,Amarawati,bajri,2015,November,18,1300,1533,1373,Amaravathi,Maharashtra,bajri,2015,Kharif Crops,1275.0,1,additive,1479.5,22.84985527183103,98.0,204.5
2015-10-01,Amarawati,bajri,2015,October,57,1297,1470,1346,Amaravathi,Maharashtra,bajri,2015,Kharif Crops,1275.0,1,additive,1509.25,22.84985527183103,71.0,234.25
2016-10-01,Amarawati,bajri,2016,October,60,1853,2092,1972,Amaravathi,Maharashtra,bajri,2016,Kharif Crops,1330.0,1,additive,1661.25,22.84985527183103,642.0,331.25
2015-09-01,Amarawati,bajri,2015,September,51,1303,1485,1355,Amaravathi,Maharashtra,bajri,2015,Kharif Crops,1275.0,1,additive,1684.0,22.84985527183103,80.0,409.0
2016-09-01,Amarawati,bajri,2016,September,54,1958,2150,2054,Amaravathi,Maharashtra,bajri,2016,Kharif Crops,1330.0,1,additive,1858.5,22.84985527183103,724.0,528.5
2016-11-01,Amarawati,bajri,2016,November,57,1821,2118,1971,Amaravathi,Maharashtra,bajri,2016,Kharif Crops,1330.0,1,additive,,22.84985527183103,641.0,
