date,APMC,Commodity,Year,Month,arrivals_in_qtl,min_price,max_price,modal_price,district_name,state_name,commodity,year,Type,msprice,msp_filter,seasonality,deseasonal,Raw vs MSP diff,Desasonal vs MSP diff
2015-04-01,Jamkhed,bajri,2015,April,164,1304,1446,1375,Ahmadnagar,Maharashtra,bajri,2015,Kharif Crops,1275.0,1,not found,,100.0,
2016-04-01,Jamkhed,bajri,2016,April,45,1513,1742,1627,Ahmadnagar,Maharashtra,bajri,2016,Kharif Crops,1330.0,1,not found,,297.0,
2015-08-01,Jamkhed,bajri,2015,August,63,1413,1557,1485,Ahmadnagar,Maharashtra,bajri,2015,Kharif Crops,1275.0,1,not found,,210.0,
2016-08-01,Jamkhed,bajri,2016,August,136,1508,1817,1663,Ahmadnagar,Maharashtra,bajri,2016,Kharif Crops,1330.0,1,not found,,333.0,
2014-12-01,Jamkhed,bajri,2014,December,846,1300,1488,1394,Ahmadnagar,Maharashtra,bajri,2014,Kharif Crops,1250.0,1,not found,,144.0,
2015-12-01,Jamkhed,bajri,2015,December,370,1600,1833,1716,Ahmadnagar,Maharashtra,bajri,2015,Kharif Crops,1275.0,1,not found,,441.0,
2015-02-01,Jamkhed,bajri,2015,February,263,1300,1453,1376,Ahmadnagar,Maharashtra,bajri,2015,Kharif Crops,1275.0,1,not found,,101.0,
2016-02-01,Jamkhed,bajri,2016,February,76,1425,1578,1502,Ahmadnagar,Maharashtra,bajri,2016,Kharif Crops,1330.0,1,not found,,172.0,
2015-01-01,Jamkhed,bajri,2015,January,730,1300,1488,1394,Ahmadnagar,Maharashtra,bajri,2015,Kharif Crops,1275.0,1,not found,,119.0,
2016-01-01,Jamkhed,bajri,2016,January,160,1428,1645,1536,Ahmadnagar,Maharashtra,bajri,2016,Kharif Crops,1330.0,1,not found,,206.0,
2015-07-01,Jamkhed,bajri,2015,July,98,1359,1503,1431,Ahmadnagar,Maharashtra,bajri,2015,Kharif Crops,1275.0,1,not found,,156.0,
2016-07-01,Jamkhed,bajri,2016,July,25,1620,1920,1770,Ahmadnagar,Maharashtra,bajri,2016,Kharif Crops,1330.0,1,not found,,440.0,
2015-06-01,Jamkhed,bajri,2015,June,268,1300,1445,1372,Ahmadnagar,Maharashtra,bajri,2015,Kharif Crops,1275.0,1,not found,,97.0,
2016-06-01,Jamkhed,bajri,2016,June,82,1532,1807,1670,Ahmadnagar,Maharashtra,bajri,2016,Kharif Crops,1330.0,1,not found,,340.0,
2015-03-01,Jamkhed,bajri,2015,March,197,1300,1450,1375,Ahmadnagar,Maharashtra,bajri,2015,Kharif Crops,1275.0,1,not found,,100.0,
2016-03-01,Jamkhed,bajri,2016,March,43,1408,1558,1483,Ahmadnagar,Maharashtra,bajri,2016,Kharif Crops,1330.0,1,not found,,153.0,
2015-05-01,Jamkhed,bajri,2015,May,174,1300,1450,1375,Ahmadnagar,Maharashtra,bajri,2015,Kharif Crops,1275.0,1,not found,,100.0,
2016-05-01,Jamkhed,bajri,2016,May,68,1486,1814,1650,Ahmadnagar,Maharashtra,bajri,2016,Kharif Crops,1330.0,1,not found,,320.0,
2014-11-01,Jamkhed,bajri,2014,November,1877,1318,1503,1411,Ahmadnagar,Maharashtra,bajri,2014,Kharif Crops,1250.0,1,not found,,161.0,
2015-11-01,Jamkhed,bajri,2015,November,171,1486,1633,1560,Ahmadnagar,Maharashtra,bajri,2015,Kharif Crops,1275.0,1,not found,,285.0,
2014-10-01,Jamkhed,bajri,2014,October,2554,1329,1503,1416,Ahmadnagar,Maharashtra,bajri,2014,Kharif Crops,1250.0,1,not found,,166.0,
2015-10-01,Jamkhed,bajri,2015,October,258,1438,1602,1520,Ahmadnagar,Maharashtra,bajri,2015,Kharif Crops,1275.0,1,not found,,245.0,
2014-09-01,Jamkhed,bajri,2014,September,410,1302,1498,1400,Ahmadnagar,Maharashtra,bajri,2014,Kharif Crops,1250.0,1,not found,,150.0,
2015-09-01,Jamkhed,bajri,2015,September,188,1457,1617,1537,Ahmadnagar,Maharashtra,bajri,2015,Kharif Crops,1275.0,1,not found,,262.0,
2016-09-01,Jamkhed,bajri,2016,September,213,1493,1697,1595,Ahmadnagar,Maharashtra,bajri,2016,Kharif Crops,1330.0,1,not found,,265.0,
