date,APMC,Commodity,Year,Month,arrivals_in_qtl,min_price,max_price,modal_price,district_name,state_name,commodity,year,Type,msprice,msp_filter,seasonality,deseasonal
2016-08-01,Yeotmal,black gram,2016,August,1,6000,6000,6000,Yewatmal,Maharashtra,,,,,,not found,
2014-12-01,Yeotmal,black gram,2014,December,4,4840,4840,4840,Yewatmal,Maharashtra,,,,,,not found,
2015-12-01,Yeotmal,black gram,2015,December,2,8252,8252,8252,Yewatmal,Maharashtra,,,,,,not found,
2015-06-01,Yeotmal,black gram,2015,June,2,6680,6680,6680,Yewatmal,Maharashtra,,,,,,not found,
2016-06-01,Yeotmal,black gram,2016,June,3,10720,10720,10720,Yewatmal,Maharashtra,,,,,,not found,
2016-05-01,Yeotmal,black gram,2016,May,2,8100,8100,8100,Yewatmal,Maharashtra,,,,,,not found,
2014-11-01,Yeotmal,black gram,2014,November,1,5022,5022,5022,Yewatmal,Maharashtra,,,,,,not found,
2015-11-01,Yeotmal,black gram,2015,November,5,8647,8647,8647,Yewatmal,Maharashtra,,,,,,not found,
2014-10-01,Yeotmal,black gram,2014,October,25,4620,4784,4672,Yewatmal,Maharashtra,,,,,,not found,
2016-10-01,Yeotmal,black gram,2016,October,399,5846,6375,6138,Yewatmal,Maharashtra,,,,,,not found,
2015-09-01,Yeotmal,black gram,2015,September,4,7580,7580,7580,Yewatmal,Maharashtra,,,,,,not found,
2016-09-01,Yeotmal,black gram,2016,September,264,6496,6693,6598,Yewatmal,Maharashtra,,,,,,not found,
2016-11-01,Yeotmal,black gram,2016,November,7,5533,5533,5533,Yewatmal,Maharashtra,,,,,,not found,
