date,APMC,Commodity,Year,Month,arrivals_in_qtl,min_price,max_price,modal_price,district_name,state_name,commodity,year,Type,msprice,msp_filter,seasonality,deseasonal,Peak seasonal price fluctuation %
2015-08-01,Aurangabad,apple,2015,August,3545,5200,8500,6850,Aurangabad,Maharashtra,,,,,,additive,,22.633894484238084
2016-08-01,Aurangabad,apple,2016,August,1795,6682,10182,8432,Aurangabad,Maharashtra,,,,,,additive,7678.5,22.633894484238084
2014-12-01,Aurangabad,apple,2014,December,802,5200,8800,7000,Aurangabad,Maharashtra,,,,,,additive,7176.25,22.633894484238084
2015-12-01,Aurangabad,apple,2015,December,1843,4636,7909,6273,Aurangabad,Maharashtra,,,,,,additive,6761.5,22.633894484238084
2016-02-01,Aurangabad,apple,2016,February,200,3300,9000,7500,Aurangabad,Maharashtra,,,,,,additive,7005.75,22.633894484238084
2016-01-01,Aurangabad,apple,2016,January,1501,5125,8375,6750,Aurangabad,Maharashtra,,,,,,additive,7000.0,22.633894484238084
2016-03-01,Aurangabad,apple,2016,March,100,5000,9000,7000,Aurangabad,Maharashtra,,,,,,additive,6725.0,22.633894484238084
2014-11-01,Aurangabad,apple,2014,November,1450,4500,7800,6150,Aurangabad,Maharashtra,,,,,,additive,6408.25,22.633894484238084
2015-11-01,Aurangabad,apple,2015,November,1800,5000,7667,6333,Aurangabad,Maharashtra,,,,,,additive,6324.5,22.633894484238084
2014-10-01,Aurangabad,apple,2014,October,1485,4893,8071,6482,Aurangabad,Maharashtra,,,,,,additive,6526.25,22.633894484238084
2015-10-01,Aurangabad,apple,2015,October,2694,5269,8346,6808,Aurangabad,Maharashtra,,,,,,additive,6585.0,22.633894484238084
2016-10-01,Aurangabad,apple,2016,October,4995,4442,8042,6242,Aurangabad,Maharashtra,,,,,,additive,6506.5,22.633894484238084
2014-09-01,Aurangabad,apple,2014,September,2472,5188,8281,6734,Aurangabad,Maharashtra,,,,,,additive,6446.5,22.633894484238084
2015-09-01,Aurangabad,apple,2015,September,4106,4738,7414,6076,Aurangabad,Maharashtra,,,,,,additive,6726.25,22.633894484238084
2016-09-01,Aurangabad,apple,2016,September,2694,6000,10038,8019,Aurangabad,Maharashtra,,,,,,additive,7369.25,22.633894484238084
2016-11-01,Aurangabad,apple,2016,November,1897,6125,8600,7363,Aurangabad,Maharashtra,,,,,,additive,,22.633894484238084
