date,APMC,Commodity,Year,Month,arrivals_in_qtl,min_price,max_price,modal_price,district_name,state_name,commodity,year,Type,msprice,msp_filter,seasonality,deseasonal
2015-04-01,Aurangabad,bitter gourd,2015,April,204,1774,2468,2126,Aurangabad,Maharashtra,,,,,,not found,
2016-04-01,Aurangabad,bitter gourd,2016,April,73,2929,3943,3436,Aurangabad,Maharashtra,,,,,,not found,
2015-08-01,Aurangabad,bitter gourd,2015,August,426,1700,2277,1991,Aurangabad,Maharashtra,,,,,,not found,
2016-08-01,Aurangabad,bitter gourd,2016,August,712,1233,1963,1628,Aurangabad,Maharashtra,,,,,,not found,
2014-12-01,Aurangabad,bitter gourd,2014,December,196,2605,3280,2963,Aurangabad,Maharashtra,,,,,,not found,
2015-12-01,Aurangabad,bitter gourd,2015,December,148,2115,2700,2408,Aurangabad,Maharashtra,,,,,,not found,
2015-02-01,Aurangabad,bitter gourd,2015,February,9,3250,3750,3500,Aurangabad,Maharashtra,,,,,,not found,
2016-02-01,Aurangabad,bitter gourd,2016,February,44,2830,3490,3160,Aurangabad,Maharashtra,,,,,,not found,
2015-01-01,Aurangabad,bitter gourd,2015,January,61,3150,3900,3525,Aurangabad,Maharashtra,,,,,,not found,
2016-01-01,Aurangabad,bitter gourd,2016,January,53,2818,3391,3091,Aurangabad,Maharashtra,,,,,,not found,
2015-07-01,Aurangabad,bitter gourd,2015,July,407,1545,2300,1923,Aurangabad,Maharashtra,,,,,,not found,
2016-07-01,Aurangabad,bitter gourd,2016,July,438,2808,3554,3181,Aurangabad,Maharashtra,,,,,,not found,
2015-06-01,Aurangabad,bitter gourd,2015,June,294,2078,2917,2492,Aurangabad,Maharashtra,,,,,,not found,
2016-06-01,Aurangabad,bitter gourd,2016,June,969,2042,2913,2477,Aurangabad,Maharashtra,,,,,,not found,
2015-03-01,Aurangabad,bitter gourd,2015,March,113,2872,3461,3167,Aurangabad,Maharashtra,,,,,,not found,
2016-03-01,Aurangabad,bitter gourd,2016,March,34,3313,4313,3813,Aurangabad,Maharashtra,,,,,,not found,
2015-05-01,Aurangabad,bitter gourd,2015,May,197,1859,2435,2138,Aurangabad,Maharashtra,,,,,,not found,
2016-05-01,Aurangabad,bitter gourd,2016,May,529,1983,2613,2298,Aurangabad,Maharashtra,,,,,,not found,
2014-11-01,Aurangabad,bitter gourd,2014,November,545,1490,2076,1783,Aurangabad,Maharashtra,,,,,,not found,
2015-11-01,Aurangabad,bitter gourd,2015,November,259,1219,1848,1533,Aurangabad,Maharashtra,,,,,,not found,
2014-10-01,Aurangabad,bitter gourd,2014,October,819,848,1378,1113,Aurangabad,Maharashtra,,,,,,not found,
2015-10-01,Aurangabad,bitter gourd,2015,October,488,1284,1864,1574,Aurangabad,Maharashtra,,,,,,not found,
2016-10-01,Aurangabad,bitter gourd,2016,October,561,804,1184,994,Aurangabad,Maharashtra,,,,,,not found,
2014-09-01,Aurangabad,bitter gourd,2014,September,450,2072,2552,2306,Aurangabad,Maharashtra,,,,,,not found,
2015-09-01,Aurangabad,bitter gourd,2015,September,631,877,1150,1014,Aurangabad,Maharashtra,,,,,,not found,
2016-09-01,Aurangabad,bitter gourd,2016,September,714,708,940,824,Aurangabad,Maharashtra,,,,,,not found,
2016-11-01,Aurangabad,bitter gourd,2016,November,441,1136,1684,1410,Aurangabad,Maharashtra,,,,,,not found,
