date,APMC,Commodity,Year,Month,arrivals_in_qtl,min_price,max_price,modal_price,district_name,state_name,commodity,year,Type,msprice,msp_filter,seasonality,deseasonal,Raw vs MSP diff,Desasonal vs MSP diff
2016-08-01,Shrirampur-Belapur,bajri,2016,August,5,1756,1756,1756,Ahmadnagar,Maharashtra,bajri,2016,Kharif Crops,1330.0,1,not found,,426.0,
2015-12-01,Shrirampur-Belapur,bajri,2015,December,33,1325,1325,1325,Ahmadnagar,Maharashtra,bajri,2015,Kharif Crops,1275.0,1,not found,,50.0,
2016-02-01,Shrirampur-Belapur,bajri,2016,February,1,1400,1400,1400,Ahmadnagar,Maharashtra,bajri,2016,Kharif Crops,1330.0,1,not found,,70.0,
2016-01-01,Shrirampur-Belapur,bajri,2016,January,4,1300,1300,1300,Ahmadnagar,Maharashtra,bajri,2016,Kharif Crops,1330.0,1,not found,,-30.0,
2016-07-01,Shrirampur-Belapur,bajri,2016,July,2,1500,1500,1500,Ahmadnagar,Maharashtra,bajri,2016,Kharif Crops,1330.0,1,not found,,170.0,
2016-06-01,Shrirampur-Belapur,bajri,2016,June,3,1500,1500,1500,Ahmadnagar,Maharashtra,bajri,2016,Kharif Crops,1330.0,1,not found,,170.0,
2015-11-01,Shrirampur-Belapur,bajri,2015,November,3,1200,1200,1200,Ahmadnagar,Maharashtra,bajri,2015,Kharif Crops,1275.0,1,not found,,-75.0,
2015-10-01,Shrirampur-Belapur,bajri,2015,October,12,1367,1367,1367,Ahmadnagar,Maharashtra,bajri,2015,Kharif Crops,1275.0,1,not found,,92.0,
2016-10-01,Shrirampur-Belapur,bajri,2016,October,1263,1041,1247,1144,Ahmadnagar,Maharashtra,bajri,2016,Kharif Crops,1330.0,1,not found,,-186.0,
2015-09-01,Shrirampur-Belapur,bajri,2015,September,5,1250,1250,1250,Ahmadnagar,Maharashtra,bajri,2015,Kharif Crops,1275.0,1,not found,,-25.0,
2016-11-01,Shrirampur-Belapur,bajri,2016,November,648,1078,1189,1133,Ahmadnagar,Maharashtra,bajri,2016,Kharif Crops,1330.0,1,not found,,-197.0,
