date,APMC,Commodity,Year,Month,arrivals_in_qtl,min_price,max_price,modal_price,district_name,state_name,commodity,year,Type,msprice,msp_filter,seasonality,deseasonal,Peak seasonal price fluctuation %,Raw vs MSP diff,Desasonal vs MSP diff
2015-04-01,Kalamb (Os),bajri,2015,April,37,1372,1527,1492,Osmanabad,Maharashtra,bajri,2015,Kharif Crops,1275.0,1,additive,,19.41564811623406,217.0,
2016-04-01,Kalamb (Os),bajri,2016,April,57,1393,1492,1448,Osmanabad,Maharashtra,bajri,2016,Kharif Crops,1330.0,1,additive,1510.25,19.41564811623406,118.0,180.25
2015-08-01,Kalamb (Os),bajri,2015,August,8,1653,1653,1653,Osmanabad,Maharashtra,bajri,2015,Kharif Crops,1275.0,1,additive,1583.75,19.41564811623406,378.0,308.75
2016-08-01,Kalamb (Os),bajri,2016,August,57,1524,1622,1581,Osmanabad,Maharashtra,bajri,2016,Kharif Crops,1330.0,1,additive,1587.0,19.41564811623406,251.0,257.0
2014-12-01,Kalamb (Os),bajri,2014,December,113,1393,1591,1533,Osmanabad,Maharashtra,bajri,2014,Kharif Crops,1250.0,1,additive,1525.0,19.41564811623406,283.0,275.0
2015-12-01,Kalamb (Os),bajri,2015,December,212,1290,1548,1453,Osmanabad,Maharashtra,bajri,2015,Kharif Crops,1275.0,1,additive,1477.5,19.41564811623406,178.0,202.5
2015-02-01,Kalamb (Os),bajri,2015,February,27,1428,1471,1471,Osmanabad,Maharashtra,bajri,2015,Kharif Crops,1275.0,1,additive,1443.75,19.41564811623406,196.0,168.75
2016-02-01,Kalamb (Os),bajri,2016,February,95,1328,1419,1380,Osmanabad,Maharashtra,bajri,2016,Kharif Crops,1330.0,1,additive,1442.25,19.41564811623406,50.0,112.25
2015-01-01,Kalamb (Os),bajri,2015,January,94,1448,1558,1538,Osmanabad,Maharashtra,bajri,2015,Kharif Crops,1275.0,1,additive,1467.5,19.41564811623406,263.0,192.5
2016-01-01,Kalamb (Os),bajri,2016,January,85,1358,1466,1414,Osmanabad,Maharashtra,bajri,2016,Kharif Crops,1330.0,1,additive,1407.0,19.41564811623406,84.0,77.0
2015-07-01,Kalamb (Os),bajri,2015,July,12,1248,1262,1262,Osmanabad,Maharashtra,bajri,2015,Kharif Crops,1275.0,1,additive,1394.0,19.41564811623406,-13.0,119.0
2016-07-01,Kalamb (Os),bajri,2016,July,7,1538,1675,1638,Osmanabad,Maharashtra,bajri,2016,Kharif Crops,1330.0,1,additive,1446.25,19.41564811623406,308.0,116.25
2015-06-01,Kalamb (Os),bajri,2015,June,51,1208,1280,1247,Osmanabad,Maharashtra,bajri,2015,Kharif Crops,1275.0,1,additive,1461.75,19.41564811623406,-28.0,186.75
2016-06-01,Kalamb (Os),bajri,2016,June,44,1656,1773,1715,Osmanabad,Maharashtra,bajri,2016,Kharif Crops,1330.0,1,additive,1540.75,19.41564811623406,385.0,210.75
2015-03-01,Kalamb (Os),bajri,2015,March,23,1454,1489,1486,Osmanabad,Maharashtra,bajri,2015,Kharif Crops,1275.0,1,additive,1536.25,19.41564811623406,211.0,261.25
2016-03-01,Kalamb (Os),bajri,2016,March,49,1345,1503,1458,Osmanabad,Maharashtra,bajri,2016,Kharif Crops,1330.0,1,additive,1434.0,19.41564811623406,128.0,104.0
2015-05-01,Kalamb (Os),bajri,2015,May,49,1300,1406,1334,Osmanabad,Maharashtra,bajri,2015,Kharif Crops,1275.0,1,additive,1432.0,19.41564811623406,59.0,157.0
2016-05-01,Kalamb (Os),bajri,2016,May,52,1566,1619,1602,Osmanabad,Maharashtra,bajri,2016,Kharif Crops,1330.0,1,additive,1541.5,19.41564811623406,272.0,211.5
2014-11-01,Kalamb (Os),bajri,2014,November,247,1429,1721,1628,Osmanabad,Maharashtra,bajri,2014,Kharif Crops,1250.0,1,additive,1558.0,19.41564811623406,378.0,308.0
2014-10-01,Kalamb (Os),bajri,2014,October,60,1347,1374,1374,Osmanabad,Maharashtra,bajri,2014,Kharif Crops,1250.0,1,additive,1449.75,19.41564811623406,124.0,199.75
2015-10-01,Kalamb (Os),bajri,2015,October,88,1356,1469,1423,Osmanabad,Maharashtra,bajri,2015,Kharif Crops,1275.0,1,additive,1365.75,19.41564811623406,148.0,90.75
2016-10-01,Kalamb (Os),bajri,2016,October,323,1171,1397,1243,Osmanabad,Maharashtra,bajri,2016,Kharif Crops,1330.0,1,additive,1286.75,19.41564811623406,-87.0,-43.25
2014-09-01,Kalamb (Os),bajri,2014,September,46,1161,1265,1238,Osmanabad,Maharashtra,bajri,2014,Kharif Crops,1250.0,1,additive,1301.75,19.41564811623406,-12.0,51.75
2015-09-01,Kalamb (Os),bajri,2015,September,29,1442,1494,1488,Osmanabad,Maharashtra,bajri,2015,Kharif Crops,1275.0,1,additive,1415.75,19.41564811623406,213.0,140.75
2016-09-01,Kalamb (Os),bajri,2016,September,143,1391,1539,1449,Osmanabad,Maharashtra,bajri,2016,Kharif Crops,1330.0,1,additive,1388.75,19.41564811623406,119.0,58.75
2016-11-01,Kalamb (Os),bajri,2016,November,225,1082,1298,1169,Osmanabad,Maharashtra,bajri,2016,Kharif Crops,1330.0,1,additive,,19.41564811623406,-161.0,
