date,APMC,Commodity,Year,Month,arrivals_in_qtl,min_price,max_price,modal_price,district_name,state_name,commodity,year,Type,msprice,msp_filter,seasonality,deseasonal,Peak seasonal price fluctuation %
2016-08-01,Nashik,banana,2016,August,1399,908,2038,1431,Nasik,Maharashtra,,,,,,additive,,14.960394559856523
2016-10-01,Nashik,banana,2016,October,993,1264,2618,1923,Nasik,Maharashtra,,,,,,additive,1734.25,14.960394559856523
2016-09-01,Nashik,banana,2016,September,1867,1024,2255,1660,Nasik,Maharashtra,,,,,,additive,1730.0,14.960394559856523
2016-11-01,Nashik,banana,2016,November,645,1069,2408,1677,Nasik,Maharashtra,,,,,,additive,,14.960394559856523
