date,APMC,Commodity,Year,Month,arrivals_in_qtl,min_price,max_price,modal_price,district_name,state_name,commodity,year,Type,msprice,msp_filter,seasonality,deseasonal,Raw vs MSP diff,Desasonal vs MSP diff
2015-04-01,Umarga,bajri,2015,April,2,1130,1130,1130,Osmanabad,Maharashtra,bajri,2015,Kharif Crops,1275.0,1,not found,,-145.0,
2016-04-01,Umarga,bajri,2016,April,9,1401,1437,1424,Osmanabad,Maharashtra,bajri,2016,Kharif Crops,1330.0,1,not found,,94.0,
2015-08-01,Umarga,bajri,2015,August,5,1400,1400,1400,Osmanabad,Maharashtra,bajri,2015,Kharif Crops,1275.0,1,not found,,125.0,
2016-08-01,Umarga,bajri,2016,August,12,1316,1396,1336,Osmanabad,Maharashtra,bajri,2016,Kharif Crops,1330.0,1,not found,,6.0,
2014-12-01,Umarga,bajri,2014,December,112,1060,1196,1130,Osmanabad,Maharashtra,bajri,2014,Kharif Crops,1250.0,1,not found,,-120.0,
2015-12-01,Umarga,bajri,2015,December,171,1239,1444,1360,Osmanabad,Maharashtra,bajri,2015,Kharif Crops,1275.0,1,not found,,85.0,
2015-02-01,Umarga,bajri,2015,February,15,1124,1160,1140,Osmanabad,Maharashtra,bajri,2015,Kharif Crops,1275.0,1,not found,,-135.0,
2016-02-01,Umarga,bajri,2016,February,18,1228,1280,1228,Osmanabad,Maharashtra,bajri,2016,Kharif Crops,1330.0,1,not found,,-102.0,
2015-01-01,Umarga,bajri,2015,January,87,1145,1227,1181,Osmanabad,Maharashtra,bajri,2015,Kharif Crops,1275.0,1,not found,,-94.0,
2016-01-01,Umarga,bajri,2016,January,62,1298,1386,1325,Osmanabad,Maharashtra,bajri,2016,Kharif Crops,1330.0,1,not found,,-5.0,
2015-07-01,Umarga,bajri,2015,July,6,1017,1017,1017,Osmanabad,Maharashtra,bajri,2015,Kharif Crops,1275.0,1,not found,,-258.0,
2015-06-01,Umarga,bajri,2015,June,4,1000,1100,1000,Osmanabad,Maharashtra,bajri,2015,Kharif Crops,1275.0,1,not found,,-275.0,
2016-06-01,Umarga,bajri,2016,June,16,1470,1504,1470,Osmanabad,Maharashtra,bajri,2016,Kharif Crops,1330.0,1,not found,,140.0,
2015-03-01,Umarga,bajri,2015,March,3,1100,1100,1100,Osmanabad,Maharashtra,bajri,2015,Kharif Crops,1275.0,1,not found,,-175.0,
2016-03-01,Umarga,bajri,2016,March,9,1221,1271,1246,Osmanabad,Maharashtra,bajri,2016,Kharif Crops,1330.0,1,not found,,-84.0,
2015-05-01,Umarga,bajri,2015,May,5,1200,1295,1200,Osmanabad,Maharashtra,bajri,2015,Kharif Crops,1275.0,1,not found,,-75.0,
2014-11-01,Umarga,bajri,2014,November,322,1145,1315,1182,Osmanabad,Maharashtra,bajri,2014,Kharif Crops,1250.0,1,not found,,-68.0,
2015-11-01,Umarga,bajri,2015,November,147,1318,1502,1431,Osmanabad,Maharashtra,bajri,2015,Kharif Crops,1275.0,1,not found,,156.0,
2014-10-01,Umarga,bajri,2014,October,148,1183,1319,1228,Osmanabad,Maharashtra,bajri,2014,Kharif Crops,1250.0,1,not found,,-22.0,
2015-10-01,Umarga,bajri,2015,October,16,1233,1275,1240,Osmanabad,Maharashtra,bajri,2015,Kharif Crops,1275.0,1,not found,,-35.0,
2016-10-01,Umarga,bajri,2016,October,11,900,1270,1200,Osmanabad,Maharashtra,bajri,2016,Kharif Crops,1330.0,1,not found,,-130.0,
2014-09-01,Umarga,bajri,2014,September,7,1065,1075,1065,Osmanabad,Maharashtra,bajri,2014,Kharif Crops,1250.0,1,not found,,-185.0,
2015-09-01,Umarga,bajri,2015,September,4,1480,1480,1480,Osmanabad,Maharashtra,bajri,2015,Kharif Crops,1275.0,1,not found,,205.0,
2016-09-01,Umarga,bajri,2016,September,24,1251,1412,1368,Osmanabad,Maharashtra,bajri,2016,Kharif Crops,1330.0,1,not found,,38.0,
2016-11-01,Umarga,bajri,2016,November,9,1087,1357,1216,Osmanabad,Maharashtra,bajri,2016,Kharif Crops,1330.0,1,not found,,-114.0,
