date,APMC,Commodity,Year,Month,arrivals_in_qtl,min_price,max_price,modal_price,district_name,state_name,commodity,year,Type,msprice,msp_filter,seasonality,deseasonal,Peak seasonal price fluctuation %
2015-04-01,Indapur,black gram,2015,April,1,3850,3850,3850,Pune,Maharashtra,,,,,,additive,,62.50844568256708
2016-04-01,Indapur,black gram,2016,April,1,8051,8051,8051,Pune,Maharashtra,,,,,,additive,6413.0,62.50844568256708
2015-08-01,Indapur,black gram,2015,August,1,5700,5700,5700,Pune,Maharashtra,,,,,,additive,6358.75,62.50844568256708
2016-08-01,Indapur,black gram,2016,August,53,5517,6584,5984,Pune,Maharashtra,,,,,,additive,5794.75,62.50844568256708
2015-07-01,Indapur,black gram,2015,July,3,5511,5511,5511,Pune,Maharashtra,,,,,,additive,5433.0,62.50844568256708
2015-06-01,Indapur,black gram,2015,June,5,4726,4726,4726,Pune,Maharashtra,,,,,,additive,6532.5,62.50844568256708
2016-06-01,Indapur,black gram,2016,June,64,10767,11334,11167,Pune,Maharashtra,,,,,,additive,9015.0,62.50844568256708
2016-03-01,Indapur,black gram,2016,March,1,9000,9000,9000,Pune,Maharashtra,,,,,,additive,9890.25,62.50844568256708
2016-05-01,Indapur,black gram,2016,May,175,10000,11009,10394,Pune,Maharashtra,,,,,,additive,9447.0,62.50844568256708
2015-10-01,Indapur,black gram,2015,October,2,8000,8250,8000,Pune,Maharashtra,,,,,,additive,7892.5,62.50844568256708
2016-10-01,Indapur,black gram,2016,October,95,2800,6700,5176,Pune,Maharashtra,,,,,,additive,6350.5,62.50844568256708
2015-09-01,Indapur,black gram,2015,September,4,7050,7050,7050,Pune,Maharashtra,,,,,,additive,6367.5,62.50844568256708
2016-09-01,Indapur,black gram,2016,September,194,5590,6442,6194,Pune,Maharashtra,,,,,,additive,6209.5,62.50844568256708
2016-11-01,Indapur,black gram,2016,November,54,4000,6100,5400,Pune,Maharashtra,,,,,,additive,,62.50844568256708
