date,APMC,Commodity,Year,Month,arrivals_in_qtl,min_price,max_price,modal_price,district_name,state_name,commodity,year,Type,msprice,msp_filter,seasonality,deseasonal,Raw vs MSP diff,Desasonal vs MSP diff
2015-04-01,Sangamner,bajri,2015,April,883,1359,1629,1540,Ahmadnagar,Maharashtra,bajri,2015,Kharif Crops,1275.0,1,not found,,265.0,
2016-04-01,Sangamner,bajri,2016,April,1361,1522,1996,1866,Ahmadnagar,Maharashtra,bajri,2016,Kharif Crops,1330.0,1,not found,,536.0,
2015-08-01,Sangamner,bajri,2015,August,788,1328,1652,1555,Ahmadnagar,Maharashtra,bajri,2015,Kharif Crops,1275.0,1,not found,,280.0,
2016-08-01,Sangamner,bajri,2016,August,206,1661,1950,1838,Ahmadnagar,Maharashtra,bajri,2016,Kharif Crops,1330.0,1,not found,,508.0,
2014-12-01,Sangamner,bajri,2014,December,547,1341,1666,1535,Ahmadnagar,Maharashtra,bajri,2014,Kharif Crops,1250.0,1,not found,,285.0,
2015-12-01,Sangamner,bajri,2015,December,725,1411,2983,1551,Ahmadnagar,Maharashtra,bajri,2015,Kharif Crops,1275.0,1,not found,,276.0,
2015-02-01,Sangamner,bajri,2015,February,359,1350,1693,1500,Ahmadnagar,Maharashtra,bajri,2015,Kharif Crops,1275.0,1,not found,,225.0,
2016-02-01,Sangamner,bajri,2016,February,461,1450,1609,1550,Ahmadnagar,Maharashtra,bajri,2016,Kharif Crops,1330.0,1,not found,,220.0,
2015-01-01,Sangamner,bajri,2015,January,159,1300,1715,1507,Ahmadnagar,Maharashtra,bajri,2015,Kharif Crops,1275.0,1,not found,,232.0,
2016-01-01,Sangamner,bajri,2016,January,761,1451,1652,1570,Ahmadnagar,Maharashtra,bajri,2016,Kharif Crops,1330.0,1,not found,,240.0,
2015-07-01,Sangamner,bajri,2015,July,1350,1273,1564,1452,Ahmadnagar,Maharashtra,bajri,2015,Kharif Crops,1275.0,1,not found,,177.0,
2016-07-01,Sangamner,bajri,2016,July,245,1763,2010,1902,Ahmadnagar,Maharashtra,bajri,2016,Kharif Crops,1330.0,1,not found,,572.0,
2015-06-01,Sangamner,bajri,2015,June,1040,1381,1714,1555,Ahmadnagar,Maharashtra,bajri,2015,Kharif Crops,1275.0,1,not found,,280.0,
2016-06-01,Sangamner,bajri,2016,June,482,1610,1929,1780,Ahmadnagar,Maharashtra,bajri,2016,Kharif Crops,1330.0,1,not found,,450.0,
2015-03-01,Sangamner,bajri,2015,March,95,1350,1575,1500,Ahmadnagar,Maharashtra,bajri,2015,Kharif Crops,1275.0,1,not found,,225.0,
2016-03-01,Sangamner,bajri,2016,March,698,1440,1790,1665,Ahmadnagar,Maharashtra,bajri,2016,Kharif Crops,1330.0,1,not found,,335.0,
2015-05-01,Sangamner,bajri,2015,May,769,1383,1694,1546,Ahmadnagar,Maharashtra,bajri,2015,Kharif Crops,1275.0,1,not found,,271.0,
2016-05-01,Sangamner,bajri,2016,May,1062,1607,2045,1905,Ahmadnagar,Maharashtra,bajri,2016,Kharif Crops,1330.0,1,not found,,575.0,
2014-11-01,Sangamner,bajri,2014,November,223,1338,1730,1514,Ahmadnagar,Maharashtra,bajri,2014,Kharif Crops,1250.0,1,not found,,264.0,
2015-11-01,Sangamner,bajri,2015,November,979,1404,1634,1556,Ahmadnagar,Maharashtra,bajri,2015,Kharif Crops,1275.0,1,not found,,281.0,
2014-10-01,Sangamner,bajri,2014,October,80,1300,1475,1413,Ahmadnagar,Maharashtra,bajri,2014,Kharif Crops,1250.0,1,not found,,163.0,
2015-10-01,Sangamner,bajri,2015,October,993,1313,1627,1530,Ahmadnagar,Maharashtra,bajri,2015,Kharif Crops,1275.0,1,not found,,255.0,
2016-10-01,Sangamner,bajri,2016,October,666,1350,1590,1448,Ahmadnagar,Maharashtra,bajri,2016,Kharif Crops,1330.0,1,not found,,118.0,
2014-09-01,Sangamner,bajri,2014,September,200,1350,1613,1469,Ahmadnagar,Maharashtra,bajri,2014,Kharif Crops,1250.0,1,not found,,219.0,
2015-09-01,Sangamner,bajri,2015,September,567,1411,1609,1522,Ahmadnagar,Maharashtra,bajri,2015,Kharif Crops,1275.0,1,not found,,247.0,
2016-09-01,Sangamner,bajri,2016,September,227,1538,1714,1641,Ahmadnagar,Maharashtra,bajri,2016,Kharif Crops,1330.0,1,not found,,311.0,
2016-11-01,Sangamner,bajri,2016,November,1235,1349,1776,1616,Ahmadnagar,Maharashtra,bajri,2016,Kharif Crops,1330.0,1,not found,,286.0,
