date,APMC,Commodity,Year,Month,arrivals_in_qtl,min_price,max_price,modal_price,district_name,state_name,commodity,year,Type,msprice,msp_filter,seasonality,deseasonal
2016-08-01,Palus,bitter gourd,2016,August,16,2080,2760,2450,Sangli,Maharashtra,,,,,,not found,
2015-12-01,Palus,bitter gourd,2015,December,353,1800,3375,2250,Sangli,Maharashtra,,,,,,not found,
2016-02-01,Palus,bitter gourd,2016,February,695,2533,3133,2833,Sangli,Maharashtra,,,,,,not found,
2016-01-01,Palus,bitter gourd,2016,January,1058,3180,3940,3620,Sangli,Maharashtra,,,,,,not found,
2016-07-01,Palus,bitter gourd,2016,July,12,3500,4733,4000,Sangli,Maharashtra,,,,,,not found,
2016-06-01,Palus,bitter gourd,2016,June,634,4000,5167,4467,Sangli,Maharashtra,,,,,,not found,
2016-03-01,Palus,bitter gourd,2016,March,530,2500,3250,2820,Sangli,Maharashtra,,,,,,not found,
2016-05-01,Palus,bitter gourd,2016,May,815,4000,4775,4400,Sangli,Maharashtra,,,,,,not found,
2016-10-01,Palus,bitter gourd,2016,October,12,1300,2263,1775,Sangli,Maharashtra,,,,,,not found,
2016-09-01,Palus,bitter gourd,2016,September,23,1443,2060,1757,Sangli,Maharashtra,,,,,,not found,
2016-11-01,Palus,bitter gourd,2016,November,26,1275,1728,1439,Sangli,Maharashtra,,,,,,not found,
