date,APMC,Commodity,Year,Month,arrivals_in_qtl,min_price,max_price,modal_price,district_name,state_name,commodity,year,Type,msprice,msp_filter,seasonality,deseasonal
2015-08-01,Khed (Shel Pimpalgaon),bitter gourd,2015,August,6,1975,1975,1975,Pune,Maharashtra,,,,,,not found,
2015-01-01,Khed (Shel Pimpalgaon),bitter gourd,2015,January,3,2250,2250,2250,Pune,Maharashtra,,,,,,not found,
2014-11-01,Khed (Shel Pimpalgaon),bitter gourd,2014,November,21,1307,1307,1307,Pune,Maharashtra,,,,,,not found,
2014-10-01,Khed (Shel Pimpalgaon),bitter gourd,2014,October,12,1583,1583,1583,Pune,Maharashtra,,,,,,not found,
2014-09-01,Khed (Shel Pimpalgaon),bitter gourd,2014,September,3,600,800,700,Pune,Maharashtra,,,,,,not found,
