date,APMC,Commodity,Year,Month,arrivals_in_qtl,min_price,max_price,modal_price,district_name,state_name,commodity,year,Type,msprice,msp_filter,seasonality,deseasonal
2015-04-01,Beed,black gram,2015,April,1,5400,5400,5400,Beed,Maharashtra,,,,,,not found,
2016-08-01,Beed,black gram,2016,August,12,5073,5473,5348,Beed,Maharashtra,,,,,,not found,
2014-12-01,Beed,black gram,2014,December,15,5140,5140,5140,Beed,Maharashtra,,,,,,not found,
2015-12-01,Beed,black gram,2015,December,66,7384,9133,8933,Beed,Maharashtra,,,,,,not found,
2015-01-01,Beed,black gram,2015,January,1,5700,5700,5700,Beed,Maharashtra,,,,,,not found,
2016-01-01,Beed,black gram,2016,January,5,9686,9686,9686,Beed,Maharashtra,,,,,,not found,
2015-07-01,Beed,black gram,2015,July,3,6700,6700,6700,Beed,Maharashtra,,,,,,not found,
2014-11-01,Beed,black gram,2014,November,69,5090,5249,5195,Beed,Maharashtra,,,,,,not found,
2015-11-01,Beed,black gram,2015,November,36,7840,9938,9828,Beed,Maharashtra,,,,,,not found,
2014-10-01,Beed,black gram,2014,October,459,4435,4763,4652,Beed,Maharashtra,,,,,,not found,
2015-10-01,Beed,black gram,2015,October,180,8621,10951,10327,Beed,Maharashtra,,,,,,not found,
2016-10-01,Beed,black gram,2016,October,909,5753,7268,6981,Beed,Maharashtra,,,,,,not found,
2015-09-01,Beed,black gram,2015,September,259,7951,9141,8893,Beed,Maharashtra,,,,,,not found,
2016-09-01,Beed,black gram,2016,September,1512,5694,6854,6514,Beed,Maharashtra,,,,,,not found,
2016-11-01,Beed,black gram,2016,November,42,5750,6884,6350,Beed,Maharashtra,,,,,,not found,
