date,APMC,Commodity,Year,Month,arrivals_in_qtl,min_price,max_price,modal_price,district_name,state_name,commodity,year,Type,msprice,msp_filter,seasonality,deseasonal,Raw vs MSP diff,Desasonal vs MSP diff
2015-04-01,Jalgaon,bajri,2015,April,679,1314,1357,1346,Jalgaon,Maharashtra,bajri,2015,Kharif Crops,1275.0,1,not found,,71.0,
2016-04-01,Jalgaon,bajri,2016,April,992,1756,1799,1784,Jalgaon,Maharashtra,bajri,2016,Kharif Crops,1330.0,1,not found,,454.0,
2015-08-01,Jalgaon,bajri,2015,August,1705,1338,1361,1356,Jalgaon,Maharashtra,bajri,2015,Kharif Crops,1275.0,1,not found,,81.0,
2016-08-01,Jalgaon,bajri,2016,August,47,1778,1803,1788,Jalgaon,Maharashtra,bajri,2016,Kharif Crops,1330.0,1,not found,,458.0,
2014-12-01,Jalgaon,bajri,2014,December,81,1398,1398,1398,Jalgaon,Maharashtra,bajri,2014,Kharif Crops,1250.0,1,not found,,148.0,
2015-12-01,Jalgaon,bajri,2015,December,141,1516,1532,1525,Jalgaon,Maharashtra,bajri,2015,Kharif Crops,1275.0,1,not found,,250.0,
2015-02-01,Jalgaon,bajri,2015,February,150,1275,1337,1314,Jalgaon,Maharashtra,bajri,2015,Kharif Crops,1275.0,1,not found,,39.0,
2016-02-01,Jalgaon,bajri,2016,February,10,1425,1425,1425,Jalgaon,Maharashtra,bajri,2016,Kharif Crops,1330.0,1,not found,,95.0,
2015-01-01,Jalgaon,bajri,2015,January,161,1373,1411,1390,Jalgaon,Maharashtra,bajri,2015,Kharif Crops,1275.0,1,not found,,115.0,
2016-01-01,Jalgaon,bajri,2016,January,72,1467,1479,1475,Jalgaon,Maharashtra,bajri,2016,Kharif Crops,1330.0,1,not found,,145.0,
2015-07-01,Jalgaon,bajri,2015,July,1424,1262,1289,1286,Jalgaon,Maharashtra,bajri,2015,Kharif Crops,1275.0,1,not found,,11.0,
2016-07-01,Jalgaon,bajri,2016,July,153,1792,1812,1800,Jalgaon,Maharashtra,bajri,2016,Kharif Crops,1330.0,1,not found,,470.0,
2015-06-01,Jalgaon,bajri,2015,June,1930,1038,1171,1153,Jalgaon,Maharashtra,bajri,2015,Kharif Crops,1275.0,1,not found,,-122.0,
2016-06-01,Jalgaon,bajri,2016,June,697,1705,1760,1729,Jalgaon,Maharashtra,bajri,2016,Kharif Crops,1330.0,1,not found,,399.0,
2015-03-01,Jalgaon,bajri,2015,March,67,1256,1266,1266,Jalgaon,Maharashtra,bajri,2015,Kharif Crops,1275.0,1,not found,,-9.0,
2016-03-01,Jalgaon,bajri,2016,March,50,1639,1655,1655,Jalgaon,Maharashtra,bajri,2016,Kharif Crops,1330.0,1,not found,,325.0,
2015-05-01,Jalgaon,bajri,2015,May,2507,1095,1140,1119,Jalgaon,Maharashtra,bajri,2015,Kharif Crops,1275.0,1,not found,,-156.0,
2016-05-01,Jalgaon,bajri,2016,May,1856,1737,1800,1788,Jalgaon,Maharashtra,bajri,2016,Kharif Crops,1330.0,1,not found,,458.0,
2014-11-01,Jalgaon,bajri,2014,November,427,1354,1449,1422,Jalgaon,Maharashtra,bajri,2014,Kharif Crops,1250.0,1,not found,,172.0,
2015-11-01,Jalgaon,bajri,2015,November,319,1450,1504,1467,Jalgaon,Maharashtra,bajri,2015,Kharif Crops,1275.0,1,not found,,192.0,
2014-10-01,Jalgaon,bajri,2014,October,263,1298,1366,1350,Jalgaon,Maharashtra,bajri,2014,Kharif Crops,1250.0,1,not found,,100.0,
2015-10-01,Jalgaon,bajri,2015,October,1183,1346,1406,1372,Jalgaon,Maharashtra,bajri,2015,Kharif Crops,1275.0,1,not found,,97.0,
2016-10-01,Jalgaon,bajri,2016,October,19,1515,1515,1515,Jalgaon,Maharashtra,bajri,2016,Kharif Crops,1330.0,1,not found,,185.0,
2014-09-01,Jalgaon,bajri,2014,September,421,1400,1448,1406,Jalgaon,Maharashtra,bajri,2014,Kharif Crops,1250.0,1,not found,,156.0,
2015-09-01,Jalgaon,bajri,2015,September,290,1395,1415,1405,Jalgaon,Maharashtra,bajri,2015,Kharif Crops,1275.0,1,not found,,130.0,
2016-09-01,Jalgaon,bajri,2016,September,79,1703,1719,1719,Jalgaon,Maharashtra,bajri,2016,Kharif Crops,1330.0,1,not found,,389.0,
2016-11-01,Jalgaon,bajri,2016,November,82,1378,1494,1439,Jalgaon,Maharashtra,bajri,2016,Kharif Crops,1330.0,1,not found,,109.0,
