date,APMC,Commodity,Year,Month,arrivals_in_qtl,min_price,max_price,modal_price,district_name,state_name,commodity,year,Type,msprice,msp_filter,seasonality,deseasonal
2016-04-01,Alibag,betelnuts,2016,April,780,1500,2500,2000,Raigad,Maharashtra,,,,,,not found,
2016-02-01,Alibag,betelnuts,2016,February,7080,1240,1901,1460,Raigad,Maharashtra,,,,,,not found,
2016-01-01,Alibag,betelnuts,2016,January,3000,1,3,2,Raigad,Maharashtra,,,,,,not found,
2016-03-01,Alibag,betelnuts,2016,March,9660,1428,2264,1836,Raigad,Maharashtra,,,,,,not found,
2016-05-01,Alibag,betelnuts,2016,May,630,1500,2500,2000,Raigad,Maharashtra,,,,,,not found,
