date,APMC,Commodity,Year,Month,arrivals_in_qtl,min_price,max_price,modal_price,district_name,state_name,commodity,year,Type,msprice,msp_filter,seasonality,deseasonal
2015-04-01,Karad,bottle gourd,2015,April,72,775,983,879,Satara,Maharashtra,,,,,,not found,
2016-04-01,Karad,bottle gourd,2016,April,90,872,1268,1268,Satara,Maharashtra,,,,,,not found,
2015-08-01,Karad,bottle gourd,2015,August,33,660,820,820,Satara,Maharashtra,,,,,,not found,
2016-08-01,Karad,bottle gourd,2016,August,96,815,1188,1188,Satara,Maharashtra,,,,,,not found,
2014-12-01,Karad,bottle gourd,2014,December,45,813,1200,1006,Satara,Maharashtra,,,,,,not found,
2015-12-01,Karad,bottle gourd,2015,December,114,732,1014,1014,Satara,Maharashtra,,,,,,not found,
2015-02-01,Karad,bottle gourd,2015,February,66,556,844,700,Satara,Maharashtra,,,,,,not found,
2016-02-01,Karad,bottle gourd,2016,February,96,636,964,964,Satara,Maharashtra,,,,,,not found,
2015-01-01,Karad,bottle gourd,2015,January,48,856,1133,994,Satara,Maharashtra,,,,,,not found,
2016-01-01,Karad,bottle gourd,2016,January,117,732,1072,1072,Satara,Maharashtra,,,,,,not found,
2015-07-01,Karad,bottle gourd,2015,July,12,1000,1350,1350,Satara,Maharashtra,,,,,,not found,
2016-07-01,Karad,bottle gourd,2016,July,93,1143,1595,1595,Satara,Maharashtra,,,,,,not found,
2015-06-01,Karad,bottle gourd,2015,June,51,900,1188,1163,Satara,Maharashtra,,,,,,not found,
2016-06-01,Karad,bottle gourd,2016,June,138,1192,1673,1673,Satara,Maharashtra,,,,,,not found,
2015-03-01,Karad,bottle gourd,2015,March,69,773,1055,914,Satara,Maharashtra,,,,,,not found,
2016-03-01,Karad,bottle gourd,2016,March,90,848,1215,1215,Satara,Maharashtra,,,,,,not found,
2015-05-01,Karad,bottle gourd,2015,May,75,611,811,711,Satara,Maharashtra,,,,,,not found,
2016-05-01,Karad,bottle gourd,2016,May,111,956,1381,1381,Satara,Maharashtra,,,,,,not found,
2014-11-01,Karad,bottle gourd,2014,November,30,1071,1486,1271,Satara,Maharashtra,,,,,,not found,
2015-11-01,Karad,bottle gourd,2015,November,15,800,1150,1150,Satara,Maharashtra,,,,,,not found,
2014-10-01,Karad,bottle gourd,2014,October,87,1100,1508,1304,Satara,Maharashtra,,,,,,not found,
2015-10-01,Karad,bottle gourd,2015,October,63,875,1167,1167,Satara,Maharashtra,,,,,,not found,
2016-10-01,Karad,bottle gourd,2016,October,87,872,1256,1256,Satara,Maharashtra,,,,,,not found,
2014-09-01,Karad,bottle gourd,2014,September,159,1015,1385,1208,Satara,Maharashtra,,,,,,not found,
2015-09-01,Karad,bottle gourd,2015,September,54,606,763,763,Satara,Maharashtra,,,,,,not found,
2016-09-01,Karad,bottle gourd,2016,September,90,495,764,764,Satara,Maharashtra,,,,,,not found,
2016-11-01,Karad,bottle gourd,2016,November,102,376,592,592,Satara,Maharashtra,,,,,,not found,
