date,APMC,Commodity,Year,Month,arrivals_in_qtl,min_price,max_price,modal_price,district_name,state_name,commodity,year,Type,msprice,msp_filter,seasonality,deseasonal,Raw vs MSP diff,Desasonal vs MSP diff
2015-04-01,Pathari,bajri,2015,April,5,1300,1411,1352,Parbhani,Maharashtra,bajri,2015,Kharif Crops,1275.0,1,not found,,77.0,
2016-04-01,Pathari,bajri,2016,April,43,1112,1544,1457,Parbhani,Maharashtra,bajri,2016,Kharif Crops,1330.0,1,not found,,127.0,
2015-08-01,Pathari,bajri,2015,August,26,1384,1457,733,Parbhani,Maharashtra,bajri,2015,Kharif Crops,1275.0,1,not found,,-542.0,
2016-08-01,Pathari,bajri,2016,August,25,1480,1605,1547,Parbhani,Maharashtra,bajri,2016,Kharif Crops,1330.0,1,not found,,217.0,
2015-12-01,Pathari,bajri,2015,December,104,1017,1479,1253,Parbhani,Maharashtra,bajri,2015,Kharif Crops,1275.0,1,not found,,-22.0,
2016-02-01,Pathari,bajri,2016,February,32,1351,1550,1450,Parbhani,Maharashtra,bajri,2016,Kharif Crops,1330.0,1,not found,,120.0,
2016-01-01,Pathari,bajri,2016,January,25,675,1522,1454,Parbhani,Maharashtra,bajri,2016,Kharif Crops,1330.0,1,not found,,124.0,
2016-06-01,Pathari,bajri,2016,June,66,1789,2387,2326,Parbhani,Maharashtra,bajri,2016,Kharif Crops,1330.0,1,not found,,996.0,
2016-03-01,Pathari,bajri,2016,March,35,654,1442,1381,Parbhani,Maharashtra,bajri,2016,Kharif Crops,1330.0,1,not found,,51.0,
2015-05-01,Pathari,bajri,2015,May,34,1260,1306,663,Parbhani,Maharashtra,bajri,2015,Kharif Crops,1275.0,1,not found,,-612.0,
2016-05-01,Pathari,bajri,2016,May,66,979,1632,1491,Parbhani,Maharashtra,bajri,2016,Kharif Crops,1330.0,1,not found,,161.0,
2014-11-01,Pathari,bajri,2014,November,41,1475,1635,271,Parbhani,Maharashtra,bajri,2014,Kharif Crops,1250.0,1,not found,,-979.0,
2014-10-01,Pathari,bajri,2014,October,95,1523,2670,805,Parbhani,Maharashtra,bajri,2014,Kharif Crops,1250.0,1,not found,,-445.0,
2015-10-01,Pathari,bajri,2015,October,98,1316,1420,446,Parbhani,Maharashtra,bajri,2015,Kharif Crops,1275.0,1,not found,,-829.0,
2016-10-01,Pathari,bajri,2016,October,96,1342,1606,1411,Parbhani,Maharashtra,bajri,2016,Kharif Crops,1330.0,1,not found,,81.0,
2015-09-01,Pathari,bajri,2015,September,40,1372,1469,1434,Parbhani,Maharashtra,bajri,2015,Kharif Crops,1275.0,1,not found,,159.0,
2016-09-01,Pathari,bajri,2016,September,65,1371,1545,1444,Parbhani,Maharashtra,bajri,2016,Kharif Crops,1330.0,1,not found,,114.0,
