date,APMC,Commodity,Year,Month,arrivals_in_qtl,min_price,max_price,modal_price,district_name,state_name,commodity,year,Type,msprice,msp_filter,seasonality,deseasonal
2015-04-01,Anajngaon Surji,banana,2015,April,366,700,900,800,Amaravathi,Maharashtra,,,,,,not found,
2016-04-01,Anajngaon Surji,banana,2016,April,107,488,700,569,Amaravathi,Maharashtra,,,,,,not found,
2015-08-01,Anajngaon Surji,banana,2015,August,655,510,700,600,Amaravathi,Maharashtra,,,,,,not found,
2016-08-01,Anajngaon Surji,banana,2016,August,263,960,1180,1080,Amaravathi,Maharashtra,,,,,,not found,
2014-12-01,Anajngaon Surji,banana,2014,December,1131,980,1130,1040,Amaravathi,Maharashtra,,,,,,not found,
2015-12-01,Anajngaon Surji,banana,2015,December,340,513,613,563,Amaravathi,Maharashtra,,,,,,not found,
2015-02-01,Anajngaon Surji,banana,2015,February,846,650,900,788,Amaravathi,Maharashtra,,,,,,not found,
2016-02-01,Anajngaon Surji,banana,2016,February,176,390,550,450,Amaravathi,Maharashtra,,,,,,not found,
2015-01-01,Anajngaon Surji,banana,2015,January,645,600,900,750,Amaravathi,Maharashtra,,,,,,not found,
2016-01-01,Anajngaon Surji,banana,2016,January,337,340,440,390,Amaravathi,Maharashtra,,,,,,not found,
2015-07-01,Anajngaon Surji,banana,2015,July,778,563,700,625,Amaravathi,Maharashtra,,,,,,not found,
2016-07-01,Anajngaon Surji,banana,2016,July,36,800,1100,1000,Amaravathi,Maharashtra,,,,,,not found,
2015-06-01,Anajngaon Surji,banana,2015,June,426,590,780,680,Amaravathi,Maharashtra,,,,,,not found,
2016-06-01,Anajngaon Surji,banana,2016,June,111,2550,2713,2613,Amaravathi,Maharashtra,,,,,,not found,
2015-03-01,Anajngaon Surji,banana,2015,March,615,700,890,795,Amaravathi,Maharashtra,,,,,,not found,
2016-03-01,Anajngaon Surji,banana,2016,March,147,438,600,513,Amaravathi,Maharashtra,,,,,,not found,
2015-05-01,Anajngaon Surji,banana,2015,May,360,700,900,800,Amaravathi,Maharashtra,,,,,,not found,
2016-05-01,Anajngaon Surji,banana,2016,May,83,790,1020,910,Amaravathi,Maharashtra,,,,,,not found,
2014-11-01,Anajngaon Surji,banana,2014,November,1437,950,1100,1000,Amaravathi,Maharashtra,,,,,,not found,
2015-11-01,Anajngaon Surji,banana,2015,November,705,525,638,588,Amaravathi,Maharashtra,,,,,,not found,
2014-10-01,Anajngaon Surji,banana,2014,October,642,950,1175,1075,Amaravathi,Maharashtra,,,,,,not found,
2015-10-01,Anajngaon Surji,banana,2015,October,500,500,638,588,Amaravathi,Maharashtra,,,,,,not found,
2016-10-01,Anajngaon Surji,banana,2016,October,778,838,1050,938,Amaravathi,Maharashtra,,,,,,not found,
2014-09-01,Anajngaon Surji,banana,2014,September,618,705,905,805,Amaravathi,Maharashtra,,,,,,not found,
2015-09-01,Anajngaon Surji,banana,2015,September,439,500,663,563,Amaravathi,Maharashtra,,,,,,not found,
2016-09-01,Anajngaon Surji,banana,2016,September,374,988,1188,1075,Amaravathi,Maharashtra,,,,,,not found,
2016-11-01,Anajngaon Surji,banana,2016,November,297,617,833,717,Amaravathi,Maharashtra,,,,,,not found,
