date,APMC,Commodity,Year,Month,arrivals_in_qtl,min_price,max_price,modal_price,district_name,state_name,commodity,year,Type,msprice,msp_filter,seasonality,deseasonal
2015-08-01,Sangli-Phale Bhajipalam,bor,2015,August,28,500,2000,1500,Sangli,Maharashtra,,,,,,not found,
2015-12-01,Sangli-Phale Bhajipalam,bor,2015,December,626,527,1945,1209,Sangli,Maharashtra,,,,,,not found,
2016-02-01,Sangli-Phale Bhajipalam,bor,2016,February,492,287,1373,680,Sangli,Maharashtra,,,,,,not found,
2016-01-01,Sangli-Phale Bhajipalam,bor,2016,January,2734,430,1830,903,Sangli,Maharashtra,,,,,,not found,
2016-06-01,Sangli-Phale Bhajipalam,bor,2016,June,7,150,300,150,Sangli,Maharashtra,,,,,,not found,
2016-03-01,Sangli-Phale Bhajipalam,bor,2016,March,15,370,1200,750,Sangli,Maharashtra,,,,,,not found,
2015-11-01,Sangli-Phale Bhajipalam,bor,2015,November,1,800,2000,1400,Sangli,Maharashtra,,,,,,not found,
2015-10-01,Sangli-Phale Bhajipalam,bor,2015,October,31,800,2000,1475,Sangli,Maharashtra,,,,,,not found,
2015-09-01,Sangli-Phale Bhajipalam,bor,2015,September,8,600,2000,1150,Sangli,Maharashtra,,,,,,not found,
2016-09-01,Sangli-Phale Bhajipalam,bor,2016,September,5,3500,4500,4000,Sangli,Maharashtra,,,,,,not found,
2016-11-01,Sangli-Phale Bhajipalam,bor,2016,November,552,2306,4576,2869,Sangli,Maharashtra,,,,,,not found,
