date,APMC,Commodity,Year,Month,arrivals_in_qtl,min_price,max_price,modal_price,district_name,state_name,commodity,year,Type,msprice,msp_filter,seasonality,deseasonal,Peak seasonal price fluctuation %,Raw vs MSP diff,Desasonal vs MSP diff
2015-04-01,Phaltan,bajri,2015,April,309,1250,1825,1425,Satara,Maharashtra,bajri,2015,Kharif Crops,1275.0,1,additive,,16.06277943368108,150.0,
2016-04-01,Phaltan,bajri,2016,April,523,1275,2150,1850,Satara,Maharashtra,bajri,2016,Kharif Crops,1330.0,1,additive,1693.75,16.06277943368108,520.0,363.75
2015-08-01,Phaltan,bajri,2015,August,219,1294,1888,1650,Satara,Maharashtra,bajri,2015,Kharif Crops,1275.0,1,additive,1725.0,16.06277943368108,375.0,450.0
2016-08-01,Phaltan,bajri,2016,August,1385,1525,1966,1750,Satara,Maharashtra,bajri,2016,Kharif Crops,1330.0,1,additive,1695.75,16.06277943368108,420.0,365.75
2014-12-01,Phaltan,bajri,2014,December,552,1283,1958,1633,Satara,Maharashtra,bajri,2014,Kharif Crops,1250.0,1,additive,1666.5,16.06277943368108,383.0,416.5
2015-12-01,Phaltan,bajri,2015,December,1223,1275,1938,1650,Satara,Maharashtra,bajri,2015,Kharif Crops,1275.0,1,additive,1595.75,16.06277943368108,375.0,320.75
2015-02-01,Phaltan,bajri,2015,February,229,1250,1892,1450,Satara,Maharashtra,bajri,2015,Kharif Crops,1275.0,1,additive,1550.0,16.06277943368108,175.0,275.0
2016-02-01,Phaltan,bajri,2016,February,721,1275,1871,1650,Satara,Maharashtra,bajri,2016,Kharif Crops,1330.0,1,additive,1553.25,16.06277943368108,320.0,223.25
2015-01-01,Phaltan,bajri,2015,January,480,1253,1799,1463,Satara,Maharashtra,bajri,2015,Kharif Crops,1275.0,1,additive,1556.5,16.06277943368108,188.0,281.5
2016-01-01,Phaltan,bajri,2016,January,1094,1275,1850,1650,Satara,Maharashtra,bajri,2016,Kharif Crops,1330.0,1,additive,1565.75,16.06277943368108,320.0,235.75
2015-07-01,Phaltan,bajri,2015,July,157,1250,1773,1500,Satara,Maharashtra,bajri,2015,Kharif Crops,1275.0,1,additive,1641.75,16.06277943368108,225.0,366.75
2016-07-01,Phaltan,bajri,2016,July,533,1617,2233,1917,Satara,Maharashtra,bajri,2016,Kharif Crops,1330.0,1,additive,1703.5,16.06277943368108,587.0,373.5
2015-06-01,Phaltan,bajri,2015,June,325,1250,1749,1480,Satara,Maharashtra,bajri,2015,Kharif Crops,1275.0,1,additive,1678.75,16.06277943368108,205.0,403.75
2016-06-01,Phaltan,bajri,2016,June,422,1275,2113,1838,Satara,Maharashtra,bajri,2016,Kharif Crops,1330.0,1,additive,1734.75,16.06277943368108,508.0,404.75
2016-03-01,Phaltan,bajri,2016,March,505,1275,2234,1783,Satara,Maharashtra,bajri,2016,Kharif Crops,1330.0,1,additive,1704.25,16.06277943368108,453.0,374.25
2015-05-01,Phaltan,bajri,2015,May,289,1250,1693,1413,Satara,Maharashtra,bajri,2015,Kharif Crops,1275.0,1,additive,1630.5,16.06277943368108,138.0,355.5
2016-05-01,Phaltan,bajri,2016,May,354,1275,2357,1913,Satara,Maharashtra,bajri,2016,Kharif Crops,1330.0,1,additive,1734.75,16.06277943368108,583.0,404.75
2014-11-01,Phaltan,bajri,2014,November,1670,1338,2138,1700,Satara,Maharashtra,bajri,2014,Kharif Crops,1250.0,1,additive,1734.5,16.06277943368108,450.0,484.5
2015-11-01,Phaltan,bajri,2015,November,1417,1275,1965,1625,Satara,Maharashtra,bajri,2015,Kharif Crops,1275.0,1,additive,1625.0,16.06277943368108,350.0,350.0
2014-10-01,Phaltan,bajri,2014,October,389,1350,1767,1550,Satara,Maharashtra,bajri,2014,Kharif Crops,1250.0,1,additive,1578.25,16.06277943368108,300.0,328.25
2015-10-01,Phaltan,bajri,2015,October,2863,1275,1894,1588,Satara,Maharashtra,bajri,2015,Kharif Crops,1275.0,1,additive,1596.0,16.06277943368108,313.0,321.0
2016-10-01,Phaltan,bajri,2016,October,4595,1410,1984,1658,Satara,Maharashtra,bajri,2016,Kharif Crops,1330.0,1,additive,1621.75,16.06277943368108,328.0,291.75
2014-09-01,Phaltan,bajri,2014,September,327,1333,1784,1583,Satara,Maharashtra,bajri,2014,Kharif Crops,1250.0,1,additive,1635.25,16.06277943368108,333.0,385.25
2015-09-01,Phaltan,bajri,2015,September,1012,1283,2008,1717,Satara,Maharashtra,bajri,2015,Kharif Crops,1275.0,1,additive,1662.5,16.06277943368108,442.0,387.5
2016-09-01,Phaltan,bajri,2016,September,3249,1450,1817,1633,Satara,Maharashtra,bajri,2016,Kharif Crops,1330.0,1,additive,1714.5,16.06277943368108,303.0,384.5
2016-11-01,Phaltan,bajri,2016,November,1553,1340,2205,1875,Satara,Maharashtra,bajri,2016,Kharif Crops,1330.0,1,additive,,16.06277943368108,545.0,
