date,APMC,Commodity,Year,Month,arrivals_in_qtl,min_price,max_price,modal_price,district_name,state_name,commodity,year,Type,msprice,msp_filter,seasonality,deseasonal,Peak seasonal price fluctuation %
2015-04-01,Kalamb (Os),black gram,2015,April,5,4840,5120,5120,Osmanabad,Maharashtra,,,,,,additive,,59.35929029078364
2015-08-01,Kalamb (Os),black gram,2015,August,13,6340,7520,7458,Osmanabad,Maharashtra,,,,,,additive,6586.75,59.35929029078364
2016-08-01,Kalamb (Os),black gram,2016,August,22,6198,6383,6311,Osmanabad,Maharashtra,,,,,,additive,6343.25,59.35929029078364
2014-12-01,Kalamb (Os),black gram,2014,December,50,4983,5413,5293,Osmanabad,Maharashtra,,,,,,additive,6045.25,59.35929029078364
2015-12-01,Kalamb (Os),black gram,2015,December,19,6932,7284,7284,Osmanabad,Maharashtra,,,,,,additive,6248.25,59.35929029078364
2015-02-01,Kalamb (Os),black gram,2015,February,15,5038,5139,5132,Osmanabad,Maharashtra,,,,,,additive,5747.75,59.35929029078364
2015-01-01,Kalamb (Os),black gram,2015,January,26,5307,5507,5443,Osmanabad,Maharashtra,,,,,,additive,6065.0,59.35929029078364
2016-01-01,Kalamb (Os),black gram,2016,January,6,8242,8242,8242,Osmanabad,Maharashtra,,,,,,additive,7081.75,59.35929029078364
2015-07-01,Kalamb (Os),black gram,2015,July,1,6400,6400,6400,Osmanabad,Maharashtra,,,,,,additive,7049.0,59.35929029078364
2015-06-01,Kalamb (Os),black gram,2015,June,20,6918,7204,7154,Osmanabad,Maharashtra,,,,,,additive,7417.0,59.35929029078364
2016-06-01,Kalamb (Os),black gram,2016,June,5,8960,9020,8960,Osmanabad,Maharashtra,,,,,,additive,7572.25,59.35929029078364
2015-03-01,Kalamb (Os),black gram,2015,March,6,5215,5215,5215,Osmanabad,Maharashtra,,,,,,additive,6522.5,59.35929029078364
2016-03-01,Kalamb (Os),black gram,2016,March,2,6300,6700,6700,Osmanabad,Maharashtra,,,,,,additive,6384.25,59.35929029078364
2015-05-01,Kalamb (Os),black gram,2015,May,10,6686,7122,6922,Osmanabad,Maharashtra,,,,,,additive,6998.75,59.35929029078364
2016-05-01,Kalamb (Os),black gram,2016,May,2,7451,7451,7451,Osmanabad,Maharashtra,,,,,,additive,6817.75,59.35929029078364
2014-11-01,Kalamb (Os),black gram,2014,November,145,5008,5572,5447,Osmanabad,Maharashtra,,,,,,additive,6777.0,59.35929029078364
2015-11-01,Kalamb (Os),black gram,2015,November,38,7578,9035,8763,Osmanabad,Maharashtra,,,,,,additive,6974.25,59.35929029078364
2014-10-01,Kalamb (Os),black gram,2014,October,782,4410,5038,4924,Osmanabad,Maharashtra,,,,,,additive,7347.25,59.35929029078364
2015-10-01,Kalamb (Os),black gram,2015,October,139,9213,11289,10778,Osmanabad,Maharashtra,,,,,,additive,8341.75,59.35929029078364
2016-10-01,Kalamb (Os),black gram,2016,October,1199,4522,7398,6887,Osmanabad,Maharashtra,,,,,,additive,7315.0,59.35929029078364
2014-09-01,Kalamb (Os),black gram,2014,September,161,4425,4895,4708,Osmanabad,Maharashtra,,,,,,additive,6259.0,59.35929029078364
2015-09-01,Kalamb (Os),black gram,2015,September,207,8126,8982,8733,Osmanabad,Maharashtra,,,,,,additive,7254.25,59.35929029078364
2016-09-01,Kalamb (Os),black gram,2016,September,1876,6053,7018,6843,Osmanabad,Maharashtra,,,,,,additive,7142.75,59.35929029078364
2016-11-01,Kalamb (Os),black gram,2016,November,249,3720,6878,6152,Osmanabad,Maharashtra,,,,,,additive,,59.35929029078364
