date,APMC,Commodity,Year,Month,arrivals_in_qtl,min_price,max_price,modal_price,district_name,state_name,commodity,year,Type,msprice,msp_filter,seasonality,deseasonal
2016-04-01,Rahata,beet root,2016,April,17,1000,1278,1022,Ahmadnagar,Maharashtra,,,,,,not found,
2015-08-01,Rahata,beet root,2015,August,2,800,1000,800,Ahmadnagar,Maharashtra,,,,,,not found,
2016-08-01,Rahata,beet root,2016,August,3,1233,1233,1233,Ahmadnagar,Maharashtra,,,,,,not found,
2014-12-01,Rahata,beet root,2014,December,7,2250,2250,2250,Ahmadnagar,Maharashtra,,,,,,not found,
2015-02-01,Rahata,beet root,2015,February,14,1222,1278,1233,Ahmadnagar,Maharashtra,,,,,,not found,
2016-02-01,Rahata,beet root,2016,February,1,1500,1500,1500,Ahmadnagar,Maharashtra,,,,,,not found,
2015-01-01,Rahata,beet root,2015,January,9,1800,1800,1800,Ahmadnagar,Maharashtra,,,,,,not found,
2016-01-01,Rahata,beet root,2016,January,4,1500,1500,1500,Ahmadnagar,Maharashtra,,,,,,not found,
2015-07-01,Rahata,beet root,2015,July,1,1000,1000,1000,Ahmadnagar,Maharashtra,,,,,,not found,
2016-06-01,Rahata,beet root,2016,June,1,2500,2500,2500,Ahmadnagar,Maharashtra,,,,,,not found,
2015-03-01,Rahata,beet root,2015,March,3,1350,1350,1350,Ahmadnagar,Maharashtra,,,,,,not found,
2016-03-01,Rahata,beet root,2016,March,11,1000,1029,1000,Ahmadnagar,Maharashtra,,,,,,not found,
2015-09-01,Rahata,beet root,2015,September,1,2500,2500,2500,Ahmadnagar,Maharashtra,,,,,,not found,
2016-09-01,Rahata,beet root,2016,September,1,800,800,800,Ahmadnagar,Maharashtra,,,,,,not found,
2016-11-01,Rahata,beet root,2016,November,1,1000,1000,1000,Ahmadnagar,Maharashtra,,,,,,not found,
