date,APMC,Commodity,Year,Month,arrivals_in_qtl,min_price,max_price,modal_price,district_name,state_name,commodity,year,Type,msprice,msp_filter,seasonality,deseasonal,Peak seasonal price fluctuation %
2016-04-01,Lasalgaon,black gram,2016,April,1,8000,8000,8000,Nasik,Maharashtra,,,,,,additive,,34.73231273130123
2015-08-01,Lasalgaon,black gram,2015,August,2,7500,7751,7600,Nasik,Maharashtra,,,,,,additive,7123.75,34.73231273130123
2014-12-01,Lasalgaon,black gram,2014,December,25,4075,5365,5295,Nasik,Maharashtra,,,,,,additive,6522.75,34.73231273130123
2015-12-01,Lasalgaon,black gram,2015,December,4,7501,8401,7901,Nasik,Maharashtra,,,,,,additive,6662.0,34.73231273130123
2015-02-01,Lasalgaon,black gram,2015,February,6,5427,5756,5551,Nasik,Maharashtra,,,,,,additive,6850.75,34.73231273130123
2016-02-01,Lasalgaon,black gram,2016,February,3,8400,9276,8400,Nasik,Maharashtra,,,,,,additive,6979.5,34.73231273130123
2015-01-01,Lasalgaon,black gram,2015,January,18,4942,5687,5567,Nasik,Maharashtra,,,,,,additive,7083.75,34.73231273130123
2016-01-01,Lasalgaon,black gram,2016,January,1,8401,9001,8801,Nasik,Maharashtra,,,,,,additive,7417.25,34.73231273130123
2015-06-01,Lasalgaon,black gram,2015,June,1,6500,6800,6500,Nasik,Maharashtra,,,,,,additive,7114.25,34.73231273130123
2015-05-01,Lasalgaon,black gram,2015,May,11,6656,6656,6656,Nasik,Maharashtra,,,,,,additive,6233.0,34.73231273130123
2014-11-01,Lasalgaon,black gram,2014,November,45,2825,5297,5120,Nasik,Maharashtra,,,,,,additive,6206.25,34.73231273130123
2015-11-01,Lasalgaon,black gram,2015,November,27,6051,8838,7929,Nasik,Maharashtra,,,,,,additive,6383.5,34.73231273130123
2014-10-01,Lasalgaon,black gram,2014,October,17,4088,4621,4556,Nasik,Maharashtra,,,,,,additive,6591.25,34.73231273130123
2015-10-01,Lasalgaon,black gram,2015,October,927,7356,10006,9324,Nasik,Maharashtra,,,,,,additive,7600.0,34.73231273130123
2016-10-01,Lasalgaon,black gram,2016,October,176,5484,7367,7196,Nasik,Maharashtra,,,,,,additive,7817.5,34.73231273130123
2015-09-01,Lasalgaon,black gram,2015,September,42,6939,7849,7554,Nasik,Maharashtra,,,,,,additive,7436.25,34.73231273130123
2016-09-01,Lasalgaon,black gram,2016,September,70,5933,7617,7441,Nasik,Maharashtra,,,,,,additive,6903.0,34.73231273130123
2016-11-01,Lasalgaon,black gram,2016,November,165,3965,5787,5176,Nasik,Maharashtra,,,,,,additive,,34.73231273130123
