date,APMC,Commodity,Year,Month,arrivals_in_qtl,min_price,max_price,modal_price,district_name,state_name,commodity,year,Type,msprice,msp_filter,seasonality,deseasonal,Peak seasonal price fluctuation %,Raw vs MSP diff,Desasonal vs MSP diff
2016-02-01,Digras,bajri,2016,February,1,1600,1600,1600,Yewatmal,Maharashtra,bajri,2016,Kharif Crops,1330.0,1,additive,,31.377750039007644,270.0,
2016-01-01,Digras,bajri,2016,January,2,1395,1395,1395,Yewatmal,Maharashtra,bajri,2016,Kharif Crops,1330.0,1,additive,1498.75,31.377750039007644,65.0,168.75
2016-03-01,Digras,bajri,2016,March,1,1605,1605,1605,Yewatmal,Maharashtra,bajri,2016,Kharif Crops,1330.0,1,additive,1495.75,31.377750039007644,275.0,165.75
2016-05-01,Digras,bajri,2016,May,20,1378,1378,1378,Yewatmal,Maharashtra,bajri,2016,Kharif Crops,1330.0,1,additive,1421.5,31.377750039007644,48.0,91.5
2015-11-01,Digras,bajri,2015,November,1,1325,1325,1325,Yewatmal,Maharashtra,bajri,2015,Kharif Crops,1275.0,1,additive,1533.25,31.377750039007644,50.0,258.25
2015-10-01,Digras,bajri,2015,October,1,2105,2105,2105,Yewatmal,Maharashtra,bajri,2015,Kharif Crops,1275.0,1,additive,1750.0,31.377750039007644,830.0,475.0
2015-09-01,Digras,bajri,2015,September,12,1295,1550,1465,Yewatmal,Maharashtra,bajri,2015,Kharif Crops,1275.0,1,additive,1745.0,31.377750039007644,190.0,470.0
2016-09-01,Digras,bajri,2016,September,4,1945,1945,1945,Yewatmal,Maharashtra,bajri,2016,Kharif Crops,1330.0,1,additive,,31.377750039007644,615.0,
