date,APMC,Commodity,Year,Month,arrivals_in_qtl,min_price,max_price,modal_price,district_name,state_name,commodity,year,Type,msprice,msp_filter,seasonality,deseasonal
2014-12-01,Osmanabad,bor,2014,December,332,785,1431,1131,Osmanabad,Maharashtra,,,,,,not found,
2015-12-01,Osmanabad,bor,2015,December,456,713,1567,1169,Osmanabad,Maharashtra,,,,,,not found,
2015-02-01,Osmanabad,bor,2015,February,80,350,1175,750,Osmanabad,Maharashtra,,,,,,not found,
2016-02-01,Osmanabad,bor,2016,February,56,788,1225,1025,Osmanabad,Maharashtra,,,,,,not found,
2015-01-01,Osmanabad,bor,2015,January,472,561,1300,956,Osmanabad,Maharashtra,,,,,,not found,
2016-01-01,Osmanabad,bor,2016,January,418,553,1547,1063,Osmanabad,Maharashtra,,,,,,not found,
2016-11-01,Osmanabad,bor,2016,November,25,950,2150,1575,Osmanabad,Maharashtra,,,,,,not found,
