date,APMC,Commodity,Year,Month,arrivals_in_qtl,min_price,max_price,modal_price,district_name,state_name,commodity,year,Type,msprice,msp_filter,seasonality,deseasonal,Peak seasonal price fluctuation %
2016-07-01,Washim-Ansing,black gram,2016,July,81,9400,9650,9550,Wasim,Maharashtra,,,,,,additive,,19.841808812367667
2016-06-01,Washim-Ansing,black gram,2016,June,3,9883,9883,9883,Wasim,Maharashtra,,,,,,additive,9829.0,19.841808812367667
2016-05-01,Washim-Ansing,black gram,2016,May,1,10000,10000,10000,Wasim,Maharashtra,,,,,,additive,9258.0,19.841808812367667
2016-10-01,Washim-Ansing,black gram,2016,October,585,6792,7297,7149,Wasim,Maharashtra,,,,,,additive,7767.5,19.841808812367667
2016-09-01,Washim-Ansing,black gram,2016,September,472,6550,6833,6772,Wasim,Maharashtra,,,,,,additive,6851.25,19.841808812367667
2016-11-01,Washim-Ansing,black gram,2016,November,109,6486,6956,6712,Wasim,Maharashtra,,,,,,additive,,19.841808812367667
