date,APMC,Commodity,Year,Month,arrivals_in_qtl,min_price,max_price,modal_price,district_name,state_name,commodity,year,Type,msprice,msp_filter,seasonality,deseasonal
2016-04-01,Amarawati,bitter gourd,2016,April,227,3318,3659,3488,Amaravathi,Maharashtra,,,,,,not found,
2015-08-01,Amarawati,bitter gourd,2015,August,6,1900,2100,1970,Amaravathi,Maharashtra,,,,,,not found,
2016-08-01,Amarawati,bitter gourd,2016,August,183,2006,2222,2114,Amaravathi,Maharashtra,,,,,,not found,
2015-12-01,Amarawati,bitter gourd,2015,December,76,2800,3050,2925,Amaravathi,Maharashtra,,,,,,not found,
2016-02-01,Amarawati,bitter gourd,2016,February,151,3119,3375,3247,Amaravathi,Maharashtra,,,,,,not found,
2016-01-01,Amarawati,bitter gourd,2016,January,232,3155,3453,3303,Amaravathi,Maharashtra,,,,,,not found,
2016-07-01,Amarawati,bitter gourd,2016,July,47,3800,4186,3993,Amaravathi,Maharashtra,,,,,,not found,
2016-06-01,Amarawati,bitter gourd,2016,June,138,3827,4236,4032,Amaravathi,Maharashtra,,,,,,not found,
2016-03-01,Amarawati,bitter gourd,2016,March,145,3400,3711,3556,Amaravathi,Maharashtra,,,,,,not found,
2016-05-01,Amarawati,bitter gourd,2016,May,162,2917,3196,3057,Amaravathi,Maharashtra,,,,,,not found,
2015-11-01,Amarawati,bitter gourd,2015,November,9,2400,2600,2484,Amaravathi,Maharashtra,,,,,,not found,
2015-10-01,Amarawati,bitter gourd,2015,October,32,2211,2422,2273,Amaravathi,Maharashtra,,,,,,not found,
2016-10-01,Amarawati,bitter gourd,2016,October,94,2000,2220,2110,Amaravathi,Maharashtra,,,,,,not found,
2015-09-01,Amarawati,bitter gourd,2015,September,27,1800,2000,1858,Amaravathi,Maharashtra,,,,,,not found,
2016-09-01,Amarawati,bitter gourd,2016,September,153,1240,1433,1337,Amaravathi,Maharashtra,,,,,,not found,
