date,APMC,Commodity,Year,Month,arrivals_in_qtl,min_price,max_price,modal_price,district_name,state_name,commodity,year,Type,msprice,msp_filter,seasonality,deseasonal
2016-02-01,Chandrapur,awala,2016,February,9,1500,2000,1800,Chandrapur,Maharashtra,,,,,,not found,
2015-01-01,Chandrapur,awala,2015,January,19,1100,1933,1600,Chandrapur,Maharashtra,,,,,,not found,
2014-10-01,Chandrapur,awala,2014,October,51,1055,1736,1323,Chandrapur,Maharashtra,,,,,,not found,
2016-10-01,Chandrapur,awala,2016,October,30,1700,2375,2050,Chandrapur,Maharashtra,,,,,,not found,
2014-09-01,Chandrapur,awala,2014,September,28,1400,1820,1640,Chandrapur,Maharashtra,,,,,,not found,
2015-09-01,Chandrapur,awala,2015,September,10,1500,2000,1600,Chandrapur,Maharashtra,,,,,,not found,
2016-11-01,Chandrapur,awala,2016,November,9,1800,2200,2000,Chandrapur,Maharashtra,,,,,,not found,
