date,APMC,Commodity,Year,Month,arrivals_in_qtl,min_price,max_price,modal_price,district_name,state_name,commodity,year,Type,msprice,msp_filter,seasonality,deseasonal,Peak seasonal price fluctuation %
2015-08-01,Solapur,black gram,2015,August,79,8232,8568,8322,Solapur,Maharashtra,,,,,,additive,,43.998634841406954
2016-08-01,Solapur,black gram,2016,August,1989,6566,8027,7661,Solapur,Maharashtra,,,,,,additive,7144.25,43.998634841406954
2014-12-01,Solapur,black gram,2014,December,27,4921,4946,4933,Solapur,Maharashtra,,,,,,additive,5694.5,43.998634841406954
2015-02-01,Solapur,black gram,2015,February,6,5251,5251,5251,Solapur,Maharashtra,,,,,,additive,5187.0,43.998634841406954
2015-01-01,Solapur,black gram,2015,January,12,5313,5313,5313,Solapur,Maharashtra,,,,,,additive,5183.0,43.998634841406954
2014-11-01,Solapur,black gram,2014,November,66,4628,4931,4855,Solapur,Maharashtra,,,,,,additive,6166.75,43.998634841406954
2015-11-01,Solapur,black gram,2015,November,18,9644,9644,9644,Solapur,Maharashtra,,,,,,additive,7224.75,43.998634841406954
2014-10-01,Solapur,black gram,2014,October,1493,4503,4909,4756,Solapur,Maharashtra,,,,,,additive,7052.5,43.998634841406954
2015-10-01,Solapur,black gram,2015,October,111,8420,9580,9054,Solapur,Maharashtra,,,,,,additive,7372.0,43.998634841406954
2016-10-01,Solapur,black gram,2016,October,779,5456,7154,6624,Solapur,Maharashtra,,,,,,additive,6996.5,43.998634841406954
2014-09-01,Solapur,black gram,2014,September,805,5304,5794,5684,Solapur,Maharashtra,,,,,,additive,6651.5,43.998634841406954
2015-09-01,Solapur,black gram,2015,September,427,7845,9088,8614,Solapur,Maharashtra,,,,,,additive,7414.75,43.998634841406954
2016-09-01,Solapur,black gram,2016,September,8349,5800,7243,6747,Solapur,Maharashtra,,,,,,additive,7103.0,43.998634841406954
2016-11-01,Solapur,black gram,2016,November,53,5892,6566,6304,Solapur,Maharashtra,,,,,,additive,,43.998634841406954
