date,APMC,Commodity,Year,Month,arrivals_in_qtl,min_price,max_price,modal_price,district_name,state_name,commodity,year,Type,msprice,msp_filter,seasonality,deseasonal,Raw vs MSP diff,Desasonal vs MSP diff
2016-08-01,Ghansawangi,bajri,2016,August,20,1550,1800,1650,Jalna,Maharashtra,bajri,2016,Kharif Crops,1330.0,1,not found,,320.0,
2015-12-01,Ghansawangi,bajri,2015,December,40,1613,1725,1663,Jalna,Maharashtra,bajri,2015,Kharif Crops,1275.0,1,not found,,388.0,
2016-07-01,Ghansawangi,bajri,2016,July,29,1600,1867,1733,Jalna,Maharashtra,bajri,2016,Kharif Crops,1330.0,1,not found,,403.0,
2016-06-01,Ghansawangi,bajri,2016,June,39,1583,1800,1667,Jalna,Maharashtra,bajri,2016,Kharif Crops,1330.0,1,not found,,337.0,
2016-05-01,Ghansawangi,bajri,2016,May,24,1500,1700,1600,Jalna,Maharashtra,bajri,2016,Kharif Crops,1330.0,1,not found,,270.0,
2014-11-01,Ghansawangi,bajri,2014,November,102,1425,1600,1475,Jalna,Maharashtra,bajri,2014,Kharif Crops,1250.0,1,not found,,225.0,
2015-11-01,Ghansawangi,bajri,2015,November,198,1567,1667,1617,Jalna,Maharashtra,bajri,2015,Kharif Crops,1275.0,1,not found,,342.0,
2014-10-01,Ghansawangi,bajri,2014,October,198,1150,1450,1350,Jalna,Maharashtra,bajri,2014,Kharif Crops,1250.0,1,not found,,100.0,
2016-10-01,Ghansawangi,bajri,2016,October,95,1233,1450,1317,Jalna,Maharashtra,bajri,2016,Kharif Crops,1330.0,1,not found,,-13.0,
2015-09-01,Ghansawangi,bajri,2015,September,86,1300,1400,1355,Jalna,Maharashtra,bajri,2015,Kharif Crops,1275.0,1,not found,,80.0,
2016-09-01,Ghansawangi,bajri,2016,September,64,1150,1375,1250,Jalna,Maharashtra,bajri,2016,Kharif Crops,1330.0,1,not found,,-80.0,
