date,APMC,Commodity,Year,Month,arrivals_in_qtl,min_price,max_price,modal_price,district_name,state_name,commodity,year,Type,msprice,msp_filter,seasonality,deseasonal
2016-08-01,Dhadgaon,bhagar-vari,2016,August,139,1591,1775,1683,Nandurbar,Maharashtra,,,,,,not found,
2016-02-01,Dhadgaon,bhagar-vari,2016,February,45,1500,1700,1625,Nandurbar,Maharashtra,,,,,,not found,
2016-01-01,Dhadgaon,bhagar-vari,2016,January,147,1225,1308,1267,Nandurbar,Maharashtra,,,,,,not found,
2016-07-01,Dhadgaon,bhagar-vari,2016,July,94,1503,1700,1608,Nandurbar,Maharashtra,,,,,,not found,
2016-06-01,Dhadgaon,bhagar-vari,2016,June,69,1512,1619,1567,Nandurbar,Maharashtra,,,,,,not found,
2016-03-01,Dhadgaon,bhagar-vari,2016,March,56,1530,1700,1650,Nandurbar,Maharashtra,,,,,,not found,
2016-10-01,Dhadgaon,bhagar-vari,2016,October,205,1515,1647,1579,Nandurbar,Maharashtra,,,,,,not found,
2016-09-01,Dhadgaon,bhagar-vari,2016,September,162,1600,1739,1670,Nandurbar,Maharashtra,,,,,,not found,
2016-11-01,Dhadgaon,bhagar-vari,2016,November,80,1413,1500,1456,Nandurbar,Maharashtra,,,,,,not found,
