date,APMC,Commodity,Year,Month,arrivals_in_qtl,min_price,max_price,modal_price,district_name,state_name,commodity,year,Type,msprice,msp_filter,seasonality,deseasonal
2016-04-01,Akkolkot,black gram,2016,April,3,10600,10600,10600,Solapur,Maharashtra,,,,,,not found,
2015-08-01,Akkolkot,black gram,2015,August,1172,8557,8838,8697,Solapur,Maharashtra,,,,,,not found,
2016-08-01,Akkolkot,black gram,2016,August,6401,7531,8137,7873,Solapur,Maharashtra,,,,,,not found,
2014-12-01,Akkolkot,black gram,2014,December,27,5200,5400,5300,Solapur,Maharashtra,,,,,,not found,
2014-10-01,Akkolkot,black gram,2014,October,9860,4437,5322,5115,Solapur,Maharashtra,,,,,,not found,
2015-10-01,Akkolkot,black gram,2015,October,81,8000,11550,10780,Solapur,Maharashtra,,,,,,not found,
2016-10-01,Akkolkot,black gram,2016,October,8433,5500,7649,6825,Solapur,Maharashtra,,,,,,not found,
2014-09-01,Akkolkot,black gram,2014,September,5573,4854,6598,6059,Solapur,Maharashtra,,,,,,not found,
2015-09-01,Akkolkot,black gram,2015,September,1524,8755,9418,9220,Solapur,Maharashtra,,,,,,not found,
2016-09-01,Akkolkot,black gram,2016,September,23225,6496,7390,7102,Solapur,Maharashtra,,,,,,not found,
2016-11-01,Akkolkot,black gram,2016,November,903,5025,6375,5463,Solapur,Maharashtra,,,,,,not found,
