date,APMC,Commodity,Year,Month,arrivals_in_qtl,min_price,max_price,modal_price,district_name,state_name,commodity,year,Type,msprice,msp_filter,seasonality,deseasonal
2016-08-01,Pune-Moshi,bitter gourd,2016,August,276,2394,3135,2771,Pune,Maharashtra,,,,,,not found,
2016-07-01,Pune-Moshi,bitter gourd,2016,July,141,3621,5155,4400,Pune,Maharashtra,,,,,,not found,
2016-06-01,Pune-Moshi,bitter gourd,2016,June,76,4262,6482,5339,Pune,Maharashtra,,,,,,not found,
2016-05-01,Pune-Moshi,bitter gourd,2016,May,10,3033,3917,3475,Pune,Maharashtra,,,,,,not found,
2016-10-01,Pune-Moshi,bitter gourd,2016,October,198,1717,2287,2002,Pune,Maharashtra,,,,,,not found,
2016-09-01,Pune-Moshi,bitter gourd,2016,September,208,1326,2737,1617,Pune,Maharashtra,,,,,,not found,
2016-11-01,Pune-Moshi,bitter gourd,2016,November,131,1440,1970,1705,Pune,Maharashtra,,,,,,not found,
