date,APMC,Commodity,Year,Month,arrivals_in_qtl,min_price,max_price,modal_price,district_name,state_name,commodity,year,Type,msprice,msp_filter,seasonality,deseasonal
2014-12-01,Hingoli,black gram,2014,December,85,4834,4996,4913,Hingoli,Maharashtra,,,,,,not found,
2015-12-01,Hingoli,black gram,2015,December,142,7997,10350,10350,Hingoli,Maharashtra,,,,,,not found,
2015-02-01,Hingoli,black gram,2015,February,7,5022,5100,5061,Hingoli,Maharashtra,,,,,,not found,
2015-01-01,Hingoli,black gram,2015,January,21,5129,5281,5205,Hingoli,Maharashtra,,,,,,not found,
2016-06-01,Hingoli,black gram,2016,June,5,8890,10850,9870,Hingoli,Maharashtra,,,,,,not found,
2015-11-01,Hingoli,black gram,2015,November,147,8099,8268,8268,Hingoli,Maharashtra,,,,,,not found,
2014-10-01,Hingoli,black gram,2014,October,203,3658,4523,4091,Hingoli,Maharashtra,,,,,,not found,
2015-10-01,Hingoli,black gram,2015,October,758,9466,11203,11203,Hingoli,Maharashtra,,,,,,not found,
2016-10-01,Hingoli,black gram,2016,October,2326,6127,7030,6918,Hingoli,Maharashtra,,,,,,not found,
2014-09-01,Hingoli,black gram,2014,September,49,3290,3860,3575,Hingoli,Maharashtra,,,,,,not found,
2015-09-01,Hingoli,black gram,2015,September,1927,7655,8721,8721,Hingoli,Maharashtra,,,,,,not found,
2016-09-01,Hingoli,black gram,2016,September,813,6507,7164,7164,Hingoli,Maharashtra,,,,,,not found,
2016-11-01,Hingoli,black gram,2016,November,296,5978,6656,6656,Hingoli,Maharashtra,,,,,,not found,
