date,APMC,Commodity,Year,Month,arrivals_in_qtl,min_price,max_price,modal_price,district_name,state_name,commodity,year,Type,msprice,msp_filter,seasonality,deseasonal,Raw vs MSP diff,Desasonal vs MSP diff
2015-04-01,Rahuri-Vambori,bajri,2015,April,87,1373,1474,1422,Ahmadnagar,Maharashtra,bajri,2015,Kharif Crops,1275.0,1,not found,,147.0,
2016-04-01,Rahuri-Vambori,bajri,2016,April,20,1716,1763,1739,Ahmadnagar,Maharashtra,bajri,2016,Kharif Crops,1330.0,1,not found,,409.0,
2015-08-01,Rahuri-Vambori,bajri,2015,August,21,1402,1427,1415,Ahmadnagar,Maharashtra,bajri,2015,Kharif Crops,1275.0,1,not found,,140.0,
2016-08-01,Rahuri-Vambori,bajri,2016,August,179,1590,1831,1721,Ahmadnagar,Maharashtra,bajri,2016,Kharif Crops,1330.0,1,not found,,391.0,
2014-12-01,Rahuri-Vambori,bajri,2014,December,173,1331,1539,1478,Ahmadnagar,Maharashtra,bajri,2014,Kharif Crops,1250.0,1,not found,,228.0,
2015-12-01,Rahuri-Vambori,bajri,2015,December,64,1479,1576,1521,Ahmadnagar,Maharashtra,bajri,2015,Kharif Crops,1275.0,1,not found,,246.0,
2015-02-01,Rahuri-Vambori,bajri,2015,February,175,1279,1425,1374,Ahmadnagar,Maharashtra,bajri,2015,Kharif Crops,1275.0,1,not found,,99.0,
2016-02-01,Rahuri-Vambori,bajri,2016,February,15,1506,1508,1507,Ahmadnagar,Maharashtra,bajri,2016,Kharif Crops,1330.0,1,not found,,177.0,
2015-01-01,Rahuri-Vambori,bajri,2015,January,303,1273,1465,1402,Ahmadnagar,Maharashtra,bajri,2015,Kharif Crops,1275.0,1,not found,,127.0,
2016-01-01,Rahuri-Vambori,bajri,2016,January,43,1373,1526,1454,Ahmadnagar,Maharashtra,bajri,2016,Kharif Crops,1330.0,1,not found,,124.0,
2015-07-01,Rahuri-Vambori,bajri,2015,July,43,1398,1445,1424,Ahmadnagar,Maharashtra,bajri,2015,Kharif Crops,1275.0,1,not found,,149.0,
2016-07-01,Rahuri-Vambori,bajri,2016,July,13,1829,1922,1875,Ahmadnagar,Maharashtra,bajri,2016,Kharif Crops,1330.0,1,not found,,545.0,
2015-06-01,Rahuri-Vambori,bajri,2015,June,195,1393,1507,1465,Ahmadnagar,Maharashtra,bajri,2015,Kharif Crops,1275.0,1,not found,,190.0,
2016-06-01,Rahuri-Vambori,bajri,2016,June,29,1760,1832,1796,Ahmadnagar,Maharashtra,bajri,2016,Kharif Crops,1330.0,1,not found,,466.0,
2015-03-01,Rahuri-Vambori,bajri,2015,March,79,1212,1343,1286,Ahmadnagar,Maharashtra,bajri,2015,Kharif Crops,1275.0,1,not found,,11.0,
2016-03-01,Rahuri-Vambori,bajri,2016,March,16,1450,1482,1466,Ahmadnagar,Maharashtra,bajri,2016,Kharif Crops,1330.0,1,not found,,136.0,
2015-05-01,Rahuri-Vambori,bajri,2015,May,18,1300,1498,1399,Ahmadnagar,Maharashtra,bajri,2015,Kharif Crops,1275.0,1,not found,,124.0,
2016-05-01,Rahuri-Vambori,bajri,2016,May,14,1763,1763,1763,Ahmadnagar,Maharashtra,bajri,2016,Kharif Crops,1330.0,1,not found,,433.0,
2014-11-01,Rahuri-Vambori,bajri,2014,November,312,1420,1620,1520,Ahmadnagar,Maharashtra,bajri,2014,Kharif Crops,1250.0,1,not found,,270.0,
2015-11-01,Rahuri-Vambori,bajri,2015,November,3,1686,1686,1686,Ahmadnagar,Maharashtra,bajri,2015,Kharif Crops,1275.0,1,not found,,411.0,
2014-10-01,Rahuri-Vambori,bajri,2014,October,365,1369,1589,1493,Ahmadnagar,Maharashtra,bajri,2014,Kharif Crops,1250.0,1,not found,,243.0,
2015-10-01,Rahuri-Vambori,bajri,2015,October,69,1369,1499,1434,Ahmadnagar,Maharashtra,bajri,2015,Kharif Crops,1275.0,1,not found,,159.0,
2016-10-01,Rahuri-Vambori,bajri,2016,October,3659,1136,1567,1486,Ahmadnagar,Maharashtra,bajri,2016,Kharif Crops,1330.0,1,not found,,156.0,
2014-09-01,Rahuri-Vambori,bajri,2014,September,434,1262,1611,1482,Ahmadnagar,Maharashtra,bajri,2014,Kharif Crops,1250.0,1,not found,,232.0,
2015-09-01,Rahuri-Vambori,bajri,2015,September,56,1433,1512,1480,Ahmadnagar,Maharashtra,bajri,2015,Kharif Crops,1275.0,1,not found,,205.0,
2016-09-01,Rahuri-Vambori,bajri,2016,September,1177,1302,1770,1589,Ahmadnagar,Maharashtra,bajri,2016,Kharif Crops,1330.0,1,not found,,259.0,
2016-11-01,Rahuri-Vambori,bajri,2016,November,1370,1205,1644,1512,Ahmadnagar,Maharashtra,bajri,2016,Kharif Crops,1330.0,1,not found,,182.0,
