date,APMC,Commodity,Year,Month,arrivals_in_qtl,min_price,max_price,modal_price,district_name,state_name,commodity,year,Type,msprice,msp_filter,seasonality,deseasonal,Peak seasonal price fluctuation %
2016-04-01,Chandrapur-Ganjwad,bitter gourd,2016,April,28,2167,3667,3000,Chandrapur,Maharashtra,,,,,,additive,,83.312965226086
2015-08-01,Chandrapur-Ganjwad,bitter gourd,2015,August,15,1200,1600,1400,Chandrapur,Maharashtra,,,,,,additive,1817.25,83.312965226086
2016-08-01,Chandrapur-Ganjwad,bitter gourd,2016,August,695,962,1915,1469,Chandrapur,Maharashtra,,,,,,additive,1482.25,83.312965226086
2015-12-01,Chandrapur-Ganjwad,bitter gourd,2015,December,160,1264,1936,1591,Chandrapur,Maharashtra,,,,,,additive,1325.25,83.312965226086
2015-02-01,Chandrapur-Ganjwad,bitter gourd,2015,February,8,450,900,650,Chandrapur,Maharashtra,,,,,,additive,1147.75,83.312965226086
2015-01-01,Chandrapur-Ganjwad,bitter gourd,2015,January,6,1400,2000,1700,Chandrapur,Maharashtra,,,,,,additive,1487.5,83.312965226086
2016-01-01,Chandrapur-Ganjwad,bitter gourd,2016,January,479,1580,2250,1900,Chandrapur,Maharashtra,,,,,,additive,1791.75,83.312965226086
2015-07-01,Chandrapur-Ganjwad,bitter gourd,2015,July,139,1333,1933,1667,Chandrapur,Maharashtra,,,,,,additive,1903.5,83.312965226086
2016-07-01,Chandrapur-Ganjwad,bitter gourd,2016,July,653,1760,3040,2380,Chandrapur,Maharashtra,,,,,,additive,1906.75,83.312965226086
2015-06-01,Chandrapur-Ganjwad,bitter gourd,2015,June,31,900,1700,1200,Chandrapur,Maharashtra,,,,,,additive,1832.5,83.312965226086
2016-06-01,Chandrapur-Ganjwad,bitter gourd,2016,June,193,2050,3050,2550,Chandrapur,Maharashtra,,,,,,additive,1700.0,83.312965226086
2015-03-01,Chandrapur-Ganjwad,bitter gourd,2015,March,7,400,650,500,Chandrapur,Maharashtra,,,,,,additive,1562.5,83.312965226086
2016-03-01,Chandrapur-Ganjwad,bitter gourd,2016,March,32,2275,3000,2700,Chandrapur,Maharashtra,,,,,,additive,2094.75,83.312965226086
2016-05-01,Chandrapur-Ganjwad,bitter gourd,2016,May,520,1964,3000,2479,Chandrapur,Maharashtra,,,,,,additive,2364.5,83.312965226086
2014-11-01,Chandrapur-Ganjwad,bitter gourd,2014,November,4,1500,2000,1800,Chandrapur,Maharashtra,,,,,,additive,1929.75,83.312965226086
2014-10-01,Chandrapur-Ganjwad,bitter gourd,2014,October,100,1340,1950,1640,Chandrapur,Maharashtra,,,,,,additive,1695.0,83.312965226086
2015-10-01,Chandrapur-Ganjwad,bitter gourd,2015,October,40,1300,2100,1700,Chandrapur,Maharashtra,,,,,,additive,1560.0,83.312965226086
2016-10-01,Chandrapur-Ganjwad,bitter gourd,2016,October,39,1000,1500,1200,Chandrapur,Maharashtra,,,,,,additive,1336.25,83.312965226086
2014-09-01,Chandrapur-Ganjwad,bitter gourd,2014,September,179,955,1573,1245,Chandrapur,Maharashtra,,,,,,additive,1210.0,83.312965226086
2015-09-01,Chandrapur-Ganjwad,bitter gourd,2015,September,33,1000,1300,1150,Chandrapur,Maharashtra,,,,,,additive,1107.0,83.312965226086
2016-09-01,Chandrapur-Ganjwad,bitter gourd,2016,September,217,733,1050,883,Chandrapur,Maharashtra,,,,,,additive,1029.0,83.312965226086
2016-11-01,Chandrapur-Ganjwad,bitter gourd,2016,November,6,1000,1500,1200,Chandrapur,Maharashtra,,,,,,additive,,83.312965226086
