date,APMC,Commodity,Year,Month,arrivals_in_qtl,min_price,max_price,modal_price,district_name,state_name,commodity,year,Type,msprice,msp_filter,seasonality,deseasonal,Raw vs MSP diff,Desasonal vs MSP diff
2015-04-01,Bhusaval,bajri,2015,April,61,1150,1250,1200,Jalgaon,Maharashtra,bajri,2015,Kharif Crops,1275.0,1,not found,,-75.0,
2016-04-01,Bhusaval,bajri,2016,April,3,1600,1600,1600,Jalgaon,Maharashtra,bajri,2016,Kharif Crops,1330.0,1,not found,,270.0,
2016-08-01,Bhusaval,bajri,2016,August,9,1550,1550,1550,Jalgaon,Maharashtra,bajri,2016,Kharif Crops,1330.0,1,not found,,220.0,
2014-12-01,Bhusaval,bajri,2014,December,15,1300,1300,1300,Jalgaon,Maharashtra,bajri,2014,Kharif Crops,1250.0,1,not found,,50.0,
2015-07-01,Bhusaval,bajri,2015,July,5,1150,1150,1150,Jalgaon,Maharashtra,bajri,2015,Kharif Crops,1275.0,1,not found,,-125.0,
2016-07-01,Bhusaval,bajri,2016,July,24,1550,1775,1700,Jalgaon,Maharashtra,bajri,2016,Kharif Crops,1330.0,1,not found,,370.0,
2016-06-01,Bhusaval,bajri,2016,June,11,1625,1700,1700,Jalgaon,Maharashtra,bajri,2016,Kharif Crops,1330.0,1,not found,,370.0,
2015-03-01,Bhusaval,bajri,2015,March,1,1100,1100,1100,Jalgaon,Maharashtra,bajri,2015,Kharif Crops,1275.0,1,not found,,-175.0,
2016-03-01,Bhusaval,bajri,2016,March,5,1500,1500,1500,Jalgaon,Maharashtra,bajri,2016,Kharif Crops,1330.0,1,not found,,170.0,
2015-05-01,Bhusaval,bajri,2015,May,14,1300,1300,1300,Jalgaon,Maharashtra,bajri,2015,Kharif Crops,1275.0,1,not found,,25.0,
2016-05-01,Bhusaval,bajri,2016,May,65,1644,1644,1644,Jalgaon,Maharashtra,bajri,2016,Kharif Crops,1330.0,1,not found,,314.0,
2014-11-01,Bhusaval,bajri,2014,November,27,1317,1317,1317,Jalgaon,Maharashtra,bajri,2014,Kharif Crops,1250.0,1,not found,,67.0,
2014-10-01,Bhusaval,bajri,2014,October,4,1250,1250,1250,Jalgaon,Maharashtra,bajri,2014,Kharif Crops,1250.0,1,not found,,0.0,
2015-09-01,Bhusaval,bajri,2015,September,15,1206,1300,1300,Jalgaon,Maharashtra,bajri,2015,Kharif Crops,1275.0,1,not found,,25.0,
2016-09-01,Bhusaval,bajri,2016,September,2,1500,1500,1500,Jalgaon,Maharashtra,bajri,2016,Kharif Crops,1330.0,1,not found,,170.0,
