date,APMC,Commodity,Year,Month,arrivals_in_qtl,min_price,max_price,modal_price,district_name,state_name,commodity,year,Type,msprice,msp_filter,seasonality,deseasonal,Peak seasonal price fluctuation %
2015-04-01,Kalyan,banana,2015,April,3,600,800,700,Thane,Maharashtra,,,,,,additive,,177.05223880597015
2016-04-01,Kalyan,banana,2016,April,6,700,850,775,Thane,Maharashtra,,,,,,additive,1668.75,177.05223880597015
2016-08-01,Kalyan,banana,2016,August,36,4017,4933,4425,Thane,Maharashtra,,,,,,additive,2643.75,177.05223880597015
2014-12-01,Kalyan,banana,2014,December,3,900,1000,950,Thane,Maharashtra,,,,,,additive,3456.25,177.05223880597015
2015-12-01,Kalyan,banana,2015,December,3,7000,8000,7500,Thane,Maharashtra,,,,,,additive,4175.0,177.05223880597015
2016-02-01,Kalyan,banana,2016,February,18,700,800,750,Thane,Maharashtra,,,,,,additive,2525.0,177.05223880597015
2016-01-01,Kalyan,banana,2016,January,9,867,1267,1100,Thane,Maharashtra,,,,,,additive,1237.5,177.05223880597015
2015-07-01,Kalyan,banana,2015,July,3,1800,2500,2000,Thane,Maharashtra,,,,,,additive,1691.0,177.05223880597015
2016-07-01,Kalyan,banana,2016,July,39,1573,1992,1664,Thane,Maharashtra,,,,,,additive,1800.75,177.05223880597015
2015-06-01,Kalyan,banana,2015,June,24,1688,2000,1875,Thane,Maharashtra,,,,,,additive,1549.25,177.05223880597015
2016-06-01,Kalyan,banana,2016,June,9,700,867,783,Thane,Maharashtra,,,,,,additive,1097.75,177.05223880597015
2015-03-01,Kalyan,banana,2015,March,9,900,1000,950,Thane,Maharashtra,,,,,,additive,845.75,177.05223880597015
2016-03-01,Kalyan,banana,2016,March,3,700,800,700,Thane,Maharashtra,,,,,,additive,1100.0,177.05223880597015
2016-05-01,Kalyan,banana,2016,May,33,1845,2255,2050,Thane,Maharashtra,,,,,,additive,1437.5,177.05223880597015
2014-10-01,Kalyan,banana,2014,October,3,900,1000,950,Thane,Maharashtra,,,,,,additive,2018.75,177.05223880597015
2015-10-01,Kalyan,banana,2015,October,6,3850,4400,4125,Thane,Maharashtra,,,,,,additive,3550.0,177.05223880597015
2016-10-01,Kalyan,banana,2016,October,3,4000,7000,5000,Thane,Maharashtra,,,,,,additive,5406.25,177.05223880597015
2015-09-01,Kalyan,banana,2015,September,6,7250,7750,7500,Thane,Maharashtra,,,,,,additive,6056.25,177.05223880597015
2016-09-01,Kalyan,banana,2016,September,36,3567,4867,4225,Thane,Maharashtra,,,,,,additive,5918.0,177.05223880597015
2016-11-01,Kalyan,banana,2016,November,27,6778,8667,7722,Thane,Maharashtra,,,,,,additive,,177.05223880597015
