date,APMC,Commodity,Year,Month,arrivals_in_qtl,min_price,max_price,modal_price,district_name,state_name,commodity,year,Type,msprice,msp_filter,seasonality,deseasonal
2015-04-01,Panvel,bottle gourd,2015,April,440,567,722,644,Raigad,Maharashtra,,,,,,not found,
2016-04-01,Panvel,bottle gourd,2016,April,140,2283,2667,2475,Raigad,Maharashtra,,,,,,not found,
2016-08-01,Panvel,bottle gourd,2016,August,755,1295,1589,1437,Raigad,Maharashtra,,,,,,not found,
2014-12-01,Panvel,bottle gourd,2014,December,180,1017,1300,1158,Raigad,Maharashtra,,,,,,not found,
2015-12-01,Panvel,bottle gourd,2015,December,550,1129,1314,1221,Raigad,Maharashtra,,,,,,not found,
2015-02-01,Panvel,bottle gourd,2015,February,230,550,725,638,Raigad,Maharashtra,,,,,,not found,
2016-02-01,Panvel,bottle gourd,2016,February,620,729,929,829,Raigad,Maharashtra,,,,,,not found,
2015-01-01,Panvel,bottle gourd,2015,January,185,1180,1360,1270,Raigad,Maharashtra,,,,,,not found,
2016-01-01,Panvel,bottle gourd,2016,January,720,1018,1236,1123,Raigad,Maharashtra,,,,,,not found,
2016-07-01,Panvel,bottle gourd,2016,July,312,2892,3300,3096,Raigad,Maharashtra,,,,,,not found,
2015-06-01,Panvel,bottle gourd,2015,June,210,1317,1517,1417,Raigad,Maharashtra,,,,,,not found,
2016-06-01,Panvel,bottle gourd,2016,June,670,2312,2659,2482,Raigad,Maharashtra,,,,,,not found,
2015-03-01,Panvel,bottle gourd,2015,March,240,750,925,838,Raigad,Maharashtra,,,,,,not found,
2016-03-01,Panvel,bottle gourd,2016,March,258,1810,2090,1950,Raigad,Maharashtra,,,,,,not found,
2015-05-01,Panvel,bottle gourd,2015,May,50,600,800,700,Raigad,Maharashtra,,,,,,not found,
2016-05-01,Panvel,bottle gourd,2016,May,471,2069,2388,2234,Raigad,Maharashtra,,,,,,not found,
2014-11-01,Panvel,bottle gourd,2014,November,145,1417,1600,1508,Raigad,Maharashtra,,,,,,not found,
2015-11-01,Panvel,bottle gourd,2015,November,245,1633,1867,1733,Raigad,Maharashtra,,,,,,not found,
2014-10-01,Panvel,bottle gourd,2014,October,375,910,1050,980,Raigad,Maharashtra,,,,,,not found,
2015-10-01,Panvel,bottle gourd,2015,October,40,2000,2300,2150,Raigad,Maharashtra,,,,,,not found,
2016-10-01,Panvel,bottle gourd,2016,October,150,1150,1350,1250,Raigad,Maharashtra,,,,,,not found,
2014-09-01,Panvel,bottle gourd,2014,September,105,1167,1333,1250,Raigad,Maharashtra,,,,,,not found,
2015-09-01,Panvel,bottle gourd,2015,September,262,740,880,810,Raigad,Maharashtra,,,,,,not found,
2016-09-01,Panvel,bottle gourd,2016,September,525,950,1190,1070,Raigad,Maharashtra,,,,,,not found,
2016-11-01,Panvel,bottle gourd,2016,November,555,950,1150,1050,Raigad,Maharashtra,,,,,,not found,
