date,APMC,Commodity,Year,Month,arrivals_in_qtl,min_price,max_price,modal_price,district_name,state_name,commodity,year,Type,msprice,msp_filter,seasonality,deseasonal
2014-12-01,Kej,black gram,2014,December,3,5221,5387,5221,Beed,Maharashtra,,,,,,not found,
2015-01-01,Kej,black gram,2015,January,4,4900,5357,4900,Beed,Maharashtra,,,,,,not found,
2016-01-01,Kej,black gram,2016,January,1,6501,8301,8301,Beed,Maharashtra,,,,,,not found,
2015-11-01,Kej,black gram,2015,November,4,9200,9325,9250,Beed,Maharashtra,,,,,,not found,
2014-10-01,Kej,black gram,2014,October,17,4440,4784,4500,Beed,Maharashtra,,,,,,not found,
2015-10-01,Kej,black gram,2015,October,10,8880,9940,8900,Beed,Maharashtra,,,,,,not found,
2016-10-01,Kej,black gram,2016,October,33,5710,6969,6228,Beed,Maharashtra,,,,,,not found,
2014-09-01,Kej,black gram,2014,September,6,4926,5151,5026,Beed,Maharashtra,,,,,,not found,
2015-09-01,Kej,black gram,2015,September,7,8384,8567,8384,Beed,Maharashtra,,,,,,not found,
2016-09-01,Kej,black gram,2016,September,88,5847,6759,6217,Beed,Maharashtra,,,,,,not found,
2016-11-01,Kej,black gram,2016,November,42,4259,6331,5314,Beed,Maharashtra,,,,,,not found,
