date,APMC,Commodity,Year,Month,arrivals_in_qtl,min_price,max_price,modal_price,district_name,state_name,commodity,year,Type,msprice,msp_filter,seasonality,deseasonal,Peak seasonal price fluctuation %,Raw vs MSP diff,Desasonal vs MSP diff
2016-04-01,Ulhasnagar,bajri,2016,April,645,1971,2974,2450,Thane,Maharashtra,bajri,2016,Kharif Crops,1330.0,1,additive,,46.60263761467889,1120.0,
2016-08-01,Ulhasnagar,bajri,2016,August,1324,1733,2642,2208,Thane,Maharashtra,bajri,2016,Kharif Crops,1330.0,1,additive,2568.75,46.60263761467889,878.0,1238.75
2015-12-01,Ulhasnagar,bajri,2015,December,1100,2694,4100,3409,Thane,Maharashtra,bajri,2015,Kharif Crops,1275.0,1,additive,2859.75,46.60263761467889,2134.0,1584.75
2016-02-01,Ulhasnagar,bajri,2016,February,548,1950,2875,2413,Thane,Maharashtra,bajri,2016,Kharif Crops,1330.0,1,additive,2642.0,46.60263761467889,1083.0,1312.0
2016-01-01,Ulhasnagar,bajri,2016,January,1677,1883,2783,2333,Thane,Maharashtra,bajri,2016,Kharif Crops,1330.0,1,additive,2285.75,46.60263761467889,1003.0,955.75
2016-07-01,Ulhasnagar,bajri,2016,July,990,1636,2545,2064,Thane,Maharashtra,bajri,2016,Kharif Crops,1330.0,1,additive,2120.5,46.60263761467889,734.0,790.5
2016-06-01,Ulhasnagar,bajri,2016,June,990,1714,2457,2021,Thane,Maharashtra,bajri,2016,Kharif Crops,1330.0,1,additive,2137.0,46.60263761467889,691.0,807.0
2016-03-01,Ulhasnagar,bajri,2016,March,860,1967,2954,2442,Thane,Maharashtra,bajri,2016,Kharif Crops,1330.0,1,additive,2344.0,46.60263761467889,1112.0,1014.0
2016-05-01,Ulhasnagar,bajri,2016,May,1260,1986,3043,2471,Thane,Maharashtra,bajri,2016,Kharif Crops,1330.0,1,additive,2333.25,46.60263761467889,1141.0,1003.25
2016-10-01,Ulhasnagar,bajri,2016,October,1270,1585,2177,1949,Thane,Maharashtra,bajri,2016,Kharif Crops,1330.0,1,additive,2156.0,46.60263761467889,619.0,826.0
2016-09-01,Ulhasnagar,bajri,2016,September,1090,1955,2555,2255,Thane,Maharashtra,bajri,2016,Kharif Crops,1330.0,1,additive,2087.0,46.60263761467889,925.0,757.0
2016-11-01,Ulhasnagar,bajri,2016,November,2130,1585,2085,1889,Thane,Maharashtra,bajri,2016,Kharif Crops,1330.0,1,additive,,46.60263761467889,559.0,
