date,APMC,Commodity,Year,Month,arrivals_in_qtl,min_price,max_price,modal_price,district_name,state_name,commodity,year,Type,msprice,msp_filter,seasonality,deseasonal,Peak seasonal price fluctuation %,Raw vs MSP diff,Desasonal vs MSP diff
2016-04-01,Chalisgaon,bajri,2016,April,1164,1449,1886,1745,Jalgaon,Maharashtra,bajri,2016,Kharif Crops,1330.0,1,additive,,22.014867824423956,415.0,
2015-08-01,Chalisgaon,bajri,2015,August,3115,1173,1349,1314,Jalgaon,Maharashtra,bajri,2015,Kharif Crops,1275.0,1,additive,1485.5,22.014867824423956,39.0,210.5
2016-08-01,Chalisgaon,bajri,2016,August,153,1350,1737,1569,Jalgaon,Maharashtra,bajri,2016,Kharif Crops,1330.0,1,additive,1438.5,22.014867824423956,239.0,108.5
2014-12-01,Chalisgaon,bajri,2014,December,6805,1102,1362,1302,Jalgaon,Maharashtra,bajri,2014,Kharif Crops,1250.0,1,additive,1399.25,22.014867824423956,52.0,149.25
2015-12-01,Chalisgaon,bajri,2015,December,5835,1308,1581,1424,Jalgaon,Maharashtra,bajri,2015,Kharif Crops,1275.0,1,additive,1364.75,22.014867824423956,149.0,89.75
2015-02-01,Chalisgaon,bajri,2015,February,3050,1124,1371,1309,Jalgaon,Maharashtra,bajri,2015,Kharif Crops,1275.0,1,additive,1381.0,22.014867824423956,34.0,106.0
2016-02-01,Chalisgaon,bajri,2016,February,1980,1361,1594,1482,Jalgaon,Maharashtra,bajri,2016,Kharif Crops,1330.0,1,additive,1401.5,22.014867824423956,152.0,71.5
2015-01-01,Chalisgaon,bajri,2015,January,4575,1147,1405,1333,Jalgaon,Maharashtra,bajri,2015,Kharif Crops,1275.0,1,additive,1404.0,22.014867824423956,58.0,129.0
2016-01-01,Chalisgaon,bajri,2016,January,3080,1343,1576,1468,Jalgaon,Maharashtra,bajri,2016,Kharif Crops,1330.0,1,additive,1379.25,22.014867824423956,138.0,49.25
2015-07-01,Chalisgaon,bajri,2015,July,2446,1090,1298,1248,Jalgaon,Maharashtra,bajri,2015,Kharif Crops,1275.0,1,additive,1440.5,22.014867824423956,-27.0,165.5
2016-07-01,Chalisgaon,bajri,2016,July,96,1390,1900,1798,Jalgaon,Maharashtra,bajri,2016,Kharif Crops,1330.0,1,additive,1649.5,22.014867824423956,468.0,319.5
2016-06-01,Chalisgaon,bajri,2016,June,434,1429,1888,1754,Jalgaon,Maharashtra,bajri,2016,Kharif Crops,1330.0,1,additive,1648.5,22.014867824423956,424.0,318.5
2015-03-01,Chalisgaon,bajri,2015,March,2045,1100,1360,1288,Jalgaon,Maharashtra,bajri,2015,Kharif Crops,1275.0,1,additive,1481.75,22.014867824423956,13.0,206.75
2016-03-01,Chalisgaon,bajri,2016,March,1724,1358,1697,1597,Jalgaon,Maharashtra,bajri,2016,Kharif Crops,1330.0,1,additive,1566.25,22.014867824423956,267.0,236.25
2016-05-01,Chalisgaon,bajri,2016,May,1658,1417,1905,1783,Jalgaon,Maharashtra,bajri,2016,Kharif Crops,1330.0,1,additive,1632.5,22.014867824423956,453.0,302.5
2015-11-01,Chalisgaon,bajri,2015,November,625,1300,1447,1367,Jalgaon,Maharashtra,bajri,2015,Kharif Crops,1275.0,1,additive,1450.0,22.014867824423956,92.0,175.0
2014-10-01,Chalisgaon,bajri,2014,October,1155,1208,1338,1283,Jalgaon,Maharashtra,bajri,2014,Kharif Crops,1250.0,1,additive,1362.5,22.014867824423956,33.0,112.5
2016-10-01,Chalisgaon,bajri,2016,October,702,1262,1715,1517,Jalgaon,Maharashtra,bajri,2016,Kharif Crops,1330.0,1,additive,1406.25,22.014867824423956,187.0,76.25
2014-09-01,Chalisgaon,bajri,2014,September,2759,1224,1379,1308,Jalgaon,Maharashtra,bajri,2014,Kharif Crops,1250.0,1,additive,1381.5,22.014867824423956,58.0,131.5
2015-09-01,Chalisgaon,bajri,2015,September,1230,1314,1440,1393,Jalgaon,Maharashtra,bajri,2015,Kharif Crops,1275.0,1,additive,1426.5,22.014867824423956,118.0,151.5
2016-09-01,Chalisgaon,bajri,2016,September,335,1371,1753,1612,Jalgaon,Maharashtra,bajri,2016,Kharif Crops,1330.0,1,additive,1535.5,22.014867824423956,282.0,205.5
2016-11-01,Chalisgaon,bajri,2016,November,485,1176,1675,1525,Jalgaon,Maharashtra,bajri,2016,Kharif Crops,1330.0,1,additive,,22.014867824423956,195.0,
