date,APMC,Commodity,Year,Month,arrivals_in_qtl,min_price,max_price,modal_price,district_name,state_name,commodity,year,Type,msprice,msp_filter,seasonality,deseasonal
2015-08-01,Ner Parasopant,black gram,2015,August,2,4300,4300,4300,Yewatmal,Maharashtra,,,,,,not found,
2014-12-01,Ner Parasopant,black gram,2014,December,7,4300,4500,4400,Yewatmal,Maharashtra,,,,,,not found,
2015-02-01,Ner Parasopant,black gram,2015,February,2,4300,4300,4300,Yewatmal,Maharashtra,,,,,,not found,
2014-10-01,Ner Parasopant,black gram,2014,October,160,4200,4330,4271,Yewatmal,Maharashtra,,,,,,not found,
2015-10-01,Ner Parasopant,black gram,2015,October,126,9373,9878,9662,Yewatmal,Maharashtra,,,,,,not found,
2016-10-01,Ner Parasopant,black gram,2016,October,1339,5994,6211,6103,Yewatmal,Maharashtra,,,,,,not found,
2015-09-01,Ner Parasopant,black gram,2015,September,360,8170,8366,8271,Yewatmal,Maharashtra,,,,,,not found,
2016-09-01,Ner Parasopant,black gram,2016,September,1674,6465,6671,6568,Yewatmal,Maharashtra,,,,,,not found,
2016-11-01,Ner Parasopant,black gram,2016,November,22,5563,5663,5613,Yewatmal,Maharashtra,,,,,,not found,
