date,APMC,Commodity,Year,Month,arrivals_in_qtl,min_price,max_price,modal_price,district_name,state_name,commodity,year,Type,msprice,msp_filter,seasonality,deseasonal
2015-04-01,Nagpur,banana,2015,April,3416,450,550,500,Nagpur,Maharashtra,,,,,,not found,
2016-04-01,Nagpur,banana,2016,April,2707,450,550,525,Nagpur,Maharashtra,,,,,,not found,
2015-08-01,Nagpur,banana,2015,August,5390,450,550,525,Nagpur,Maharashtra,,,,,,not found,
2016-08-01,Nagpur,banana,2016,August,3891,450,550,525,Nagpur,Maharashtra,,,,,,not found,
2014-12-01,Nagpur,banana,2014,December,2418,450,550,500,Nagpur,Maharashtra,,,,,,not found,
2015-12-01,Nagpur,banana,2015,December,2280,450,550,525,Nagpur,Maharashtra,,,,,,not found,
2015-02-01,Nagpur,banana,2015,February,2600,450,550,500,Nagpur,Maharashtra,,,,,,not found,
2016-02-01,Nagpur,banana,2016,February,2898,450,550,522,Nagpur,Maharashtra,,,,,,not found,
2015-01-01,Nagpur,banana,2015,January,2326,450,550,500,Nagpur,Maharashtra,,,,,,not found,
2016-01-01,Nagpur,banana,2016,January,2805,450,550,525,Nagpur,Maharashtra,,,,,,not found,
2015-07-01,Nagpur,banana,2015,July,4446,450,550,525,Nagpur,Maharashtra,,,,,,not found,
2016-07-01,Nagpur,banana,2016,July,2583,449,550,525,Nagpur,Maharashtra,,,,,,not found,
2015-06-01,Nagpur,banana,2015,June,2772,450,550,511,Nagpur,Maharashtra,,,,,,not found,
2016-06-01,Nagpur,banana,2016,June,4788,594,750,711,Nagpur,Maharashtra,,,,,,not found,
2015-03-01,Nagpur,banana,2015,March,2766,450,550,500,Nagpur,Maharashtra,,,,,,not found,
2016-03-01,Nagpur,banana,2016,March,2989,450,550,525,Nagpur,Maharashtra,,,,,,not found,
2015-05-01,Nagpur,banana,2015,May,2162,450,550,500,Nagpur,Maharashtra,,,,,,not found,
2016-05-01,Nagpur,banana,2016,May,4819,450,550,525,Nagpur,Maharashtra,,,,,,not found,
2014-11-01,Nagpur,banana,2014,November,3069,450,550,500,Nagpur,Maharashtra,,,,,,not found,
2015-11-01,Nagpur,banana,2015,November,4206,450,550,525,Nagpur,Maharashtra,,,,,,not found,
2014-10-01,Nagpur,banana,2014,October,4386,450,550,500,Nagpur,Maharashtra,,,,,,not found,
2015-10-01,Nagpur,banana,2015,October,5356,450,550,525,Nagpur,Maharashtra,,,,,,not found,
2016-10-01,Nagpur,banana,2016,October,4040,450,550,525,Nagpur,Maharashtra,,,,,,not found,
2014-09-01,Nagpur,banana,2014,September,5676,450,548,499,Nagpur,Maharashtra,,,,,,not found,
2015-09-01,Nagpur,banana,2015,September,5585,450,740,525,Nagpur,Maharashtra,,,,,,not found,
2016-09-01,Nagpur,banana,2016,September,3615,450,550,525,Nagpur,Maharashtra,,,,,,not found,
2016-11-01,Nagpur,banana,2016,November,3080,450,550,525,Nagpur,Maharashtra,,,,,,not found,
