date,APMC,Commodity,Year,Month,arrivals_in_qtl,min_price,max_price,modal_price,district_name,state_name,commodity,year,Type,msprice,msp_filter,seasonality,deseasonal
2015-04-01,Karad,bitter gourd,2015,April,63,2125,2583,2338,Satara,Maharashtra,,,,,,not found,
2016-04-01,Karad,bitter gourd,2016,April,87,2992,3476,3476,Satara,Maharashtra,,,,,,not found,
2015-08-01,Karad,bitter gourd,2015,August,36,1900,2420,2420,Satara,Maharashtra,,,,,,not found,
2016-08-01,Karad,bitter gourd,2016,August,135,2238,2785,2785,Satara,Maharashtra,,,,,,not found,
2014-12-01,Karad,bitter gourd,2014,December,39,2100,2663,2381,Satara,Maharashtra,,,,,,not found,
2015-12-01,Karad,bitter gourd,2015,December,114,1968,2477,2477,Satara,Maharashtra,,,,,,not found,
2015-02-01,Karad,bitter gourd,2015,February,66,2256,2833,2522,Satara,Maharashtra,,,,,,not found,
2016-02-01,Karad,bitter gourd,2016,February,78,2309,2848,2848,Satara,Maharashtra,,,,,,not found,
2015-01-01,Karad,bitter gourd,2015,January,66,2091,2873,2486,Satara,Maharashtra,,,,,,not found,
2016-01-01,Karad,bitter gourd,2016,January,69,2386,2868,2868,Satara,Maharashtra,,,,,,not found,
2015-07-01,Karad,bitter gourd,2015,July,9,3000,3750,3750,Satara,Maharashtra,,,,,,not found,
2016-07-01,Karad,bitter gourd,2016,July,96,4029,4695,4695,Satara,Maharashtra,,,,,,not found,
2015-06-01,Karad,bitter gourd,2015,June,48,2500,3063,3000,Satara,Maharashtra,,,,,,not found,
2016-06-01,Karad,bitter gourd,2016,June,117,3673,4281,4281,Satara,Maharashtra,,,,,,not found,
2015-03-01,Karad,bitter gourd,2015,March,105,2192,2700,2446,Satara,Maharashtra,,,,,,not found,
2016-03-01,Karad,bitter gourd,2016,March,93,2638,3265,3265,Satara,Maharashtra,,,,,,not found,
2015-05-01,Karad,bitter gourd,2015,May,60,2225,2675,2425,Satara,Maharashtra,,,,,,not found,
2016-05-01,Karad,bitter gourd,2016,May,147,2915,3485,3485,Satara,Maharashtra,,,,,,not found,
2014-11-01,Karad,bitter gourd,2014,November,39,2500,2986,2743,Satara,Maharashtra,,,,,,not found,
2015-11-01,Karad,bitter gourd,2015,November,21,1550,2050,2050,Satara,Maharashtra,,,,,,not found,
2014-10-01,Karad,bitter gourd,2014,October,93,1483,1992,1738,Satara,Maharashtra,,,,,,not found,
2015-10-01,Karad,bitter gourd,2015,October,75,1245,1673,1655,Satara,Maharashtra,,,,,,not found,
2016-10-01,Karad,bitter gourd,2016,October,129,1292,1764,1764,Satara,Maharashtra,,,,,,not found,
2014-09-01,Karad,bitter gourd,2014,September,114,2200,2685,2442,Satara,Maharashtra,,,,,,not found,
2015-09-01,Karad,bitter gourd,2015,September,54,919,1113,1113,Satara,Maharashtra,,,,,,not found,
2016-09-01,Karad,bitter gourd,2016,September,162,970,1343,1343,Satara,Maharashtra,,,,,,not found,
2016-11-01,Karad,bitter gourd,2016,November,135,1042,1371,1371,Satara,Maharashtra,,,,,,not found,
