date,APMC,Commodity,Year,Month,arrivals_in_qtl,min_price,max_price,modal_price,district_name,state_name,commodity,year,Type,msprice,msp_filter,seasonality,deseasonal,Raw vs MSP diff,Desasonal vs MSP diff
2015-04-01,Lasalgaon,bajri,2015,April,837,1286,1556,1438,Nasik,Maharashtra,bajri,2015,Kharif Crops,1275.0,1,not found,,163.0,
2016-04-01,Lasalgaon,bajri,2016,April,808,1429,2107,1792,Nasik,Maharashtra,bajri,2016,Kharif Crops,1330.0,1,not found,,462.0,
2015-08-01,Lasalgaon,bajri,2015,August,405,1300,1577,1480,Nasik,Maharashtra,bajri,2015,Kharif Crops,1275.0,1,not found,,205.0,
2016-08-01,Lasalgaon,bajri,2016,August,709,1384,2034,1811,Nasik,Maharashtra,bajri,2016,Kharif Crops,1330.0,1,not found,,481.0,
2014-12-01,Lasalgaon,bajri,2014,December,528,1176,1442,1366,Nasik,Maharashtra,bajri,2014,Kharif Crops,1250.0,1,not found,,116.0,
2015-12-01,Lasalgaon,bajri,2015,December,450,1334,1803,1573,Nasik,Maharashtra,bajri,2015,Kharif Crops,1275.0,1,not found,,298.0,
2015-02-01,Lasalgaon,bajri,2015,February,437,1182,1426,1340,Nasik,Maharashtra,bajri,2015,Kharif Crops,1275.0,1,not found,,65.0,
2016-02-01,Lasalgaon,bajri,2016,February,309,1326,1987,1602,Nasik,Maharashtra,bajri,2016,Kharif Crops,1330.0,1,not found,,272.0,
2015-01-01,Lasalgaon,bajri,2015,January,324,1252,1517,1391,Nasik,Maharashtra,bajri,2015,Kharif Crops,1275.0,1,not found,,116.0,
2016-01-01,Lasalgaon,bajri,2016,January,200,1441,1741,1631,Nasik,Maharashtra,bajri,2016,Kharif Crops,1330.0,1,not found,,301.0,
2015-07-01,Lasalgaon,bajri,2015,July,556,1317,1588,1481,Nasik,Maharashtra,bajri,2015,Kharif Crops,1275.0,1,not found,,206.0,
2016-07-01,Lasalgaon,bajri,2016,July,177,1564,2093,1885,Nasik,Maharashtra,bajri,2016,Kharif Crops,1330.0,1,not found,,555.0,
2015-06-01,Lasalgaon,bajri,2015,June,1061,1328,1569,1440,Nasik,Maharashtra,bajri,2015,Kharif Crops,1275.0,1,not found,,165.0,
2016-06-01,Lasalgaon,bajri,2016,June,425,1461,2070,1752,Nasik,Maharashtra,bajri,2016,Kharif Crops,1330.0,1,not found,,422.0,
2015-03-01,Lasalgaon,bajri,2015,March,66,1067,1457,1373,Nasik,Maharashtra,bajri,2015,Kharif Crops,1275.0,1,not found,,98.0,
2016-03-01,Lasalgaon,bajri,2016,March,461,1315,2015,1715,Nasik,Maharashtra,bajri,2016,Kharif Crops,1330.0,1,not found,,385.0,
2015-05-01,Lasalgaon,bajri,2015,May,1332,1222,1486,1377,Nasik,Maharashtra,bajri,2015,Kharif Crops,1275.0,1,not found,,102.0,
2016-05-01,Lasalgaon,bajri,2016,May,1040,1385,2240,1909,Nasik,Maharashtra,bajri,2016,Kharif Crops,1330.0,1,not found,,579.0,
2014-11-01,Lasalgaon,bajri,2014,November,831,1104,1531,1402,Nasik,Maharashtra,bajri,2014,Kharif Crops,1250.0,1,not found,,152.0,
2015-11-01,Lasalgaon,bajri,2015,November,588,1268,1764,1552,Nasik,Maharashtra,bajri,2015,Kharif Crops,1275.0,1,not found,,277.0,
2014-10-01,Lasalgaon,bajri,2014,October,509,1118,1447,1379,Nasik,Maharashtra,bajri,2014,Kharif Crops,1250.0,1,not found,,129.0,
2015-10-01,Lasalgaon,bajri,2015,October,1130,1176,1621,1455,Nasik,Maharashtra,bajri,2015,Kharif Crops,1275.0,1,not found,,180.0,
2016-10-01,Lasalgaon,bajri,2016,October,1027,1346,1623,1441,Nasik,Maharashtra,bajri,2016,Kharif Crops,1330.0,1,not found,,111.0,
2014-09-01,Lasalgaon,bajri,2014,September,388,1289,1615,1462,Nasik,Maharashtra,bajri,2014,Kharif Crops,1250.0,1,not found,,212.0,
2015-09-01,Lasalgaon,bajri,2015,September,460,1412,1670,1576,Nasik,Maharashtra,bajri,2015,Kharif Crops,1275.0,1,not found,,301.0,
2016-09-01,Lasalgaon,bajri,2016,September,1438,1396,1852,1631,Nasik,Maharashtra,bajri,2016,Kharif Crops,1330.0,1,not found,,301.0,
2016-11-01,Lasalgaon,bajri,2016,November,588,1293,1975,1735,Nasik,Maharashtra,bajri,2016,Kharif Crops,1330.0,1,not found,,405.0,
