date,APMC,Commodity,Year,Month,arrivals_in_qtl,min_price,max_price,modal_price,district_name,state_name,commodity,year,Type,msprice,msp_filter,seasonality,deseasonal,Raw vs MSP diff,Desasonal vs MSP diff
2014-12-01,Akluj,bajri,2014,December,6,1351,1351,1351,Solapur,Maharashtra,bajri,2014,Kharif Crops,1250.0,1,not found,,101.0,
2015-02-01,Akluj,bajri,2015,February,42,1100,1100,1100,Solapur,Maharashtra,bajri,2015,Kharif Crops,1275.0,1,not found,,-175.0,
2016-02-01,Akluj,bajri,2016,February,3,1600,1600,1600,Solapur,Maharashtra,bajri,2016,Kharif Crops,1330.0,1,not found,,270.0,
2015-01-01,Akluj,bajri,2015,January,26,1456,1458,1458,Solapur,Maharashtra,bajri,2015,Kharif Crops,1275.0,1,not found,,183.0,
2015-07-01,Akluj,bajri,2015,July,9,1383,1383,1383,Solapur,Maharashtra,bajri,2015,Kharif Crops,1275.0,1,not found,,108.0,
2015-06-01,Akluj,bajri,2015,June,12,1330,1330,1330,Solapur,Maharashtra,bajri,2015,Kharif Crops,1275.0,1,not found,,55.0,
2015-05-01,Akluj,bajri,2015,May,10,1401,1401,1401,Solapur,Maharashtra,bajri,2015,Kharif Crops,1275.0,1,not found,,126.0,
2016-05-01,Akluj,bajri,2016,May,13,1646,1646,1646,Solapur,Maharashtra,bajri,2016,Kharif Crops,1330.0,1,not found,,316.0,
2014-11-01,Akluj,bajri,2014,November,135,1434,1513,1481,Solapur,Maharashtra,bajri,2014,Kharif Crops,1250.0,1,not found,,231.0,
2014-10-01,Akluj,bajri,2014,October,37,1526,1638,1638,Solapur,Maharashtra,bajri,2014,Kharif Crops,1250.0,1,not found,,388.0,
2014-09-01,Akluj,bajri,2014,September,9,1517,1564,1564,Solapur,Maharashtra,bajri,2014,Kharif Crops,1250.0,1,not found,,314.0,
2016-09-01,Akluj,bajri,2016,September,14,1506,1706,1556,Solapur,Maharashtra,bajri,2016,Kharif Crops,1330.0,1,not found,,226.0,
