date,APMC,Commodity,Year,Month,arrivals_in_qtl,min_price,max_price,modal_price,district_name,state_name,commodity,year,Type,msprice,msp_filter,seasonality,deseasonal,Peak seasonal price fluctuation %
2016-04-01,Manchar,bottle gourd,2016,April,7,200,1000,650,Pune,Maharashtra,,,,,,additive,,173.40690637237452
2015-08-01,Manchar,bottle gourd,2015,August,41,500,600,550,Pune,Maharashtra,,,,,,additive,597.25,173.40690637237452
2016-08-01,Manchar,bottle gourd,2016,August,848,427,836,639,Pune,Maharashtra,,,,,,additive,557.0,173.40690637237452
2014-12-01,Manchar,bottle gourd,2014,December,97,200,600,400,Pune,Maharashtra,,,,,,additive,684.75,173.40690637237452
2015-12-01,Manchar,bottle gourd,2015,December,20,1025,1575,1300,Pune,Maharashtra,,,,,,additive,881.75,173.40690637237452
2016-02-01,Manchar,bottle gourd,2016,February,60,450,602,527,Pune,Maharashtra,,,,,,additive,867.5,173.40690637237452
2016-01-01,Manchar,bottle gourd,2016,January,76,910,1280,1116,Pune,Maharashtra,,,,,,additive,827.75,173.40690637237452
2015-07-01,Manchar,bottle gourd,2015,July,240,449,647,552,Pune,Maharashtra,,,,,,additive,812.75,173.40690637237452
2016-07-01,Manchar,bottle gourd,2016,July,418,706,1461,1031,Pune,Maharashtra,,,,,,additive,986.0,173.40690637237452
2016-06-01,Manchar,bottle gourd,2016,June,237,1061,1689,1330,Pune,Maharashtra,,,,,,additive,1174.0,173.40690637237452
2016-05-01,Manchar,bottle gourd,2016,May,80,543,1179,1005,Pune,Maharashtra,,,,,,additive,1041.25,173.40690637237452
2014-11-01,Manchar,bottle gourd,2014,November,105,500,1150,825,Pune,Maharashtra,,,,,,additive,841.25,173.40690637237452
2015-11-01,Manchar,bottle gourd,2015,November,43,567,850,710,Pune,Maharashtra,,,,,,additive,1161.25,173.40690637237452
2015-10-01,Manchar,bottle gourd,2015,October,14,2400,2400,2400,Pune,Maharashtra,,,,,,additive,1515.0,173.40690637237452
2015-09-01,Manchar,bottle gourd,2015,September,37,400,700,550,Pune,Maharashtra,,,,,,additive,990.0,173.40690637237452
2016-09-01,Manchar,bottle gourd,2016,September,160,300,600,460,Pune,Maharashtra,,,,,,additive,,173.40690637237452
