date,APMC,Commodity,Year,Month,arrivals_in_qtl,min_price,max_price,modal_price,district_name,state_name,commodity,year,Type,msprice,msp_filter,seasonality,deseasonal
2016-04-01,Chandrapur,banana,2016,April,1664,558,1258,950,Chandrapur,Maharashtra,,,,,,not found,
2015-08-01,Chandrapur,banana,2015,August,340,750,950,850,Chandrapur,Maharashtra,,,,,,not found,
2016-08-01,Chandrapur,banana,2016,August,4246,1008,1560,1294,Chandrapur,Maharashtra,,,,,,not found,
2015-12-01,Chandrapur,banana,2015,December,2931,519,1015,819,Chandrapur,Maharashtra,,,,,,not found,
2015-02-01,Chandrapur,banana,2015,February,1140,1021,1742,1468,Chandrapur,Maharashtra,,,,,,not found,
2016-02-01,Chandrapur,banana,2016,February,2183,517,1043,787,Chandrapur,Maharashtra,,,,,,not found,
2015-01-01,Chandrapur,banana,2015,January,518,700,1689,1200,Chandrapur,Maharashtra,,,,,,not found,
2016-01-01,Chandrapur,banana,2016,January,2382,548,1016,792,Chandrapur,Maharashtra,,,,,,not found,
2015-07-01,Chandrapur,banana,2015,July,2496,800,1092,931,Chandrapur,Maharashtra,,,,,,not found,
2016-07-01,Chandrapur,banana,2016,July,3644,1118,2095,1577,Chandrapur,Maharashtra,,,,,,not found,
2015-06-01,Chandrapur,banana,2015,June,1369,938,1577,1200,Chandrapur,Maharashtra,,,,,,not found,
2016-06-01,Chandrapur,banana,2016,June,3428,530,1264,916,Chandrapur,Maharashtra,,,,,,not found,
2015-03-01,Chandrapur,banana,2015,March,423,840,1590,1265,Chandrapur,Maharashtra,,,,,,not found,
2016-03-01,Chandrapur,banana,2016,March,1561,552,1210,905,Chandrapur,Maharashtra,,,,,,not found,
2016-05-01,Chandrapur,banana,2016,May,2201,715,1442,1073,Chandrapur,Maharashtra,,,,,,not found,
2015-11-01,Chandrapur,banana,2015,November,2998,700,1014,886,Chandrapur,Maharashtra,,,,,,not found,
2014-10-01,Chandrapur,banana,2014,October,2179,800,2025,1338,Chandrapur,Maharashtra,,,,,,not found,
2015-10-01,Chandrapur,banana,2015,October,3600,726,1053,921,Chandrapur,Maharashtra,,,,,,not found,
2016-10-01,Chandrapur,banana,2016,October,3777,758,1788,1288,Chandrapur,Maharashtra,,,,,,not found,
2014-09-01,Chandrapur,banana,2014,September,3621,698,1676,1296,Chandrapur,Maharashtra,,,,,,not found,
2015-09-01,Chandrapur,banana,2015,September,4296,809,1141,995,Chandrapur,Maharashtra,,,,,,not found,
2016-09-01,Chandrapur,banana,2016,September,4111,773,1573,1154,Chandrapur,Maharashtra,,,,,,not found,
2016-11-01,Chandrapur,banana,2016,November,2945,625,1454,965,Chandrapur,Maharashtra,,,,,,not found,
