date,APMC,Commodity,Year,Month,arrivals_in_qtl,min_price,max_price,modal_price,district_name,state_name,commodity,year,Type,msprice,msp_filter,seasonality,deseasonal,Peak seasonal price fluctuation %
2016-04-01,Yawal,banana,2016,April,207328,803,934,847,Jalgaon,Maharashtra,,,,,,additive,,60.280701754385966
2016-08-01,Yawal,banana,2016,August,89849,840,1234,965,Jalgaon,Maharashtra,,,,,,additive,765.0,60.280701754385966
2015-12-01,Yawal,banana,2015,December,149220,248,343,283,Jalgaon,Maharashtra,,,,,,additive,511.75,60.280701754385966
2016-02-01,Yawal,banana,2016,February,141217,468,605,516,Jalgaon,Maharashtra,,,,,,additive,422.0,60.280701754385966
2016-01-01,Yawal,banana,2016,January,116382,319,446,373,Jalgaon,Maharashtra,,,,,,additive,543.0,60.280701754385966
2016-07-01,Yawal,banana,2016,July,96450,763,1155,910,Jalgaon,Maharashtra,,,,,,additive,734.75,60.280701754385966
2016-06-01,Yawal,banana,2016,June,198749,650,884,746,Jalgaon,Maharashtra,,,,,,additive,725.5,60.280701754385966
2016-03-01,Yawal,banana,2016,March,245187,449,580,500,Jalgaon,Maharashtra,,,,,,additive,645.75,60.280701754385966
2016-05-01,Yawal,banana,2016,May,220642,771,922,837,Jalgaon,Maharashtra,,,,,,additive,781.0,60.280701754385966
2014-11-01,Yawal,banana,2014,November,330883,692,1125,950,Jalgaon,Maharashtra,,,,,,additive,806.25,60.280701754385966
2015-11-01,Yawal,banana,2015,November,70955,455,543,488,Jalgaon,Maharashtra,,,,,,additive,718.5,60.280701754385966
2016-10-01,Yawal,banana,2016,October,149988,556,1430,948,Jalgaon,Maharashtra,,,,,,additive,809.0,60.280701754385966
2016-09-01,Yawal,banana,2016,September,84731,748,1144,852,Jalgaon,Maharashtra,,,,,,additive,853.0,60.280701754385966
2016-11-01,Yawal,banana,2016,November,88945,369,860,760,Jalgaon,Maharashtra,,,,,,additive,,60.280701754385966
