date,APMC,Commodity,Year,Month,arrivals_in_qtl,min_price,max_price,modal_price,district_name,state_name,commodity,year,Type,msprice,msp_filter,seasonality,deseasonal
2015-04-01,Karad,banana,2015,April,360,917,1358,1121,Satara,Maharashtra,,,,,,not found,
2016-04-01,Karad,banana,2016,April,858,612,1020,1020,Satara,Maharashtra,,,,,,not found,
2015-08-01,Karad,banana,2015,August,366,600,867,867,Satara,Maharashtra,,,,,,not found,
2016-08-01,Karad,banana,2016,August,867,873,1273,1273,Satara,Maharashtra,,,,,,not found,
2014-12-01,Karad,banana,2014,December,435,1767,2650,2208,Satara,Maharashtra,,,,,,not found,
2015-12-01,Karad,banana,2015,December,1008,708,1008,996,Satara,Maharashtra,,,,,,not found,
2015-02-01,Karad,banana,2015,February,339,780,1350,1045,Satara,Maharashtra,,,,,,not found,
2016-02-01,Karad,banana,2016,February,849,632,1000,1000,Satara,Maharashtra,,,,,,not found,
2015-01-01,Karad,banana,2015,January,380,2458,3767,3113,Satara,Maharashtra,,,,,,not found,
2016-01-01,Karad,banana,2016,January,915,663,1000,1000,Satara,Maharashtra,,,,,,not found,
2015-07-01,Karad,banana,2015,July,114,600,867,867,Satara,Maharashtra,,,,,,not found,
2016-07-01,Karad,banana,2016,July,774,871,1219,1219,Satara,Maharashtra,,,,,,not found,
2015-06-01,Karad,banana,2015,June,282,600,900,875,Satara,Maharashtra,,,,,,not found,
2016-06-01,Karad,banana,2016,June,927,712,1162,1162,Satara,Maharashtra,,,,,,not found,
2015-03-01,Karad,banana,2015,March,501,814,1379,1082,Satara,Maharashtra,,,,,,not found,
2016-03-01,Karad,banana,2016,March,939,715,1052,1052,Satara,Maharashtra,,,,,,not found,
2015-05-01,Karad,banana,2015,May,405,567,808,683,Satara,Maharashtra,,,,,,not found,
2016-05-01,Karad,banana,2016,May,936,689,1081,1081,Satara,Maharashtra,,,,,,not found,
2014-11-01,Karad,banana,2014,November,288,1086,1543,1314,Satara,Maharashtra,,,,,,not found,
2015-11-01,Karad,banana,2015,November,294,563,950,950,Satara,Maharashtra,,,,,,not found,
2014-10-01,Karad,banana,2014,October,372,2390,3070,2730,Satara,Maharashtra,,,,,,not found,
2015-10-01,Karad,banana,2015,October,729,1484,1821,1821,Satara,Maharashtra,,,,,,not found,
2016-10-01,Karad,banana,2016,October,855,1008,1472,1472,Satara,Maharashtra,,,,,,not found,
2014-09-01,Karad,banana,2014,September,332,1673,2253,1963,Satara,Maharashtra,,,,,,not found,
2015-09-01,Karad,banana,2015,September,306,613,863,863,Satara,Maharashtra,,,,,,not found,
2016-09-01,Karad,banana,2016,September,888,991,1348,1348,Satara,Maharashtra,,,,,,not found,
2016-11-01,Karad,banana,2016,November,834,980,1412,1412,Satara,Maharashtra,,,,,,not found,
