date,APMC,Commodity,Year,Month,arrivals_in_qtl,min_price,max_price,modal_price,district_name,state_name,commodity,year,Type,msprice,msp_filter,seasonality,deseasonal
2015-04-01,Pune-Manjri,bitter gourd,2015,April,579,2281,3229,2755,Pune,Maharashtra,,,,,,not found,
2016-04-01,Pune-Manjri,bitter gourd,2016,April,384,3231,4577,3992,Pune,Maharashtra,,,,,,not found,
2015-08-01,Pune-Manjri,bitter gourd,2015,August,310,2175,3325,2845,Pune,Maharashtra,,,,,,not found,
2016-08-01,Pune-Manjri,bitter gourd,2016,August,589,2110,2947,2450,Pune,Maharashtra,,,,,,not found,
2014-12-01,Pune-Manjri,bitter gourd,2014,December,102,2656,4497,3069,Pune,Maharashtra,,,,,,not found,
2015-12-01,Pune-Manjri,bitter gourd,2015,December,150,2833,4754,3596,Pune,Maharashtra,,,,,,not found,
2015-02-01,Pune-Manjri,bitter gourd,2015,February,168,3129,4855,3781,Pune,Maharashtra,,,,,,not found,
2015-01-01,Pune-Manjri,bitter gourd,2015,January,77,3344,5078,3922,Pune,Maharashtra,,,,,,not found,
2015-07-01,Pune-Manjri,bitter gourd,2015,July,231,2570,4183,3478,Pune,Maharashtra,,,,,,not found,
2016-07-01,Pune-Manjri,bitter gourd,2016,July,500,3650,5632,4575,Pune,Maharashtra,,,,,,not found,
2015-06-01,Pune-Manjri,bitter gourd,2015,June,301,2786,4236,3589,Pune,Maharashtra,,,,,,not found,
2016-06-01,Pune-Manjri,bitter gourd,2016,June,665,3410,6200,4660,Pune,Maharashtra,,,,,,not found,
2015-03-01,Pune-Manjri,bitter gourd,2015,March,357,3109,4809,3861,Pune,Maharashtra,,,,,,not found,
2016-03-01,Pune-Manjri,bitter gourd,2016,March,7,5100,6000,5650,Pune,Maharashtra,,,,,,not found,
2015-05-01,Pune-Manjri,bitter gourd,2015,May,628,2160,3210,2685,Pune,Maharashtra,,,,,,not found,
2016-05-01,Pune-Manjri,bitter gourd,2016,May,530,3242,4946,4090,Pune,Maharashtra,,,,,,not found,
2014-11-01,Pune-Manjri,bitter gourd,2014,November,193,2854,4077,3465,Pune,Maharashtra,,,,,,not found,
2015-11-01,Pune-Manjri,bitter gourd,2015,November,262,2430,3487,3070,Pune,Maharashtra,,,,,,not found,
2014-10-01,Pune-Manjri,bitter gourd,2014,October,338,1626,2589,2108,Pune,Maharashtra,,,,,,not found,
2015-10-01,Pune-Manjri,bitter gourd,2015,October,507,1876,3072,2518,Pune,Maharashtra,,,,,,not found,
2016-10-01,Pune-Manjri,bitter gourd,2016,October,541,2003,2942,2271,Pune,Maharashtra,,,,,,not found,
2014-09-01,Pune-Manjri,bitter gourd,2014,September,379,2553,3916,3182,Pune,Maharashtra,,,,,,not found,
2015-09-01,Pune-Manjri,bitter gourd,2015,September,482,1311,2158,1837,Pune,Maharashtra,,,,,,not found,
2016-09-01,Pune-Manjri,bitter gourd,2016,September,571,1304,2093,1611,Pune,Maharashtra,,,,,,not found,
2016-11-01,Pune-Manjri,bitter gourd,2016,November,386,1762,2648,2055,Pune,Maharashtra,,,,,,not found,
