date,APMC,Commodity,Year,Month,arrivals_in_qtl,min_price,max_price,modal_price,district_name,state_name,commodity,year,Type,msprice,msp_filter,seasonality,deseasonal
2016-02-01,Vaijapur,black gram,2016,February,2,7081,7081,7081,Aurangabad,Maharashtra,,,,,,not found,
2016-07-01,Vaijapur,black gram,2016,July,1,13100,13100,13100,Aurangabad,Maharashtra,,,,,,not found,
2014-11-01,Vaijapur,black gram,2014,November,1,1525,1525,1525,Aurangabad,Maharashtra,,,,,,not found,
2014-10-01,Vaijapur,black gram,2014,October,1,3800,3800,3800,Aurangabad,Maharashtra,,,,,,not found,
2015-10-01,Vaijapur,black gram,2015,October,2,9400,9400,9400,Aurangabad,Maharashtra,,,,,,not found,
2016-10-01,Vaijapur,black gram,2016,October,55,5761,6054,5939,Aurangabad,Maharashtra,,,,,,not found,
2016-09-01,Vaijapur,black gram,2016,September,32,6488,6739,6670,Aurangabad,Maharashtra,,,,,,not found,
2016-11-01,Vaijapur,black gram,2016,November,5,5365,5365,5365,Aurangabad,Maharashtra,,,,,,not found,
