date,APMC,Commodity,Year,Month,arrivals_in_qtl,min_price,max_price,modal_price,district_name,state_name,commodity,year,Type,msprice,msp_filter,seasonality,deseasonal
2016-08-01,Islampur,bitter gourd,2016,August,51,200,334,296,Sangli,Maharashtra,,,,,,not found,
2016-07-01,Islampur,bitter gourd,2016,July,20,400,540,490,Sangli,Maharashtra,,,,,,not found,
2016-10-01,Islampur,bitter gourd,2016,October,50,135,261,204,Sangli,Maharashtra,,,,,,not found,
2016-09-01,Islampur,bitter gourd,2016,September,48,86,192,164,Sangli,Maharashtra,,,,,,not found,
2016-11-01,Islampur,bitter gourd,2016,November,40,103,175,159,Sangli,Maharashtra,,,,,,not found,
