date,APMC,Commodity,Year,Month,arrivals_in_qtl,min_price,max_price,modal_price,district_name,state_name,commodity,year,Type,msprice,msp_filter,seasonality,deseasonal,Peak seasonal price fluctuation %
2015-10-01,Akhadabalapur,black gram,2015,October,11,5333,6100,5717,Hingoli,Maharashtra,,,,,,additive,,12.066229142538498
2016-10-01,Akhadabalapur,black gram,2016,October,56,6000,6500,6250,Hingoli,Maharashtra,,,,,,additive,5835.5,12.066229142538498
2015-09-01,Akhadabalapur,black gram,2015,September,28,5000,5250,5125,Hingoli,Maharashtra,,,,,,additive,5680.25,12.066229142538498
2016-09-01,Akhadabalapur,black gram,2016,September,193,6000,6443,6221,Hingoli,Maharashtra,,,,,,additive,,12.066229142538498
