date,APMC,Commodity,Year,Month,arrivals_in_qtl,min_price,max_price,modal_price,district_name,state_name,commodity,year,Type,msprice,msp_filter,seasonality,deseasonal
2015-04-01,Kamthi,bitter gourd,2015,April,32,1878,4333,3106,Nagpur,Maharashtra,,,,,,not found,
2016-04-01,Kamthi,bitter gourd,2016,April,76,2023,4885,3588,Nagpur,Maharashtra,,,,,,not found,
2015-08-01,Kamthi,bitter gourd,2015,August,130,1797,3050,2523,Nagpur,Maharashtra,,,,,,not found,
2016-08-01,Kamthi,bitter gourd,2016,August,100,1493,2980,2317,Nagpur,Maharashtra,,,,,,not found,
2014-12-01,Kamthi,bitter gourd,2014,December,15,3320,5000,4160,Nagpur,Maharashtra,,,,,,not found,
2015-12-01,Kamthi,bitter gourd,2015,December,54,2828,4583,3806,Nagpur,Maharashtra,,,,,,not found,
2015-02-01,Kamthi,bitter gourd,2015,February,16,2538,5000,3769,Nagpur,Maharashtra,,,,,,not found,
2016-02-01,Kamthi,bitter gourd,2016,February,44,2520,4800,3733,Nagpur,Maharashtra,,,,,,not found,
2015-01-01,Kamthi,bitter gourd,2015,January,8,2750,5000,3875,Nagpur,Maharashtra,,,,,,not found,
2016-01-01,Kamthi,bitter gourd,2016,January,17,1850,4250,3150,Nagpur,Maharashtra,,,,,,not found,
2015-07-01,Kamthi,bitter gourd,2015,July,97,2042,4208,3246,Nagpur,Maharashtra,,,,,,not found,
2016-07-01,Kamthi,bitter gourd,2016,July,86,2024,4640,3432,Nagpur,Maharashtra,,,,,,not found,
2015-06-01,Kamthi,bitter gourd,2015,June,98,2230,5300,3780,Nagpur,Maharashtra,,,,,,not found,
2016-06-01,Kamthi,bitter gourd,2016,June,73,2114,3800,3043,Nagpur,Maharashtra,,,,,,not found,
2015-03-01,Kamthi,bitter gourd,2015,March,40,2018,4554,3286,Nagpur,Maharashtra,,,,,,not found,
2016-03-01,Kamthi,bitter gourd,2016,March,72,2336,4712,3640,Nagpur,Maharashtra,,,,,,not found,
2015-05-01,Kamthi,bitter gourd,2015,May,44,1594,3456,2525,Nagpur,Maharashtra,,,,,,not found,
2016-05-01,Kamthi,bitter gourd,2016,May,82,1930,4630,3385,Nagpur,Maharashtra,,,,,,not found,
2014-11-01,Kamthi,bitter gourd,2014,November,14,3271,5000,4136,Nagpur,Maharashtra,,,,,,not found,
2015-11-01,Kamthi,bitter gourd,2015,November,60,3048,5571,4386,Nagpur,Maharashtra,,,,,,not found,
2014-10-01,Kamthi,bitter gourd,2014,October,20,2644,4667,3656,Nagpur,Maharashtra,,,,,,not found,
2015-10-01,Kamthi,bitter gourd,2015,October,101,2937,5111,4081,Nagpur,Maharashtra,,,,,,not found,
2016-10-01,Kamthi,bitter gourd,2016,October,81,1620,2760,2287,Nagpur,Maharashtra,,,,,,not found,
2014-09-01,Kamthi,bitter gourd,2014,September,25,2589,4789,3689,Nagpur,Maharashtra,,,,,,not found,
2015-09-01,Kamthi,bitter gourd,2015,September,103,1636,3460,2736,Nagpur,Maharashtra,,,,,,not found,
2016-09-01,Kamthi,bitter gourd,2016,September,91,1271,2361,1893,Nagpur,Maharashtra,,,,,,not found,
2016-11-01,Kamthi,bitter gourd,2016,November,63,1944,2972,2568,Nagpur,Maharashtra,,,,,,not found,
