date,APMC,Commodity,Year,Month,arrivals_in_qtl,min_price,max_price,modal_price,district_name,state_name,commodity,year,Type,msprice,msp_filter,seasonality,deseasonal,Peak seasonal price fluctuation %,Raw vs MSP diff,Desasonal vs MSP diff
2015-01-01,Kurdwadi-Modnimb,bajri,2015,January,3,1351,1375,1360,Solapur,Maharashtra,bajri,2015,Kharif Crops,1275.0,1,additive,,10.211206144178739,85.0,
2016-10-01,Kurdwadi-Modnimb,bajri,2016,October,254,1207,1476,1286,Solapur,Maharashtra,bajri,2016,Kharif Crops,1330.0,1,additive,1376.5,10.211206144178739,-44.0,46.5
2016-09-01,Kurdwadi-Modnimb,bajri,2016,September,81,1483,1684,1574,Solapur,Maharashtra,bajri,2016,Kharif Crops,1330.0,1,additive,1485.75,10.211206144178739,244.0,155.75
2016-11-01,Kurdwadi-Modnimb,bajri,2016,November,49,1393,1602,1509,Solapur,Maharashtra,bajri,2016,Kharif Crops,1330.0,1,additive,,10.211206144178739,179.0,
