date,APMC,Commodity,Year,Month,arrivals_in_qtl,min_price,max_price,modal_price,district_name,state_name,commodity,year,Type,msprice,msp_filter,seasonality,deseasonal
2014-12-01,Bhokar,black gram,2014,December,30,5075,5075,5075,Nanded,Maharashtra,,,,,,not found,
2015-12-01,Bhokar,black gram,2015,December,10,8380,8380,8380,Nanded,Maharashtra,,,,,,not found,
2015-02-01,Bhokar,black gram,2015,February,2,4705,4705,4705,Nanded,Maharashtra,,,,,,not found,
2016-02-01,Bhokar,black gram,2016,February,5,8300,8650,8550,Nanded,Maharashtra,,,,,,not found,
2015-01-01,Bhokar,black gram,2015,January,31,5285,5285,5285,Nanded,Maharashtra,,,,,,not found,
2016-07-01,Bhokar,black gram,2016,July,2,9000,9000,9000,Nanded,Maharashtra,,,,,,not found,
2015-06-01,Bhokar,black gram,2015,June,1,5900,5900,5900,Nanded,Maharashtra,,,,,,not found,
2016-06-01,Bhokar,black gram,2016,June,12,8450,8550,8500,Nanded,Maharashtra,,,,,,not found,
2016-03-01,Bhokar,black gram,2016,March,2,8000,8000,8000,Nanded,Maharashtra,,,,,,not found,
2015-05-01,Bhokar,black gram,2015,May,1,6601,6601,6601,Nanded,Maharashtra,,,,,,not found,
2014-11-01,Bhokar,black gram,2014,November,72,4800,4854,4818,Nanded,Maharashtra,,,,,,not found,
2015-11-01,Bhokar,black gram,2015,November,17,7817,7817,7817,Nanded,Maharashtra,,,,,,not found,
2014-10-01,Bhokar,black gram,2014,October,57,4513,4611,4561,Nanded,Maharashtra,,,,,,not found,
2015-10-01,Bhokar,black gram,2015,October,151,9234,10258,9682,Nanded,Maharashtra,,,,,,not found,
2016-10-01,Bhokar,black gram,2016,October,2473,6413,7359,6900,Nanded,Maharashtra,,,,,,not found,
2014-09-01,Bhokar,black gram,2014,September,2,4976,4976,4976,Nanded,Maharashtra,,,,,,not found,
2015-09-01,Bhokar,black gram,2015,September,112,7072,8394,7481,Nanded,Maharashtra,,,,,,not found,
2016-09-01,Bhokar,black gram,2016,September,2161,6270,7117,6673,Nanded,Maharashtra,,,,,,not found,
2016-11-01,Bhokar,black gram,2016,November,1729,6361,6996,6706,Nanded,Maharashtra,,,,,,not found,
