date,APMC,Commodity,Year,Month,arrivals_in_qtl,min_price,max_price,modal_price,district_name,state_name,commodity,year,Type,msprice,msp_filter,seasonality,deseasonal,Peak seasonal price fluctuation %
2015-08-01,Kalmeshwar,bitter gourd,2015,August,39,1788,2011,1956,Nagpur,Maharashtra,,,,,,additive,,22.569190600522195
2015-11-01,Kalmeshwar,bitter gourd,2015,November,5,2744,3020,2934,Nagpur,Maharashtra,,,,,,additive,2646.0,22.569190600522195
2015-10-01,Kalmeshwar,bitter gourd,2015,October,31,2580,2836,2760,Nagpur,Maharashtra,,,,,,additive,2594.75,22.569190600522195
2015-09-01,Kalmeshwar,bitter gourd,2015,September,53,1726,2026,1925,Nagpur,Maharashtra,,,,,,additive,,22.569190600522195
