date,APMC,Commodity,Year,Month,arrivals_in_qtl,min_price,max_price,modal_price,district_name,state_name,commodity,year,Type,msprice,msp_filter,seasonality,deseasonal,Peak seasonal price fluctuation %
2016-04-01,Kurdwadi,black gram,2016,April,3,5801,5801,5801,Solapur,Maharashtra,,,,,,additive,,48.89027172785729
2016-08-01,Kurdwadi,black gram,2016,August,15,5595,5745,5670,Solapur,Maharashtra,,,,,,additive,5010.25,48.89027172785729
2014-12-01,Kurdwadi,black gram,2014,December,3,2900,2900,2900,Solapur,Maharashtra,,,,,,additive,3867.5,48.89027172785729
2015-02-01,Kurdwadi,black gram,2015,February,12,4000,4000,4000,Solapur,Maharashtra,,,,,,additive,4075.0,48.89027172785729
2015-06-01,Kurdwadi,black gram,2015,June,3,5400,5400,5400,Solapur,Maharashtra,,,,,,additive,4553.75,48.89027172785729
2016-03-01,Kurdwadi,black gram,2016,March,3,3415,3415,3415,Solapur,Maharashtra,,,,,,additive,3907.5,48.89027172785729
2014-10-01,Kurdwadi,black gram,2014,October,6,3400,3400,3400,Solapur,Maharashtra,,,,,,additive,3403.75,48.89027172785729
2015-10-01,Kurdwadi,black gram,2015,October,3,3400,3400,3400,Solapur,Maharashtra,,,,,,additive,3831.25,48.89027172785729
2016-10-01,Kurdwadi,black gram,2016,October,80,4083,5900,5125,Solapur,Maharashtra,,,,,,additive,5207.0,48.89027172785729
2015-09-01,Kurdwadi,black gram,2015,September,32,7116,7241,7178,Solapur,Maharashtra,,,,,,additive,6504.75,48.89027172785729
2016-09-01,Kurdwadi,black gram,2016,September,168,6309,6767,6538,Solapur,Maharashtra,,,,,,additive,6319.75,48.89027172785729
2016-11-01,Kurdwadi,black gram,2016,November,18,4984,5067,5025,Solapur,Maharashtra,,,,,,additive,,48.89027172785729
