date,APMC,Commodity,Year,Month,arrivals_in_qtl,min_price,max_price,modal_price,district_name,state_name,commodity,year,Type,msprice,msp_filter,seasonality,deseasonal
2016-08-01,Pune-Moshi,beet root,2016,August,40,1024,1076,1050,Pune,Maharashtra,,,,,,not found,
2016-07-01,Pune-Moshi,beet root,2016,July,28,1231,1431,1331,Pune,Maharashtra,,,,,,not found,
2016-06-01,Pune-Moshi,beet root,2016,June,10,1478,1611,1544,Pune,Maharashtra,,,,,,not found,
2016-05-01,Pune-Moshi,beet root,2016,May,3,833,1067,933,Pune,Maharashtra,,,,,,not found,
2016-10-01,Pune-Moshi,beet root,2016,October,32,914,1057,986,Pune,Maharashtra,,,,,,not found,
2016-09-01,Pune-Moshi,beet root,2016,September,35,891,1032,961,Pune,Maharashtra,,,,,,not found,
2016-11-01,Pune-Moshi,beet root,2016,November,36,929,1213,1071,Pune,Maharashtra,,,,,,not found,
