date,APMC,Commodity,Year,Month,arrivals_in_qtl,min_price,max_price,modal_price,district_name,state_name,commodity,year,Type,msprice,msp_filter,seasonality,deseasonal,Peak seasonal price fluctuation %,Raw vs MSP diff,Desasonal vs MSP diff
2015-02-01,Washim,bajri,2015,February,12,1400,1450,1425,Wasim,Maharashtra,bajri,2015,Kharif Crops,1275.0,1,additive,,18.203309692671393,150.0,
2015-01-01,Washim,bajri,2015,January,105,1450,1550,1488,Wasim,Maharashtra,bajri,2015,Kharif Crops,1275.0,1,additive,1564.0,18.203309692671393,213.0,289.0
2016-03-01,Washim,bajri,2016,March,1,1855,1855,1855,Wasim,Maharashtra,bajri,2016,Kharif Crops,1330.0,1,additive,1799.5,18.203309692671393,525.0,469.5
2016-05-01,Washim,bajri,2016,May,1,2000,2000,2000,Wasim,Maharashtra,bajri,2016,Kharif Crops,1330.0,1,additive,,18.203309692671393,670.0,
