date,APMC,Commodity,Year,Month,arrivals_in_qtl,min_price,max_price,modal_price,district_name,state_name,commodity,year,Type,msprice,msp_filter,seasonality,deseasonal,Peak seasonal price fluctuation %,Raw vs MSP diff,Desasonal vs MSP diff
2015-04-01,Beed,bajri,2015,April,852,1302,1588,1454,Beed,Maharashtra,bajri,2015,Kharif Crops,1275.0,1,additive,,15.0151884116185,179.0,
2016-04-01,Beed,bajri,2016,April,1388,1557,1837,1680,Beed,Maharashtra,bajri,2016,Kharif Crops,1330.0,1,additive,1586.75,15.0151884116185,350.0,256.75
2015-08-01,Beed,bajri,2015,August,485,1434,1584,1533,Beed,Maharashtra,bajri,2015,Kharif Crops,1275.0,1,additive,1597.75,15.0151884116185,258.0,322.75
2016-08-01,Beed,bajri,2016,August,1773,1512,1726,1645,Beed,Maharashtra,bajri,2016,Kharif Crops,1330.0,1,additive,1585.75,15.0151884116185,315.0,255.75
2014-12-01,Beed,bajri,2014,December,2291,1375,1632,1520,Beed,Maharashtra,bajri,2014,Kharif Crops,1250.0,1,additive,1545.75,15.0151884116185,270.0,295.75
2015-12-01,Beed,bajri,2015,December,2210,1338,1565,1498,Beed,Maharashtra,bajri,2015,Kharif Crops,1275.0,1,additive,1506.0,15.0151884116185,223.0,231.0
2016-02-01,Beed,bajri,2016,February,1329,1352,1609,1508,Beed,Maharashtra,bajri,2016,Kharif Crops,1330.0,1,additive,1516.0,15.0151884116185,178.0,186.0
2015-01-01,Beed,bajri,2015,January,475,1346,1641,1550,Beed,Maharashtra,bajri,2015,Kharif Crops,1275.0,1,additive,1536.5,15.0151884116185,275.0,261.5
2016-01-01,Beed,bajri,2016,January,1330,1397,1636,1538,Beed,Maharashtra,bajri,2016,Kharif Crops,1330.0,1,additive,1511.5,15.0151884116185,208.0,181.5
2015-07-01,Beed,bajri,2015,July,540,1356,1473,1420,Beed,Maharashtra,bajri,2015,Kharif Crops,1275.0,1,additive,1526.75,15.0151884116185,145.0,251.75
2016-07-01,Beed,bajri,2016,July,341,1608,1819,1729,Beed,Maharashtra,bajri,2016,Kharif Crops,1330.0,1,additive,1545.0,15.0151884116185,399.0,215.0
2015-06-01,Beed,bajri,2015,June,1201,1280,1461,1302,Beed,Maharashtra,bajri,2015,Kharif Crops,1275.0,1,additive,1511.25,15.0151884116185,27.0,236.25
2016-06-01,Beed,bajri,2016,June,1250,1618,1820,1712,Beed,Maharashtra,bajri,2016,Kharif Crops,1330.0,1,additive,1542.75,15.0151884116185,382.0,212.75
2015-03-01,Beed,bajri,2015,March,841,1327,1813,1445,Beed,Maharashtra,bajri,2015,Kharif Crops,1275.0,1,additive,1540.0,15.0151884116185,170.0,265.0
2016-03-01,Beed,bajri,2016,March,958,1444,1706,1558,Beed,Maharashtra,bajri,2016,Kharif Crops,1330.0,1,additive,1484.0,15.0151884116185,228.0,154.0
2015-05-01,Beed,bajri,2015,May,1711,1297,1465,1375,Beed,Maharashtra,bajri,2015,Kharif Crops,1275.0,1,additive,1515.5,15.0151884116185,100.0,240.5
2016-05-01,Beed,bajri,2016,May,1246,1580,1908,1754,Beed,Maharashtra,bajri,2016,Kharif Crops,1330.0,1,additive,1610.0,15.0151884116185,424.0,280.0
2014-11-01,Beed,bajri,2014,November,6310,1330,1644,1557,Beed,Maharashtra,bajri,2014,Kharif Crops,1250.0,1,additive,1620.5,15.0151884116185,307.0,370.5
2015-11-01,Beed,bajri,2015,November,2398,1415,1689,1614,Beed,Maharashtra,bajri,2015,Kharif Crops,1275.0,1,additive,1595.75,15.0151884116185,339.0,320.75
2014-10-01,Beed,bajri,2014,October,4922,1330,1693,1598,Beed,Maharashtra,bajri,2014,Kharif Crops,1250.0,1,additive,1562.75,15.0151884116185,348.0,312.75
2015-10-01,Beed,bajri,2015,October,2597,1331,1523,1441,Beed,Maharashtra,bajri,2015,Kharif Crops,1275.0,1,additive,1498.0,15.0151884116185,166.0,223.0
2016-10-01,Beed,bajri,2016,October,6180,1385,1629,1512,Beed,Maharashtra,bajri,2016,Kharif Crops,1330.0,1,additive,1468.25,15.0151884116185,182.0,138.25
2014-09-01,Beed,bajri,2014,September,1328,1285,1517,1408,Beed,Maharashtra,bajri,2014,Kharif Crops,1250.0,1,additive,1440.0,15.0151884116185,158.0,190.0
2015-09-01,Beed,bajri,2015,September,1177,1331,1521,1432,Beed,Maharashtra,bajri,2015,Kharif Crops,1275.0,1,additive,1459.5,15.0151884116185,157.0,184.5
2016-09-01,Beed,bajri,2016,September,1525,1464,1695,1566,Beed,Maharashtra,bajri,2016,Kharif Crops,1330.0,1,additive,1512.0,15.0151884116185,236.0,182.0
2016-11-01,Beed,bajri,2016,November,2295,1359,1635,1484,Beed,Maharashtra,bajri,2016,Kharif Crops,1330.0,1,additive,,15.0151884116185,154.0,
