date,APMC,Commodity,Year,Month,arrivals_in_qtl,min_price,max_price,modal_price,district_name,state_name,commodity,year,Type,msprice,msp_filter,seasonality,deseasonal,Peak seasonal price fluctuation %,Raw vs MSP diff,Desasonal vs MSP diff
2015-04-01,Newasa,bajri,2015,April,32,1282,1293,1286,Ahmadnagar,Maharashtra,bajri,2015,Kharif Crops,1275.0,1,additive,,23.91939338506477,11.0,
2016-04-01,Newasa,bajri,2016,April,2,1750,1750,1750,Ahmadnagar,Maharashtra,bajri,2016,Kharif Crops,1330.0,1,additive,1529.25,23.91939338506477,420.0,199.25
2014-12-01,Newasa,bajri,2014,December,33,1327,1335,1331,Ahmadnagar,Maharashtra,bajri,2014,Kharif Crops,1250.0,1,additive,1457.75,23.91939338506477,81.0,207.75
2015-12-01,Newasa,bajri,2015,December,15,1419,1419,1419,Ahmadnagar,Maharashtra,bajri,2015,Kharif Crops,1275.0,1,additive,1379.25,23.91939338506477,144.0,104.25
2015-02-01,Newasa,bajri,2015,February,41,1323,1373,1348,Ahmadnagar,Maharashtra,bajri,2015,Kharif Crops,1275.0,1,additive,1428.75,23.91939338506477,73.0,153.75
2016-02-01,Newasa,bajri,2016,February,2,1600,1600,1600,Ahmadnagar,Maharashtra,bajri,2016,Kharif Crops,1330.0,1,additive,1466.5,23.91939338506477,270.0,136.5
2015-01-01,Newasa,bajri,2015,January,126,1302,1335,1318,Ahmadnagar,Maharashtra,bajri,2015,Kharif Crops,1275.0,1,additive,1413.25,23.91939338506477,43.0,138.25
2016-01-01,Newasa,bajri,2016,January,14,1392,1450,1417,Ahmadnagar,Maharashtra,bajri,2016,Kharif Crops,1330.0,1,additive,1350.5,23.91939338506477,87.0,20.5
2015-07-01,Newasa,bajri,2015,July,2,1250,1250,1250,Ahmadnagar,Maharashtra,bajri,2015,Kharif Crops,1275.0,1,additive,1354.25,23.91939338506477,-25.0,79.25
2016-07-01,Newasa,bajri,2016,July,1,1500,1500,1500,Ahmadnagar,Maharashtra,bajri,2016,Kharif Crops,1330.0,1,additive,1391.75,23.91939338506477,170.0,61.75
2015-06-01,Newasa,bajri,2015,June,9,1317,1317,1317,Ahmadnagar,Maharashtra,bajri,2015,Kharif Crops,1275.0,1,additive,1408.5,23.91939338506477,42.0,133.5
2016-06-01,Newasa,bajri,2016,June,2,1500,1500,1500,Ahmadnagar,Maharashtra,bajri,2016,Kharif Crops,1330.0,1,additive,1414.75,23.91939338506477,170.0,84.75
2015-03-01,Newasa,bajri,2015,March,64,1325,1375,1342,Ahmadnagar,Maharashtra,bajri,2015,Kharif Crops,1275.0,1,additive,1458.5,23.91939338506477,67.0,183.5
2016-03-01,Newasa,bajri,2016,March,17,1650,1650,1650,Ahmadnagar,Maharashtra,bajri,2016,Kharif Crops,1330.0,1,additive,1481.25,23.91939338506477,320.0,151.25
2015-05-01,Newasa,bajri,2015,May,9,1283,1283,1283,Ahmadnagar,Maharashtra,bajri,2015,Kharif Crops,1275.0,1,additive,1479.0,23.91939338506477,8.0,204.0
2016-05-01,Newasa,bajri,2016,May,2,1700,1700,1700,Ahmadnagar,Maharashtra,bajri,2016,Kharif Crops,1330.0,1,additive,1519.0,23.91939338506477,370.0,189.0
2014-11-01,Newasa,bajri,2014,November,45,1364,1443,1393,Ahmadnagar,Maharashtra,bajri,2014,Kharif Crops,1250.0,1,additive,1457.0,23.91939338506477,143.0,207.0
2015-11-01,Newasa,bajri,2015,November,18,1342,1342,1342,Ahmadnagar,Maharashtra,bajri,2015,Kharif Crops,1275.0,1,additive,1351.75,23.91939338506477,67.0,76.75
2014-10-01,Newasa,bajri,2014,October,30,1320,1350,1330,Ahmadnagar,Maharashtra,bajri,2014,Kharif Crops,1250.0,1,additive,1325.5,23.91939338506477,80.0,75.5
2015-10-01,Newasa,bajri,2015,October,3,1300,1300,1300,Ahmadnagar,Maharashtra,bajri,2015,Kharif Crops,1275.0,1,additive,1322.0,23.91939338506477,25.0,47.0
2016-10-01,Newasa,bajri,2016,October,386,1337,1400,1358,Ahmadnagar,Maharashtra,bajri,2016,Kharif Crops,1330.0,1,additive,1331.5,23.91939338506477,28.0,1.5
2014-09-01,Newasa,bajri,2014,September,37,1298,1325,1310,Ahmadnagar,Maharashtra,bajri,2014,Kharif Crops,1250.0,1,additive,1357.0,23.91939338506477,60.0,107.0
2016-09-01,Newasa,bajri,2016,September,14,1288,1475,1450,Ahmadnagar,Maharashtra,bajri,2016,Kharif Crops,1330.0,1,additive,1402.25,23.91939338506477,120.0,72.25
2016-11-01,Newasa,bajri,2016,November,138,1388,1410,1399,Ahmadnagar,Maharashtra,bajri,2016,Kharif Crops,1330.0,1,additive,,23.91939338506477,69.0,
