date,APMC,Commodity,Year,Month,arrivals_in_qtl,min_price,max_price,modal_price,district_name,state_name,commodity,year,Type,msprice,msp_filter,seasonality,deseasonal,Raw vs MSP diff,Desasonal vs MSP diff
2015-04-01,Shrirampur,bajri,2015,April,270,1212,1429,1326,Ahmadnagar,Maharashtra,bajri,2015,Kharif Crops,1275.0,1,not found,,51.0,
2016-04-01,Shrirampur,bajri,2016,April,37,1709,1816,1795,Ahmadnagar,Maharashtra,bajri,2016,Kharif Crops,1330.0,1,not found,,465.0,
2015-08-01,Shrirampur,bajri,2015,August,66,1436,1490,1461,Ahmadnagar,Maharashtra,bajri,2015,Kharif Crops,1275.0,1,not found,,186.0,
2016-08-01,Shrirampur,bajri,2016,August,12,1582,1771,1662,Ahmadnagar,Maharashtra,bajri,2016,Kharif Crops,1330.0,1,not found,,332.0,
2014-12-01,Shrirampur,bajri,2014,December,455,1162,1456,1320,Ahmadnagar,Maharashtra,bajri,2014,Kharif Crops,1250.0,1,not found,,70.0,
2015-12-01,Shrirampur,bajri,2015,December,77,1477,1647,1544,Ahmadnagar,Maharashtra,bajri,2015,Kharif Crops,1275.0,1,not found,,269.0,
2015-02-01,Shrirampur,bajri,2015,February,290,1204,1395,1314,Ahmadnagar,Maharashtra,bajri,2015,Kharif Crops,1275.0,1,not found,,39.0,
2016-02-01,Shrirampur,bajri,2016,February,20,1546,1657,1616,Ahmadnagar,Maharashtra,bajri,2016,Kharif Crops,1330.0,1,not found,,286.0,
2015-01-01,Shrirampur,bajri,2015,January,275,1253,1439,1357,Ahmadnagar,Maharashtra,bajri,2015,Kharif Crops,1275.0,1,not found,,82.0,
2016-01-01,Shrirampur,bajri,2016,January,58,1511,1648,1572,Ahmadnagar,Maharashtra,bajri,2016,Kharif Crops,1330.0,1,not found,,242.0,
2015-07-01,Shrirampur,bajri,2015,July,37,1397,1506,1437,Ahmadnagar,Maharashtra,bajri,2015,Kharif Crops,1275.0,1,not found,,162.0,
2016-07-01,Shrirampur,bajri,2016,July,16,1625,1880,1810,Ahmadnagar,Maharashtra,bajri,2016,Kharif Crops,1330.0,1,not found,,480.0,
2015-06-01,Shrirampur,bajri,2015,June,146,1308,1430,1366,Ahmadnagar,Maharashtra,bajri,2015,Kharif Crops,1275.0,1,not found,,91.0,
2016-06-01,Shrirampur,bajri,2016,June,26,2292,2442,2366,Ahmadnagar,Maharashtra,bajri,2016,Kharif Crops,1330.0,1,not found,,1036.0,
2015-03-01,Shrirampur,bajri,2015,March,293,1228,1448,1366,Ahmadnagar,Maharashtra,bajri,2015,Kharif Crops,1275.0,1,not found,,91.0,
2016-03-01,Shrirampur,bajri,2016,March,34,1653,1713,1680,Ahmadnagar,Maharashtra,bajri,2016,Kharif Crops,1330.0,1,not found,,350.0,
2015-05-01,Shrirampur,bajri,2015,May,188,1322,1536,1439,Ahmadnagar,Maharashtra,bajri,2015,Kharif Crops,1275.0,1,not found,,164.0,
2016-05-01,Shrirampur,bajri,2016,May,56,1840,1872,1855,Ahmadnagar,Maharashtra,bajri,2016,Kharif Crops,1330.0,1,not found,,525.0,
2014-11-01,Shrirampur,bajri,2014,November,349,1267,1564,1441,Ahmadnagar,Maharashtra,bajri,2014,Kharif Crops,1250.0,1,not found,,191.0,
2015-11-01,Shrirampur,bajri,2015,November,97,1414,1560,1485,Ahmadnagar,Maharashtra,bajri,2015,Kharif Crops,1275.0,1,not found,,210.0,
2014-10-01,Shrirampur,bajri,2014,October,185,1295,1438,1378,Ahmadnagar,Maharashtra,bajri,2014,Kharif Crops,1250.0,1,not found,,128.0,
2015-10-01,Shrirampur,bajri,2015,October,157,1355,1482,1412,Ahmadnagar,Maharashtra,bajri,2015,Kharif Crops,1275.0,1,not found,,137.0,
2016-10-01,Shrirampur,bajri,2016,October,810,1227,1495,1400,Ahmadnagar,Maharashtra,bajri,2016,Kharif Crops,1330.0,1,not found,,70.0,
2014-09-01,Shrirampur,bajri,2014,September,298,1340,1520,1447,Ahmadnagar,Maharashtra,bajri,2014,Kharif Crops,1250.0,1,not found,,197.0,
2015-09-01,Shrirampur,bajri,2015,September,142,1446,1496,1466,Ahmadnagar,Maharashtra,bajri,2015,Kharif Crops,1275.0,1,not found,,191.0,
2016-09-01,Shrirampur,bajri,2016,September,74,1625,1783,1699,Ahmadnagar,Maharashtra,bajri,2016,Kharif Crops,1330.0,1,not found,,369.0,
2016-11-01,Shrirampur,bajri,2016,November,1161,1176,1516,1389,Ahmadnagar,Maharashtra,bajri,2016,Kharif Crops,1330.0,1,not found,,59.0,
