date,APMC,Commodity,Year,Month,arrivals_in_qtl,min_price,max_price,modal_price,district_name,state_name,commodity,year,Type,msprice,msp_filter,seasonality,deseasonal
2014-12-01,Ghoti,bitter gourd,2014,December,102,2834,3026,2930,Nasik,Maharashtra,,,,,,not found,
2015-12-01,Ghoti,bitter gourd,2015,December,57,1150,1675,1413,Nasik,Maharashtra,,,,,,not found,
2016-02-01,Ghoti,bitter gourd,2016,February,21,2840,3240,3040,Nasik,Maharashtra,,,,,,not found,
2015-01-01,Ghoti,bitter gourd,2015,January,66,3000,3077,3038,Nasik,Maharashtra,,,,,,not found,
2016-01-01,Ghoti,bitter gourd,2016,January,27,1588,1650,1619,Nasik,Maharashtra,,,,,,not found,
2016-07-01,Ghoti,bitter gourd,2016,July,57,1800,1900,1850,Nasik,Maharashtra,,,,,,not found,
2016-06-01,Ghoti,bitter gourd,2016,June,174,1700,2025,1863,Nasik,Maharashtra,,,,,,not found,
2016-03-01,Ghoti,bitter gourd,2016,March,90,1200,1378,1289,Nasik,Maharashtra,,,,,,not found,
2016-05-01,Ghoti,bitter gourd,2016,May,111,1300,2000,1650,Nasik,Maharashtra,,,,,,not found,
2014-11-01,Ghoti,bitter gourd,2014,November,75,2236,2491,2364,Nasik,Maharashtra,,,,,,not found,
2015-11-01,Ghoti,bitter gourd,2015,November,1037,1280,1340,1310,Nasik,Maharashtra,,,,,,not found,
2014-10-01,Ghoti,bitter gourd,2014,October,39,1683,1700,1692,Nasik,Maharashtra,,,,,,not found,
2016-10-01,Ghoti,bitter gourd,2016,October,18,963,1431,1197,Nasik,Maharashtra,,,,,,not found,
2014-09-01,Ghoti,bitter gourd,2014,September,18,2600,2600,2600,Nasik,Maharashtra,,,,,,not found,
2016-11-01,Ghoti,bitter gourd,2016,November,11,900,950,925,Nasik,Maharashtra,,,,,,not found,
