date,APMC,Commodity,Year,Month,arrivals_in_qtl,min_price,max_price,modal_price,district_name,state_name,commodity,year,Type,msprice,msp_filter,seasonality,deseasonal
2015-04-01,Pune-Manjri,ambat chuka,2015,April,29,162,1696,196,Pune,Maharashtra,,,,,,not found,
2016-04-01,Pune-Manjri,ambat chuka,2016,April,17,129,1286,193,Pune,Maharashtra,,,,,,not found,
2015-08-01,Pune-Manjri,ambat chuka,2015,August,17,50,1200,125,Pune,Maharashtra,,,,,,not found,
2016-08-01,Pune-Manjri,ambat chuka,2016,August,39,875,950,888,Pune,Maharashtra,,,,,,not found,
2014-12-01,Pune-Manjri,ambat chuka,2014,December,12,180,1440,270,Pune,Maharashtra,,,,,,not found,
2015-07-01,Pune-Manjri,ambat chuka,2015,July,26,200,925,400,Pune,Maharashtra,,,,,,not found,
2016-07-01,Pune-Manjri,ambat chuka,2016,July,50,388,1069,388,Pune,Maharashtra,,,,,,not found,
2015-06-01,Pune-Manjri,ambat chuka,2015,June,4,900,1800,1350,Pune,Maharashtra,,,,,,not found,
2016-06-01,Pune-Manjri,ambat chuka,2016,June,59,33,1844,50,Pune,Maharashtra,,,,,,not found,
2014-11-01,Pune-Manjri,ambat chuka,2014,November,25,133,1433,167,Pune,Maharashtra,,,,,,not found,
2015-11-01,Pune-Manjri,ambat chuka,2015,November,37,64,887,129,Pune,Maharashtra,,,,,,not found,
2014-10-01,Pune-Manjri,ambat chuka,2014,October,27,109,1255,136,Pune,Maharashtra,,,,,,not found,
2015-10-01,Pune-Manjri,ambat chuka,2015,October,29,92,1638,115,Pune,Maharashtra,,,,,,not found,
2016-10-01,Pune-Manjri,ambat chuka,2016,October,34,990,990,990,Pune,Maharashtra,,,,,,not found,
2015-09-01,Pune-Manjri,ambat chuka,2015,September,11,100,2010,225,Pune,Maharashtra,,,,,,not found,
2016-09-01,Pune-Manjri,ambat chuka,2016,September,26,1031,1031,1031,Pune,Maharashtra,,,,,,not found,
2016-11-01,Pune-Manjri,ambat chuka,2016,November,35,815,939,859,Pune,Maharashtra,,,,,,not found,
