date,APMC,Commodity,Year,Month,arrivals_in_qtl,min_price,max_price,modal_price,district_name,state_name,commodity,year,Type,msprice,msp_filter,seasonality,deseasonal
2016-04-01,Kolhapur,bottle gourd,2016,April,276,450,1404,814,Kolhapur,Maharashtra,,,,,,not found,
2015-08-01,Kolhapur,bottle gourd,2015,August,579,304,900,556,Kolhapur,Maharashtra,,,,,,not found,
2016-08-01,Kolhapur,bottle gourd,2016,August,793,480,1183,748,Kolhapur,Maharashtra,,,,,,not found,
2016-02-01,Kolhapur,bottle gourd,2016,February,288,350,1067,625,Kolhapur,Maharashtra,,,,,,not found,
2016-01-01,Kolhapur,bottle gourd,2016,January,371,421,1375,767,Kolhapur,Maharashtra,,,,,,not found,
2015-07-01,Kolhapur,bottle gourd,2015,July,712,317,1161,683,Kolhapur,Maharashtra,,,,,,not found,
2016-07-01,Kolhapur,bottle gourd,2016,July,366,658,2267,1333,Kolhapur,Maharashtra,,,,,,not found,
2015-06-01,Kolhapur,bottle gourd,2015,June,379,487,1423,840,Kolhapur,Maharashtra,,,,,,not found,
2016-06-01,Kolhapur,bottle gourd,2016,June,442,825,2530,1405,Kolhapur,Maharashtra,,,,,,not found,
2016-03-01,Kolhapur,bottle gourd,2016,March,203,620,1415,940,Kolhapur,Maharashtra,,,,,,not found,
2016-05-01,Kolhapur,bottle gourd,2016,May,445,547,1763,1021,Kolhapur,Maharashtra,,,,,,not found,
2015-11-01,Kolhapur,bottle gourd,2015,November,194,357,1271,771,Kolhapur,Maharashtra,,,,,,not found,
2015-10-01,Kolhapur,bottle gourd,2015,October,449,656,2108,1311,Kolhapur,Maharashtra,,,,,,not found,
2016-10-01,Kolhapur,bottle gourd,2016,October,494,515,1488,895,Kolhapur,Maharashtra,,,,,,not found,
2015-09-01,Kolhapur,bottle gourd,2015,September,434,324,988,617,Kolhapur,Maharashtra,,,,,,not found,
2016-09-01,Kolhapur,bottle gourd,2016,September,567,347,1095,650,Kolhapur,Maharashtra,,,,,,not found,
2016-11-01,Kolhapur,bottle gourd,2016,November,677,278,914,543,Kolhapur,Maharashtra,,,,,,not found,
