date,APMC,Commodity,Year,Month,arrivals_in_qtl,min_price,max_price,modal_price,district_name,state_name,commodity,year,Type,msprice,msp_filter,seasonality,deseasonal,Peak seasonal price fluctuation %,Raw vs MSP diff,Desasonal vs MSP diff
2016-04-01,Partur,bajri,2016,April,12,1441,1650,1571,Jalna,Maharashtra,bajri,2016,Kharif Crops,1330.0,1,additive,,37.70669558145839,241.0,
2015-08-01,Partur,bajri,2015,August,27,1236,1312,1296,Jalna,Maharashtra,bajri,2015,Kharif Crops,1275.0,1,additive,1386.5,37.70669558145839,21.0,111.5
2016-08-01,Partur,bajri,2016,August,17,1330,1442,1383,Jalna,Maharashtra,bajri,2016,Kharif Crops,1330.0,1,additive,1349.5,37.70669558145839,53.0,19.5
2014-12-01,Partur,bajri,2014,December,7,1200,1336,1336,Jalna,Maharashtra,bajri,2014,Kharif Crops,1250.0,1,additive,1377.0,37.70669558145839,86.0,127.0
2015-12-01,Partur,bajri,2015,December,136,1301,1516,1453,Jalna,Maharashtra,bajri,2015,Kharif Crops,1275.0,1,additive,1370.75,37.70669558145839,178.0,95.75
2015-02-01,Partur,bajri,2015,February,11,1200,1276,1241,Jalna,Maharashtra,bajri,2015,Kharif Crops,1275.0,1,additive,1316.5,37.70669558145839,-34.0,41.5
2016-02-01,Partur,bajri,2016,February,12,1275,1338,1331,Jalna,Maharashtra,bajri,2016,Kharif Crops,1330.0,1,additive,1301.25,37.70669558145839,1.0,-28.75
2015-01-01,Partur,bajri,2015,January,115,1236,1392,1302,Jalna,Maharashtra,bajri,2015,Kharif Crops,1275.0,1,additive,1306.75,37.70669558145839,27.0,31.75
2016-01-01,Partur,bajri,2016,January,79,1179,1386,1292,Jalna,Maharashtra,bajri,2016,Kharif Crops,1330.0,1,additive,1268.5,37.70669558145839,-38.0,-61.5
2015-07-01,Partur,bajri,2015,July,17,1151,1217,1188,Jalna,Maharashtra,bajri,2015,Kharif Crops,1275.0,1,additive,1312.0,37.70669558145839,-87.0,37.0
2016-07-01,Partur,bajri,2016,July,36,1500,1588,1580,Jalna,Maharashtra,bajri,2016,Kharif Crops,1330.0,1,additive,1368.25,37.70669558145839,250.0,38.25
2015-06-01,Partur,bajri,2015,June,80,1091,1164,1125,Jalna,Maharashtra,bajri,2015,Kharif Crops,1275.0,1,additive,1348.25,37.70669558145839,-150.0,73.25
2016-06-01,Partur,bajri,2016,June,56,1541,1588,1563,Jalna,Maharashtra,bajri,2016,Kharif Crops,1330.0,1,additive,1353.0,37.70669558145839,233.0,23.0
2015-03-01,Partur,bajri,2015,March,20,1090,1250,1161,Jalna,Maharashtra,bajri,2015,Kharif Crops,1275.0,1,additive,1371.25,37.70669558145839,-114.0,96.25
2016-03-01,Partur,bajri,2016,March,10,1561,1600,1600,Jalna,Maharashtra,bajri,2016,Kharif Crops,1330.0,1,additive,1388.75,37.70669558145839,270.0,58.75
2015-05-01,Partur,bajri,2015,May,100,1148,1273,1194,Jalna,Maharashtra,bajri,2015,Kharif Crops,1275.0,1,additive,1410.75,37.70669558145839,-81.0,135.75
2016-05-01,Partur,bajri,2016,May,81,1590,1702,1655,Jalna,Maharashtra,bajri,2016,Kharif Crops,1330.0,1,additive,1481.0,37.70669558145839,325.0,151.0
2014-11-01,Partur,bajri,2014,November,318,1315,1461,1420,Jalna,Maharashtra,bajri,2014,Kharif Crops,1250.0,1,additive,1501.5,37.70669558145839,170.0,251.5
2015-11-01,Partur,bajri,2015,November,140,1392,1601,1511,Jalna,Maharashtra,bajri,2015,Kharif Crops,1275.0,1,additive,1402.5,37.70669558145839,236.0,127.5
2015-10-01,Partur,bajri,2015,October,30,1086,1261,1168,Jalna,Maharashtra,bajri,2015,Kharif Crops,1275.0,1,additive,1287.0,37.70669558145839,-107.0,12.0
2016-10-01,Partur,bajri,2016,October,8,1275,1301,1301,Jalna,Maharashtra,bajri,2016,Kharif Crops,1330.0,1,additive,1418.75,37.70669558145839,-29.0,88.75
2015-09-01,Partur,bajri,2015,September,91,1865,1975,1905,Jalna,Maharashtra,bajri,2015,Kharif Crops,1275.0,1,additive,1609.0,37.70669558145839,630.0,334.0
2016-09-01,Partur,bajri,2016,September,11,1300,1375,1325,Jalna,Maharashtra,bajri,2016,Kharif Crops,1330.0,1,additive,1463.75,37.70669558145839,-5.0,133.75
2016-11-01,Partur,bajri,2016,November,7,1250,1300,1300,Jalna,Maharashtra,bajri,2016,Kharif Crops,1330.0,1,additive,,37.70669558145839,-30.0,
