date,APMC,Commodity,Year,Month,arrivals_in_qtl,min_price,max_price,modal_price,district_name,state_name,commodity,year,Type,msprice,msp_filter,seasonality,deseasonal,Raw vs MSP diff,Desasonal vs MSP diff
2015-04-01,Paithan,bajri,2015,April,3801,653,653,651,Aurangabad,Maharashtra,bajri,2015,Kharif Crops,1275.0,1,not found,,-624.0,
2016-04-01,Paithan,bajri,2016,April,357,1433,1756,1566,Aurangabad,Maharashtra,bajri,2016,Kharif Crops,1330.0,1,not found,,236.0,
2015-08-01,Paithan,bajri,2015,August,224,1406,1521,1454,Aurangabad,Maharashtra,bajri,2015,Kharif Crops,1275.0,1,not found,,179.0,
2016-08-01,Paithan,bajri,2016,August,405,1359,1661,1495,Aurangabad,Maharashtra,bajri,2016,Kharif Crops,1330.0,1,not found,,165.0,
2014-12-01,Paithan,bajri,2014,December,218,1340,1474,1420,Aurangabad,Maharashtra,bajri,2014,Kharif Crops,1250.0,1,not found,,170.0,
2015-12-01,Paithan,bajri,2015,December,686,1296,1547,1408,Aurangabad,Maharashtra,bajri,2015,Kharif Crops,1275.0,1,not found,,133.0,
2015-02-01,Paithan,bajri,2015,February,4201,1,2,1,Aurangabad,Maharashtra,bajri,2015,Kharif Crops,1275.0,1,not found,,-1274.0,
2016-02-01,Paithan,bajri,2016,February,368,1310,1590,1439,Aurangabad,Maharashtra,bajri,2016,Kharif Crops,1330.0,1,not found,,109.0,
2016-01-01,Paithan,bajri,2016,January,525,1341,1624,1478,Aurangabad,Maharashtra,bajri,2016,Kharif Crops,1330.0,1,not found,,148.0,
2015-07-01,Paithan,bajri,2015,July,228,1345,1371,1351,Aurangabad,Maharashtra,bajri,2015,Kharif Crops,1275.0,1,not found,,76.0,
2016-07-01,Paithan,bajri,2016,July,234,1484,1777,1653,Aurangabad,Maharashtra,bajri,2016,Kharif Crops,1330.0,1,not found,,323.0,
2015-06-01,Paithan,bajri,2015,June,420,1254,1336,1291,Aurangabad,Maharashtra,bajri,2015,Kharif Crops,1275.0,1,not found,,16.0,
2016-06-01,Paithan,bajri,2016,June,272,1440,2328,1590,Aurangabad,Maharashtra,bajri,2016,Kharif Crops,1330.0,1,not found,,260.0,
2016-03-01,Paithan,bajri,2016,March,302,1349,1598,1453,Aurangabad,Maharashtra,bajri,2016,Kharif Crops,1330.0,1,not found,,123.0,
2015-05-01,Paithan,bajri,2015,May,399,1271,1338,1306,Aurangabad,Maharashtra,bajri,2015,Kharif Crops,1275.0,1,not found,,31.0,
2016-05-01,Paithan,bajri,2016,May,326,1517,1795,1664,Aurangabad,Maharashtra,bajri,2016,Kharif Crops,1330.0,1,not found,,334.0,
2014-11-01,Paithan,bajri,2014,November,517,1367,1524,1468,Aurangabad,Maharashtra,bajri,2014,Kharif Crops,1250.0,1,not found,,218.0,
2015-11-01,Paithan,bajri,2015,November,987,1343,1581,1468,Aurangabad,Maharashtra,bajri,2015,Kharif Crops,1275.0,1,not found,,193.0,
2015-10-01,Paithan,bajri,2015,October,566,1291,1388,1317,Aurangabad,Maharashtra,bajri,2015,Kharif Crops,1275.0,1,not found,,42.0,
2016-10-01,Paithan,bajri,2016,October,2899,1313,1556,1383,Aurangabad,Maharashtra,bajri,2016,Kharif Crops,1330.0,1,not found,,53.0,
2015-09-01,Paithan,bajri,2015,September,669,1298,1375,1346,Aurangabad,Maharashtra,bajri,2015,Kharif Crops,1275.0,1,not found,,71.0,
2016-09-01,Paithan,bajri,2016,September,528,1382,1582,1471,Aurangabad,Maharashtra,bajri,2016,Kharif Crops,1330.0,1,not found,,141.0,
2016-11-01,Paithan,bajri,2016,November,782,1339,1571,1419,Aurangabad,Maharashtra,bajri,2016,Kharif Crops,1330.0,1,not found,,89.0,
