date,APMC,Commodity,Year,Month,arrivals_in_qtl,min_price,max_price,modal_price,district_name,state_name,commodity,year,Type,msprice,msp_filter,seasonality,deseasonal,Peak seasonal price fluctuation %,Raw vs MSP diff,Desasonal vs MSP diff
2015-04-01,Nandura,bajri,2015,April,54,990,1151,1106,Buldhana,Maharashtra,bajri,2015,Kharif Crops,1275.0,1,additive,,33.46750191331953,-169.0,
2016-04-01,Nandura,bajri,2016,April,24,1469,1608,1608,Buldhana,Maharashtra,bajri,2016,Kharif Crops,1330.0,1,additive,1373.5,33.46750191331953,278.0,43.5
2015-08-01,Nandura,bajri,2015,August,9,1114,1172,1172,Buldhana,Maharashtra,bajri,2015,Kharif Crops,1275.0,1,additive,1358.0,33.46750191331953,-103.0,83.0
2016-08-01,Nandura,bajri,2016,August,13,1463,1480,1480,Buldhana,Maharashtra,bajri,2016,Kharif Crops,1330.0,1,additive,1339.75,33.46750191331953,150.0,9.75
2014-12-01,Nandura,bajri,2014,December,453,1094,1327,1227,Buldhana,Maharashtra,bajri,2014,Kharif Crops,1250.0,1,additive,1365.75,33.46750191331953,-23.0,115.75
2015-12-01,Nandura,bajri,2015,December,831,1235,1529,1529,Buldhana,Maharashtra,bajri,2015,Kharif Crops,1275.0,1,additive,1342.5,33.46750191331953,254.0,67.5
2015-02-01,Nandura,bajri,2015,February,213,999,1135,1085,Buldhana,Maharashtra,bajri,2015,Kharif Crops,1275.0,1,additive,1265.75,33.46750191331953,-190.0,-9.25
2016-02-01,Nandura,bajri,2016,February,33,1208,1364,1364,Buldhana,Maharashtra,bajri,2016,Kharif Crops,1330.0,1,additive,1236.25,33.46750191331953,34.0,-93.75
2015-01-01,Nandura,bajri,2015,January,263,1040,1190,1132,Buldhana,Maharashtra,bajri,2015,Kharif Crops,1275.0,1,additive,1254.25,33.46750191331953,-143.0,-20.75
2016-01-01,Nandura,bajri,2016,January,246,1207,1389,1389,Buldhana,Maharashtra,bajri,2016,Kharif Crops,1330.0,1,additive,1251.0,33.46750191331953,59.0,-79.0
2015-07-01,Nandura,bajri,2015,July,11,1047,1098,1094,Buldhana,Maharashtra,bajri,2015,Kharif Crops,1275.0,1,additive,1295.0,33.46750191331953,-181.0,20.0
2016-07-01,Nandura,bajri,2016,July,6,1487,1603,1603,Buldhana,Maharashtra,bajri,2016,Kharif Crops,1330.0,1,additive,1360.0,33.46750191331953,273.0,30.0
2015-06-01,Nandura,bajri,2015,June,11,1100,1154,1140,Buldhana,Maharashtra,bajri,2015,Kharif Crops,1275.0,1,additive,1396.75,33.46750191331953,-135.0,121.75
2016-06-01,Nandura,bajri,2016,June,25,1600,1709,1704,Buldhana,Maharashtra,bajri,2016,Kharif Crops,1330.0,1,additive,1399.0,33.46750191331953,374.0,69.0
2015-03-01,Nandura,bajri,2015,March,50,989,1088,1048,Buldhana,Maharashtra,bajri,2015,Kharif Crops,1275.0,1,additive,1304.0,33.46750191331953,-227.0,29.0
2016-03-01,Nandura,bajri,2016,March,24,1309,1416,1416,Buldhana,Maharashtra,bajri,2016,Kharif Crops,1330.0,1,additive,1238.5,33.46750191331953,86.0,-91.5
2015-05-01,Nandura,bajri,2015,May,20,988,1114,1074,Buldhana,Maharashtra,bajri,2015,Kharif Crops,1275.0,1,additive,1343.75,33.46750191331953,-201.0,68.75
2016-05-01,Nandura,bajri,2016,May,49,1540,1811,1811,Buldhana,Maharashtra,bajri,2016,Kharif Crops,1330.0,1,additive,1492.5,33.46750191331953,481.0,162.5
2014-11-01,Nandura,bajri,2014,November,2270,1162,1346,1274,Buldhana,Maharashtra,bajri,2014,Kharif Crops,1250.0,1,additive,1472.25,33.46750191331953,24.0,222.25
2015-11-01,Nandura,bajri,2015,November,680,1236,1530,1530,Buldhana,Maharashtra,bajri,2015,Kharif Crops,1275.0,1,additive,1417.75,33.46750191331953,255.0,142.75
2014-10-01,Nandura,bajri,2014,October,1051,1237,1420,1337,Buldhana,Maharashtra,bajri,2014,Kharif Crops,1250.0,1,additive,1367.25,33.46750191331953,87.0,117.25
2015-10-01,Nandura,bajri,2015,October,125,1147,1265,1265,Buldhana,Maharashtra,bajri,2015,Kharif Crops,1275.0,1,additive,1351.75,33.46750191331953,-10.0,76.75
2016-10-01,Nandura,bajri,2016,October,134,1278,1540,1540,Buldhana,Maharashtra,bajri,2016,Kharif Crops,1330.0,1,additive,1408.0,33.46750191331953,210.0,78.0
2015-09-01,Nandura,bajri,2015,September,58,1147,1287,1287,Buldhana,Maharashtra,bajri,2015,Kharif Crops,1275.0,1,additive,1445.25,33.46750191331953,12.0,170.25
2016-09-01,Nandura,bajri,2016,September,26,1495,1667,1667,Buldhana,Maharashtra,bajri,2016,Kharif Crops,1330.0,1,additive,1504.5,33.46750191331953,337.0,174.5
2016-11-01,Nandura,bajri,2016,November,67,1220,1397,1397,Buldhana,Maharashtra,bajri,2016,Kharif Crops,1330.0,1,additive,,33.46750191331953,67.0,
