date,APMC,Commodity,Year,Month,arrivals_in_qtl,min_price,max_price,modal_price,district_name,state_name,commodity,year,Type,msprice,msp_filter,seasonality,deseasonal,Raw vs MSP diff,Desasonal vs MSP diff
2015-04-01,Dound,bajri,2015,April,152,1372,1587,1469,Pune,Maharashtra,bajri,2015,Kharif Crops,1275.0,1,not found,,194.0,
2016-04-01,Dound,bajri,2016,April,350,1679,2200,1998,Pune,Maharashtra,bajri,2016,Kharif Crops,1330.0,1,not found,,668.0,
2015-08-01,Dound,bajri,2015,August,312,1436,1680,1533,Pune,Maharashtra,bajri,2015,Kharif Crops,1275.0,1,not found,,258.0,
2016-08-01,Dound,bajri,2016,August,1906,1565,2077,1838,Pune,Maharashtra,bajri,2016,Kharif Crops,1330.0,1,not found,,508.0,
2014-12-01,Dound,bajri,2014,December,662,1291,1639,1458,Pune,Maharashtra,bajri,2014,Kharif Crops,1250.0,1,not found,,208.0,
2015-12-01,Dound,bajri,2015,December,980,1432,1975,1670,Pune,Maharashtra,bajri,2015,Kharif Crops,1275.0,1,not found,,395.0,
2016-02-01,Dound,bajri,2016,February,560,1520,1834,1686,Pune,Maharashtra,bajri,2016,Kharif Crops,1330.0,1,not found,,356.0,
2015-01-01,Dound,bajri,2015,January,303,1393,1631,1534,Pune,Maharashtra,bajri,2015,Kharif Crops,1275.0,1,not found,,259.0,
2016-01-01,Dound,bajri,2016,January,774,1500,1884,1702,Pune,Maharashtra,bajri,2016,Kharif Crops,1330.0,1,not found,,372.0,
2015-07-01,Dound,bajri,2015,July,197,1499,1731,1579,Pune,Maharashtra,bajri,2015,Kharif Crops,1275.0,1,not found,,304.0,
2016-07-01,Dound,bajri,2016,July,345,1764,2141,1991,Pune,Maharashtra,bajri,2016,Kharif Crops,1330.0,1,not found,,661.0,
2015-06-01,Dound,bajri,2015,June,127,1311,1492,1383,Pune,Maharashtra,bajri,2015,Kharif Crops,1275.0,1,not found,,108.0,
2016-06-01,Dound,bajri,2016,June,561,1683,2100,1946,Pune,Maharashtra,bajri,2016,Kharif Crops,1330.0,1,not found,,616.0,
2016-03-01,Dound,bajri,2016,March,576,1509,2069,1835,Pune,Maharashtra,bajri,2016,Kharif Crops,1330.0,1,not found,,505.0,
2015-05-01,Dound,bajri,2015,May,164,1430,1672,1550,Pune,Maharashtra,bajri,2015,Kharif Crops,1275.0,1,not found,,275.0,
2016-05-01,Dound,bajri,2016,May,470,1700,2282,2062,Pune,Maharashtra,bajri,2016,Kharif Crops,1330.0,1,not found,,732.0,
2014-11-01,Dound,bajri,2014,November,193,1389,1612,1483,Pune,Maharashtra,bajri,2014,Kharif Crops,1250.0,1,not found,,233.0,
2015-11-01,Dound,bajri,2015,November,769,1387,1862,1609,Pune,Maharashtra,bajri,2015,Kharif Crops,1275.0,1,not found,,334.0,
2015-10-01,Dound,bajri,2015,October,1313,1374,1825,1570,Pune,Maharashtra,bajri,2015,Kharif Crops,1275.0,1,not found,,295.0,
2016-10-01,Dound,bajri,2016,October,5173,1252,1835,1463,Pune,Maharashtra,bajri,2016,Kharif Crops,1330.0,1,not found,,133.0,
2015-09-01,Dound,bajri,2015,September,1278,1375,1762,1574,Pune,Maharashtra,bajri,2015,Kharif Crops,1275.0,1,not found,,299.0,
2016-09-01,Dound,bajri,2016,September,1867,1473,1937,1726,Pune,Maharashtra,bajri,2016,Kharif Crops,1330.0,1,not found,,396.0,
2016-11-01,Dound,bajri,2016,November,3091,1237,2012,1548,Pune,Maharashtra,bajri,2016,Kharif Crops,1330.0,1,not found,,218.0,
