date,APMC,Commodity,Year,Month,arrivals_in_qtl,min_price,max_price,modal_price,district_name,state_name,commodity,year,Type,msprice,msp_filter,seasonality,deseasonal,Peak seasonal price fluctuation %
2014-12-01,Karanja,batbati,2014,December,1,4580,4580,4580,Wasim,Maharashtra,,,,,,additive,,15.677321156773212
2015-12-01,Karanja,batbati,2015,December,4,4850,5328,4850,Wasim,Maharashtra,,,,,,additive,4770.0,15.677321156773212
2015-02-01,Karanja,batbati,2015,February,1,4800,4800,4800,Wasim,Maharashtra,,,,,,additive,5037.5,15.677321156773212
2016-01-01,Karanja,batbati,2016,January,2,5700,5700,5700,Wasim,Maharashtra,,,,,,additive,5225.0,15.677321156773212
2015-03-01,Karanja,batbati,2015,March,2,4700,4700,4700,Wasim,Maharashtra,,,,,,additive,5008.75,15.677321156773212
2014-11-01,Karanja,batbati,2014,November,4,4935,4935,4935,Wasim,Maharashtra,,,,,,additive,,15.677321156773212
