date,APMC,Commodity,Year,Month,arrivals_in_qtl,min_price,max_price,modal_price,district_name,state_name,commodity,year,Type,msprice,msp_filter,seasonality,deseasonal
2014-11-01,Mohol,black gram,2014,November,4,4580,4650,4580,Solapur,Maharashtra,,,,,,not found,
2014-10-01,Mohol,black gram,2014,October,2,4100,4510,4300,Solapur,Maharashtra,,,,,,not found,
2016-10-01,Mohol,black gram,2016,October,21,6200,6778,6628,Solapur,Maharashtra,,,,,,not found,
2016-09-01,Mohol,black gram,2016,September,54,6473,6874,6798,Solapur,Maharashtra,,,,,,not found,
2016-11-01,Mohol,black gram,2016,November,29,6005,6502,6320,Solapur,Maharashtra,,,,,,not found,
