date,APMC,Commodity,Year,Month,arrivals_in_qtl,min_price,max_price,modal_price,district_name,state_name,commodity,year,Type,msprice,msp_filter,seasonality,deseasonal
2014-12-01,Osmanabad,bottle gourd,2014,December,20,767,967,867,Osmanabad,Maharashtra,,,,,,not found,
2016-06-01,Osmanabad,bottle gourd,2016,June,61,1158,2150,1654,Osmanabad,Maharashtra,,,,,,not found,
2015-05-01,Osmanabad,bottle gourd,2015,May,7,700,1500,1150,Osmanabad,Maharashtra,,,,,,not found,
2016-05-01,Osmanabad,bottle gourd,2016,May,21,1075,1625,1350,Osmanabad,Maharashtra,,,,,,not found,
2015-11-01,Osmanabad,bottle gourd,2015,November,3,700,1000,850,Osmanabad,Maharashtra,,,,,,not found,
