date,APMC,Commodity,Year,Month,arrivals_in_qtl,min_price,max_price,modal_price,district_name,state_name,commodity,year,Type,msprice,msp_filter,seasonality,deseasonal
2015-04-01,Mumbai,apple,2015,April,2362,2525,7417,4971,Mumbai,Maharashtra,,,,,,not found,
2016-04-01,Mumbai,apple,2016,April,5687,2586,8976,5795,Mumbai,Maharashtra,,,,,,not found,
2015-08-01,Mumbai,apple,2015,August,36206,7143,9500,8343,Mumbai,Maharashtra,,,,,,not found,
2014-12-01,Mumbai,apple,2014,December,82836,2478,6511,4494,Mumbai,Maharashtra,,,,,,not found,
2015-12-01,Mumbai,apple,2015,December,119102,3998,7521,5740,Mumbai,Maharashtra,,,,,,not found,
2015-02-01,Mumbai,apple,2015,February,36620,2475,6800,4635,Mumbai,Maharashtra,,,,,,not found,
2016-02-01,Mumbai,apple,2016,February,28330,2717,6530,4624,Mumbai,Maharashtra,,,,,,not found,
2015-01-01,Mumbai,apple,2015,January,52835,2519,6515,4517,Mumbai,Maharashtra,,,,,,not found,
2016-01-01,Mumbai,apple,2016,January,66205,3184,7004,5096,Mumbai,Maharashtra,,,,,,not found,
2015-07-01,Mumbai,apple,2015,July,660,4000,5000,4500,Mumbai,Maharashtra,,,,,,not found,
2015-06-01,Mumbai,apple,2015,June,340,3300,4300,3800,Mumbai,Maharashtra,,,,,,not found,
2015-03-01,Mumbai,apple,2015,March,9474,2500,7037,4737,Mumbai,Maharashtra,,,,,,not found,
2016-03-01,Mumbai,apple,2016,March,15456,2648,8365,5507,Mumbai,Maharashtra,,,,,,not found,
2015-05-01,Mumbai,apple,2015,May,400,3060,4880,3970,Mumbai,Maharashtra,,,,,,not found,
2016-05-01,Mumbai,apple,2016,May,1205,2745,9000,5664,Mumbai,Maharashtra,,,,,,not found,
2014-11-01,Mumbai,apple,2014,November,125428,2704,6460,4582,Mumbai,Maharashtra,,,,,,not found,
2015-11-01,Mumbai,apple,2015,November,130140,5000,8000,6500,Mumbai,Maharashtra,,,,,,not found,
2014-10-01,Mumbai,apple,2014,October,125787,3704,6673,5188,Mumbai,Maharashtra,,,,,,not found,
2015-10-01,Mumbai,apple,2015,October,166235,4889,8037,6426,Mumbai,Maharashtra,,,,,,not found,
2014-09-01,Mumbai,apple,2014,September,95024,3820,5860,4840,Mumbai,Maharashtra,,,,,,not found,
2015-09-01,Mumbai,apple,2015,September,142658,5269,8231,6769,Mumbai,Maharashtra,,,,,,not found,
