date,APMC,Commodity,Year,Month,arrivals_in_qtl,min_price,max_price,modal_price,district_name,state_name,commodity,year,Type,msprice,msp_filter,seasonality,deseasonal
2014-12-01,Parbhani,black gram,2014,December,1,4700,4700,4700,Parbhani,Maharashtra,,,,,,not found,
2014-11-01,Parbhani,black gram,2014,November,1,4500,4500,4500,Parbhani,Maharashtra,,,,,,not found,
2014-10-01,Parbhani,black gram,2014,October,3,4500,4500,4500,Parbhani,Maharashtra,,,,,,not found,
2015-10-01,Parbhani,black gram,2015,October,1,10000,10000,10000,Parbhani,Maharashtra,,,,,,not found,
2016-10-01,Parbhani,black gram,2016,October,6,5501,5501,5501,Parbhani,Maharashtra,,,,,,not found,
