date,APMC,Commodity,Year,Month,arrivals_in_qtl,min_price,max_price,modal_price,district_name,state_name,commodity,year,Type,msprice,msp_filter,seasonality,deseasonal
2015-04-01,Panvel,bitter gourd,2015,April,330,3389,3767,3578,Raigad,Maharashtra,,,,,,not found,
2016-04-01,Panvel,bitter gourd,2016,April,75,5433,5833,5633,Raigad,Maharashtra,,,,,,not found,
2016-08-01,Panvel,bitter gourd,2016,August,975,2361,2665,2511,Raigad,Maharashtra,,,,,,not found,
2014-12-01,Panvel,bitter gourd,2014,December,195,3871,4357,4114,Raigad,Maharashtra,,,,,,not found,
2015-12-01,Panvel,bitter gourd,2015,December,290,3129,3329,3229,Raigad,Maharashtra,,,,,,not found,
2015-02-01,Panvel,bitter gourd,2015,February,230,3375,3875,3625,Raigad,Maharashtra,,,,,,not found,
2016-02-01,Panvel,bitter gourd,2016,February,140,3071,3300,3186,Raigad,Maharashtra,,,,,,not found,
2015-01-01,Panvel,bitter gourd,2015,January,135,3920,4240,4080,Raigad,Maharashtra,,,,,,not found,
2016-01-01,Panvel,bitter gourd,2016,January,488,4225,4458,4342,Raigad,Maharashtra,,,,,,not found,
2016-07-01,Panvel,bitter gourd,2016,July,490,4661,5043,4846,Raigad,Maharashtra,,,,,,not found,
2015-06-01,Panvel,bitter gourd,2015,June,162,2983,3217,3100,Raigad,Maharashtra,,,,,,not found,
2016-06-01,Panvel,bitter gourd,2016,June,509,4360,4716,4534,Raigad,Maharashtra,,,,,,not found,
2015-03-01,Panvel,bitter gourd,2015,March,230,3100,3300,3200,Raigad,Maharashtra,,,,,,not found,
2016-03-01,Panvel,bitter gourd,2016,March,207,4030,4260,4150,Raigad,Maharashtra,,,,,,not found,
2015-05-01,Panvel,bitter gourd,2015,May,16,3500,3600,3550,Raigad,Maharashtra,,,,,,not found,
2016-05-01,Panvel,bitter gourd,2016,May,286,4718,5035,4876,Raigad,Maharashtra,,,,,,not found,
2014-11-01,Panvel,bitter gourd,2014,November,250,3413,3675,3544,Raigad,Maharashtra,,,,,,not found,
2015-11-01,Panvel,bitter gourd,2015,November,170,3000,3200,3100,Raigad,Maharashtra,,,,,,not found,
2014-10-01,Panvel,bitter gourd,2014,October,338,1450,1600,1525,Raigad,Maharashtra,,,,,,not found,
2015-10-01,Panvel,bitter gourd,2015,October,30,3200,3400,3300,Raigad,Maharashtra,,,,,,not found,
2016-10-01,Panvel,bitter gourd,2016,October,210,1750,1950,1850,Raigad,Maharashtra,,,,,,not found,
2014-09-01,Panvel,bitter gourd,2014,September,200,2850,3250,3033,Raigad,Maharashtra,,,,,,not found,
2015-09-01,Panvel,bitter gourd,2015,September,478,533,700,617,Raigad,Maharashtra,,,,,,not found,
2016-09-01,Panvel,bitter gourd,2016,September,875,1257,1550,1411,Raigad,Maharashtra,,,,,,not found,
2016-11-01,Panvel,bitter gourd,2016,November,125,2183,2383,2283,Raigad,Maharashtra,,,,,,not found,
