date,APMC,Commodity,Year,Month,arrivals_in_qtl,min_price,max_price,modal_price,district_name,state_name,commodity,year,Type,msprice,msp_filter,seasonality,deseasonal,Peak seasonal price fluctuation %
2014-12-01,Jalgaon,bor,2014,December,303,1348,2278,1848,Jalgaon,Maharashtra,,,,,,additive,,13.904653802497162
2015-12-01,Jalgaon,bor,2015,December,172,1178,1917,1550,Jalgaon,Maharashtra,,,,,,additive,1737.0,13.904653802497162
2015-02-01,Jalgaon,bor,2015,February,30,1943,2114,2000,Jalgaon,Maharashtra,,,,,,additive,1766.75,13.904653802497162
2015-01-01,Jalgaon,bor,2015,January,209,1136,1956,1517,Jalgaon,Maharashtra,,,,,,additive,1672.75,13.904653802497162
2016-01-01,Jalgaon,bor,2016,January,126,1429,1936,1657,Jalgaon,Maharashtra,,,,,,additive,1707.75,13.904653802497162
2015-11-01,Jalgaon,bor,2015,November,5,1500,2500,2000,Jalgaon,Maharashtra,,,,,,additive,,13.904653802497162
