date,APMC,Commodity,Year,Month,arrivals_in_qtl,min_price,max_price,modal_price,district_name,state_name,commodity,year,Type,msprice,msp_filter,seasonality,deseasonal
2016-04-01,Ahmednagar,bitter gourd,2016,April,8,5000,6333,5667,Ahmadnagar,Maharashtra,,,,,,not found,
2015-08-01,Ahmednagar,bitter gourd,2015,August,120,1875,2875,2375,Ahmadnagar,Maharashtra,,,,,,not found,
2016-08-01,Ahmednagar,bitter gourd,2016,August,326,880,3000,1940,Ahmadnagar,Maharashtra,,,,,,not found,
2015-12-01,Ahmednagar,bitter gourd,2015,December,95,1778,3833,2806,Ahmadnagar,Maharashtra,,,,,,not found,
2016-02-01,Ahmednagar,bitter gourd,2016,February,25,2500,4900,4000,Ahmadnagar,Maharashtra,,,,,,not found,
2016-01-01,Ahmednagar,bitter gourd,2016,January,63,2625,5125,3875,Ahmadnagar,Maharashtra,,,,,,not found,
2015-07-01,Ahmednagar,bitter gourd,2015,July,110,1750,3450,2467,Ahmadnagar,Maharashtra,,,,,,not found,
2016-07-01,Ahmednagar,bitter gourd,2016,July,282,2364,5227,3795,Ahmadnagar,Maharashtra,,,,,,not found,
2015-06-01,Ahmednagar,bitter gourd,2015,June,127,1100,3600,2350,Ahmadnagar,Maharashtra,,,,,,not found,
2016-06-01,Ahmednagar,bitter gourd,2016,June,237,3083,6204,4633,Ahmadnagar,Maharashtra,,,,,,not found,
2016-05-01,Ahmednagar,bitter gourd,2016,May,91,2750,5100,3925,Ahmadnagar,Maharashtra,,,,,,not found,
2015-11-01,Ahmednagar,bitter gourd,2015,November,130,1125,2900,2013,Ahmadnagar,Maharashtra,,,,,,not found,
2015-10-01,Ahmednagar,bitter gourd,2015,October,238,1350,3350,2350,Ahmadnagar,Maharashtra,,,,,,not found,
2016-10-01,Ahmednagar,bitter gourd,2016,October,134,613,2250,1431,Ahmadnagar,Maharashtra,,,,,,not found,
2015-09-01,Ahmednagar,bitter gourd,2015,September,181,875,1825,1350,Ahmadnagar,Maharashtra,,,,,,not found,
2016-09-01,Ahmednagar,bitter gourd,2016,September,364,421,1374,884,Ahmadnagar,Maharashtra,,,,,,not found,
2016-11-01,Ahmednagar,bitter gourd,2016,November,55,625,2025,1325,Ahmadnagar,Maharashtra,,,,,,not found,
