date,APMC,Commodity,Year,Month,arrivals_in_qtl,min_price,max_price,modal_price,district_name,state_name,commodity,year,Type,msprice,msp_filter,seasonality,deseasonal,Peak seasonal price fluctuation %
2015-08-01,Kalyan,black gram,2015,August,3,8000,8500,8200,Thane,Maharashtra,,,,,,additive,,49.05871443500786
2016-08-01,Kalyan,black gram,2016,August,18,12317,12833,12567,Thane,Maharashtra,,,,,,additive,11100.25,49.05871443500786
2015-12-01,Kalyan,black gram,2015,December,9,10500,11700,11067,Thane,Maharashtra,,,,,,additive,10825.25,49.05871443500786
2016-02-01,Kalyan,black gram,2016,February,6,8000,9000,8600,Thane,Maharashtra,,,,,,additive,8629.25,49.05871443500786
2015-01-01,Kalyan,black gram,2015,January,3,6000,6500,6250,Thane,Maharashtra,,,,,,additive,7390.0,49.05871443500786
2016-01-01,Kalyan,black gram,2016,January,15,7800,8840,8460,Thane,Maharashtra,,,,,,additive,7832.0,49.05871443500786
2015-07-01,Kalyan,black gram,2015,July,9,8000,8483,8158,Thane,Maharashtra,,,,,,additive,9474.0,49.05871443500786
2016-07-01,Kalyan,black gram,2016,July,15,12960,13300,13120,Thane,Maharashtra,,,,,,additive,10489.5,49.05871443500786
2015-06-01,Kalyan,black gram,2015,June,15,7200,7920,7560,Thane,Maharashtra,,,,,,additive,8542.25,49.05871443500786
2015-03-01,Kalyan,black gram,2015,March,15,5630,6108,5929,Thane,Maharashtra,,,,,,additive,7604.5,49.05871443500786
2016-03-01,Kalyan,black gram,2016,March,9,10333,11667,11000,Thane,Maharashtra,,,,,,additive,10599.0,49.05871443500786
2016-05-01,Kalyan,black gram,2016,May,9,14000,14733,14467,Thane,Maharashtra,,,,,,additive,12133.5,49.05871443500786
2015-09-01,Kalyan,black gram,2015,September,9,8067,9167,8600,Thane,Maharashtra,,,,,,additive,10891.75,49.05871443500786
2016-09-01,Kalyan,black gram,2016,September,6,11250,12500,11900,Thane,Maharashtra,,,,,,additive,,49.05871443500786
