date,APMC,Commodity,Year,Month,arrivals_in_qtl,min_price,max_price,modal_price,district_name,state_name,commodity,year,Type,msprice,msp_filter,seasonality,deseasonal,Peak seasonal price fluctuation %
2015-08-01,Osmanabad,bitter gourd,2015,August,18,1267,3117,2183,Osmanabad,Maharashtra,,,,,,additive,,71.62273476112027
2016-08-01,Osmanabad,bitter gourd,2016,August,24,933,2067,1383,Osmanabad,Maharashtra,,,,,,additive,1799.75,71.62273476112027
2014-12-01,Osmanabad,bitter gourd,2014,December,4,1500,3200,2250,Osmanabad,Maharashtra,,,,,,additive,2172.75,71.62273476112027
2015-12-01,Osmanabad,bitter gourd,2015,December,26,1917,3708,2808,Osmanabad,Maharashtra,,,,,,additive,2604.0,71.62273476112027
2016-01-01,Osmanabad,bitter gourd,2016,January,11,1125,4000,2550,Osmanabad,Maharashtra,,,,,,additive,2633.25,71.62273476112027
2015-07-01,Osmanabad,bitter gourd,2015,July,46,1556,3700,2625,Osmanabad,Maharashtra,,,,,,additive,2736.0,71.62273476112027
2016-07-01,Osmanabad,bitter gourd,2016,July,56,1961,4194,3144,Osmanabad,Maharashtra,,,,,,additive,3270.0,71.62273476112027
2016-06-01,Osmanabad,bitter gourd,2016,June,11,2500,5833,4167,Osmanabad,Maharashtra,,,,,,additive,3319.5,71.62273476112027
2015-05-01,Osmanabad,bitter gourd,2015,May,4,600,3000,1800,Osmanabad,Maharashtra,,,,,,additive,2573.0,71.62273476112027
2015-11-01,Osmanabad,bitter gourd,2015,November,13,1300,3750,2525,Osmanabad,Maharashtra,,,,,,additive,2215.0,71.62273476112027
2015-10-01,Osmanabad,bitter gourd,2015,October,28,1200,2830,2010,Osmanabad,Maharashtra,,,,,,additive,2059.0,71.62273476112027
2016-11-01,Osmanabad,bitter gourd,2016,November,62,932,2327,1691,Osmanabad,Maharashtra,,,,,,additive,,71.62273476112027
