date,APMC,Commodity,Year,Month,arrivals_in_qtl,min_price,max_price,modal_price,district_name,state_name,commodity,year,Type,msprice,msp_filter,seasonality,deseasonal,Raw vs MSP diff,Desasonal vs MSP diff
2015-04-01,Rahata,bajri,2015,April,203,1168,1268,1223,Ahmadnagar,Maharashtra,bajri,2015,Kharif Crops,1275.0,1,not found,,-52.0,
2016-04-01,Rahata,bajri,2016,April,39,1511,1511,1511,Ahmadnagar,Maharashtra,bajri,2016,Kharif Crops,1330.0,1,not found,,181.0,
2015-08-01,Rahata,bajri,2015,August,23,1211,1320,1211,Ahmadnagar,Maharashtra,bajri,2015,Kharif Crops,1275.0,1,not found,,-64.0,
2016-08-01,Rahata,bajri,2016,August,60,1607,1684,1643,Ahmadnagar,Maharashtra,bajri,2016,Kharif Crops,1330.0,1,not found,,313.0,
2014-12-01,Rahata,bajri,2014,December,112,1151,1273,1206,Ahmadnagar,Maharashtra,bajri,2014,Kharif Crops,1250.0,1,not found,,-44.0,
2015-12-01,Rahata,bajri,2015,December,28,1425,1445,1425,Ahmadnagar,Maharashtra,bajri,2015,Kharif Crops,1275.0,1,not found,,150.0,
2015-02-01,Rahata,bajri,2015,February,56,1317,1339,1317,Ahmadnagar,Maharashtra,bajri,2015,Kharif Crops,1275.0,1,not found,,42.0,
2016-02-01,Rahata,bajri,2016,February,16,1456,1458,1456,Ahmadnagar,Maharashtra,bajri,2016,Kharif Crops,1330.0,1,not found,,126.0,
2015-01-01,Rahata,bajri,2015,January,101,1330,1375,1357,Ahmadnagar,Maharashtra,bajri,2015,Kharif Crops,1275.0,1,not found,,82.0,
2016-01-01,Rahata,bajri,2016,January,26,1400,1400,1400,Ahmadnagar,Maharashtra,bajri,2016,Kharif Crops,1330.0,1,not found,,70.0,
2015-07-01,Rahata,bajri,2015,July,118,1187,1264,1212,Ahmadnagar,Maharashtra,bajri,2015,Kharif Crops,1275.0,1,not found,,-63.0,
2016-07-01,Rahata,bajri,2016,July,18,1641,1641,1641,Ahmadnagar,Maharashtra,bajri,2016,Kharif Crops,1330.0,1,not found,,311.0,
2015-06-01,Rahata,bajri,2015,June,196,1205,1286,1223,Ahmadnagar,Maharashtra,bajri,2015,Kharif Crops,1275.0,1,not found,,-52.0,
2016-06-01,Rahata,bajri,2016,June,25,1577,1625,1577,Ahmadnagar,Maharashtra,bajri,2016,Kharif Crops,1330.0,1,not found,,247.0,
2015-03-01,Rahata,bajri,2015,March,148,1234,1326,1253,Ahmadnagar,Maharashtra,bajri,2015,Kharif Crops,1275.0,1,not found,,-22.0,
2016-03-01,Rahata,bajri,2016,March,6,1540,1540,1540,Ahmadnagar,Maharashtra,bajri,2016,Kharif Crops,1330.0,1,not found,,210.0,
2015-05-01,Rahata,bajri,2015,May,143,1133,1308,1176,Ahmadnagar,Maharashtra,bajri,2015,Kharif Crops,1275.0,1,not found,,-99.0,
2016-05-01,Rahata,bajri,2016,May,57,1599,1715,1658,Ahmadnagar,Maharashtra,bajri,2016,Kharif Crops,1330.0,1,not found,,328.0,
2014-11-01,Rahata,bajri,2014,November,237,1282,1404,1327,Ahmadnagar,Maharashtra,bajri,2014,Kharif Crops,1250.0,1,not found,,77.0,
2015-11-01,Rahata,bajri,2015,November,67,1250,1325,1250,Ahmadnagar,Maharashtra,bajri,2015,Kharif Crops,1275.0,1,not found,,-25.0,
2014-10-01,Rahata,bajri,2014,October,31,1360,1419,1395,Ahmadnagar,Maharashtra,bajri,2014,Kharif Crops,1250.0,1,not found,,145.0,
2015-10-01,Rahata,bajri,2015,October,175,1125,1244,1150,Ahmadnagar,Maharashtra,bajri,2015,Kharif Crops,1275.0,1,not found,,-125.0,
2016-10-01,Rahata,bajri,2016,October,1097,1121,1356,1205,Ahmadnagar,Maharashtra,bajri,2016,Kharif Crops,1330.0,1,not found,,-125.0,
2014-09-01,Rahata,bajri,2014,September,46,1385,1421,1397,Ahmadnagar,Maharashtra,bajri,2014,Kharif Crops,1250.0,1,not found,,147.0,
2015-09-01,Rahata,bajri,2015,September,82,1306,1385,1339,Ahmadnagar,Maharashtra,bajri,2015,Kharif Crops,1275.0,1,not found,,64.0,
2016-09-01,Rahata,bajri,2016,September,67,1502,1554,1502,Ahmadnagar,Maharashtra,bajri,2016,Kharif Crops,1330.0,1,not found,,172.0,
2016-11-01,Rahata,bajri,2016,November,439,1199,1305,1236,Ahmadnagar,Maharashtra,bajri,2016,Kharif Crops,1330.0,1,not found,,-94.0,
