date,APMC,Commodity,Year,Month,arrivals_in_qtl,min_price,max_price,modal_price,district_name,state_name,commodity,year,Type,msprice,msp_filter,seasonality,deseasonal,Peak seasonal price fluctuation %
2015-04-01,Mumbai,betelnuts,2015,April,1351,27429,30000,28714,Mumbai,Maharashtra,,,,,,additive,,18.280334586338853
2016-04-01,Mumbai,betelnuts,2016,April,898,28000,30000,29000,Mumbai,Maharashtra,,,,,,additive,29053.5,18.280334586338853
2015-08-01,Mumbai,betelnuts,2015,August,726,28000,31000,29500,Mumbai,Maharashtra,,,,,,additive,28500.0,18.280334586338853
2016-08-01,Mumbai,betelnuts,2016,August,89,24000,28000,26000,Mumbai,Maharashtra,,,,,,additive,27894.25,18.280334586338853
2014-12-01,Mumbai,betelnuts,2014,December,1687,28385,31769,30077,Mumbai,Maharashtra,,,,,,additive,29788.5,18.280334586338853
2015-12-01,Mumbai,betelnuts,2015,December,476,31875,34125,33000,Mumbai,Maharashtra,,,,,,additive,31633.0,18.280334586338853
2015-02-01,Mumbai,betelnuts,2015,February,1805,28909,32000,30455,Mumbai,Maharashtra,,,,,,additive,30727.5,18.280334586338853
2016-02-01,Mumbai,betelnuts,2016,February,924,28000,30000,29000,Mumbai,Maharashtra,,,,,,additive,29290.75,18.280334586338853
2015-01-01,Mumbai,betelnuts,2015,January,1834,26958,30458,28708,Mumbai,Maharashtra,,,,,,additive,29374.75,18.280334586338853
2016-01-01,Mumbai,betelnuts,2016,January,280,30167,32000,31083,Mumbai,Maharashtra,,,,,,additive,30337.25,18.280334586338853
2015-07-01,Mumbai,betelnuts,2015,July,1193,28650,32300,30475,Mumbai,Maharashtra,,,,,,additive,29508.25,18.280334586338853
2016-07-01,Mumbai,betelnuts,2016,July,89,24000,28000,26000,Mumbai,Maharashtra,,,,,,additive,29192.5,18.280334586338853
2015-06-01,Mumbai,betelnuts,2015,June,816,32426,36163,34295,Mumbai,Maharashtra,,,,,,additive,30397.5,18.280334586338853
2016-06-01,Mumbai,betelnuts,2016,June,144,25333,28667,27000,Mumbai,Maharashtra,,,,,,additive,29548.75,18.280334586338853
2015-03-01,Mumbai,betelnuts,2015,March,1521,28500,31300,29900,Mumbai,Maharashtra,,,,,,additive,28950.0,18.280334586338853
2016-03-01,Mumbai,betelnuts,2016,March,460,28000,30000,29000,Mumbai,Maharashtra,,,,,,additive,30213.0,18.280334586338853
2015-05-01,Mumbai,betelnuts,2015,May,1116,30952,34952,32952,Mumbai,Maharashtra,,,,,,additive,30976.0,18.280334586338853
2016-05-01,Mumbai,betelnuts,2016,May,830,28000,30000,29000,Mumbai,Maharashtra,,,,,,additive,30607.75,18.280334586338853
2014-11-01,Mumbai,betelnuts,2014,November,1313,30126,32832,31479,Mumbai,Maharashtra,,,,,,additive,31292.25,18.280334586338853
2014-10-01,Mumbai,betelnuts,2014,October,1372,29684,36737,33211,Mumbai,Maharashtra,,,,,,additive,31975.25,18.280334586338853
2015-10-01,Mumbai,betelnuts,2015,October,88,28000,32000,30000,Mumbai,Maharashtra,,,,,,additive,29802.75,18.280334586338853
2016-10-01,Mumbai,betelnuts,2016,October,312,24000,28000,26000,Mumbai,Maharashtra,,,,,,additive,28714.25,18.280334586338853
2014-09-01,Mumbai,betelnuts,2014,September,1465,30095,35619,32857,Mumbai,Maharashtra,,,,,,additive,30407.75,18.280334586338853
2015-09-01,Mumbai,betelnuts,2015,September,338,28000,31833,29917,Mumbai,Maharashtra,,,,,,additive,29672.75,18.280334586338853
2016-09-01,Mumbai,betelnuts,2016,September,22,24000,28000,26000,Mumbai,Maharashtra,,,,,,additive,26512.0,18.280334586338853
2016-11-01,Mumbai,betelnuts,2016,November,1321,22285,25985,24131,Mumbai,Maharashtra,,,,,,additive,,18.280334586338853
