date,APMC,Commodity,Year,Month,arrivals_in_qtl,min_price,max_price,modal_price,district_name,state_name,commodity,year,Type,msprice,msp_filter,seasonality,deseasonal,Peak seasonal price fluctuation %
2015-04-01,Tasgaon,bedana,2015,April,101815,8695,15868,11934,Sangli,Maharashtra,,,,,,additive,,59.4214687547514
2016-04-01,Tasgaon,bedana,2016,April,82922,6303,13200,7761,Sangli,Maharashtra,,,,,,additive,8831.25,59.4214687547514
2015-08-01,Tasgaon,bedana,2015,August,80639,6262,14500,7869,Sangli,Maharashtra,,,,,,additive,7874.0,59.4214687547514
2016-08-01,Tasgaon,bedana,2016,August,76836,6227,12436,7997,Sangli,Maharashtra,,,,,,additive,9896.0,59.4214687547514
2014-12-01,Tasgaon,bedana,2014,December,23321,12791,18245,15721,Sangli,Maharashtra,,,,,,additive,11684.75,59.4214687547514
2015-12-01,Tasgaon,bedana,2015,December,44362,5713,12463,7300,Sangli,Maharashtra,,,,,,additive,11329.75,59.4214687547514
2015-02-01,Tasgaon,bedana,2015,February,40756,11963,18067,14998,Sangli,Maharashtra,,,,,,additive,11303.75,59.4214687547514
2016-02-01,Tasgaon,bedana,2016,February,77819,6335,13548,7919,Sangli,Maharashtra,,,,,,additive,11741.75,59.4214687547514
2015-01-01,Tasgaon,bedana,2015,January,20845,13283,19449,16131,Sangli,Maharashtra,,,,,,additive,11811.25,59.4214687547514
2016-01-01,Tasgaon,bedana,2016,January,39499,5912,12194,7064,Sangli,Maharashtra,,,,,,additive,9571.25,59.4214687547514
2015-07-01,Tasgaon,bedana,2015,July,70018,6353,14328,8026,Sangli,Maharashtra,,,,,,additive,7738.5,59.4214687547514
2016-07-01,Tasgaon,bedana,2016,July,35755,6414,12362,7838,Sangli,Maharashtra,,,,,,additive,8071.25,59.4214687547514
2015-06-01,Tasgaon,bedana,2015,June,75578,6506,14858,8583,Sangli,Maharashtra,,,,,,additive,8243.5,59.4214687547514
2016-06-01,Tasgaon,bedana,2016,June,59214,6612,12836,7970,Sangli,Maharashtra,,,,,,additive,9787.25,59.4214687547514
2015-03-01,Tasgaon,bedana,2015,March,104737,11843,17751,14626,Sangli,Maharashtra,,,,,,additive,11326.5,59.4214687547514
2016-03-01,Tasgaon,bedana,2016,March,114648,6620,15013,8084,Sangli,Maharashtra,,,,,,additive,10317.25,59.4214687547514
2015-05-01,Tasgaon,bedana,2015,May,66172,6892,14539,10475,Sangli,Maharashtra,,,,,,additive,9224.5,59.4214687547514
2016-05-01,Tasgaon,bedana,2016,May,58685,6529,13102,7864,Sangli,Maharashtra,,,,,,additive,10484.0,59.4214687547514
2014-11-01,Tasgaon,bedana,2014,November,8917,12600,18673,15733,Sangli,Maharashtra,,,,,,additive,11707.5,59.4214687547514
2015-11-01,Tasgaon,bedana,2015,November,4218,5833,14000,7500,Sangli,Maharashtra,,,,,,additive,11316.5,59.4214687547514
2014-10-01,Tasgaon,bedana,2014,October,6886,11800,17247,14533,Sangli,Maharashtra,,,,,,additive,11133.0,59.4214687547514
2015-10-01,Tasgaon,bedana,2015,October,75601,6334,15000,7966,Sangli,Maharashtra,,,,,,additive,9566.25,59.4214687547514
2016-10-01,Tasgaon,bedana,2016,October,31116,6221,12000,7800,Sangli,Maharashtra,,,,,,additive,9765.75,59.4214687547514
2014-09-01,Tasgaon,bedana,2014,September,33591,12806,20214,15497,Sangli,Maharashtra,,,,,,additive,11705.25,59.4214687547514
2015-09-01,Tasgaon,bedana,2015,September,65514,6052,15085,8027,Sangli,Maharashtra,,,,,,additive,9853.75,59.4214687547514
2016-09-01,Tasgaon,bedana,2016,September,75485,6183,32470,7864,Sangli,Maharashtra,,,,,,additive,,59.4214687547514
