date,APMC,Commodity,Year,Month,arrivals_in_qtl,min_price,max_price,modal_price,district_name,state_name,commodity,year,Type,msprice,msp_filter,seasonality,deseasonal
2015-04-01,Karanja,black gram,2015,April,43,5903,5939,5903,Wasim,Maharashtra,,,,,,not found,
2015-08-01,Karanja,black gram,2015,August,34,5535,6130,5801,Wasim,Maharashtra,,,,,,not found,
2016-08-01,Karanja,black gram,2016,August,5,6500,6500,6500,Wasim,Maharashtra,,,,,,not found,
2014-12-01,Karanja,black gram,2014,December,1695,5071,5531,5344,Wasim,Maharashtra,,,,,,not found,
2015-12-01,Karanja,black gram,2015,December,669,8497,10272,9526,Wasim,Maharashtra,,,,,,not found,
2015-02-01,Karanja,black gram,2015,February,171,4825,5248,5081,Wasim,Maharashtra,,,,,,not found,
2016-02-01,Karanja,black gram,2016,February,10,6700,8300,7250,Wasim,Maharashtra,,,,,,not found,
2015-01-01,Karanja,black gram,2015,January,692,5250,5633,5413,Wasim,Maharashtra,,,,,,not found,
2016-01-01,Karanja,black gram,2016,January,2238,8346,8751,8604,Wasim,Maharashtra,,,,,,not found,
2015-07-01,Karanja,black gram,2015,July,38,5217,5833,5334,Wasim,Maharashtra,,,,,,not found,
2016-07-01,Karanja,black gram,2016,July,10,6300,10200,9000,Wasim,Maharashtra,,,,,,not found,
2015-06-01,Karanja,black gram,2015,June,228,6838,8010,7383,Wasim,Maharashtra,,,,,,not found,
2016-06-01,Karanja,black gram,2016,June,262,8718,18975,10564,Wasim,Maharashtra,,,,,,not found,
2015-03-01,Karanja,black gram,2015,March,25,5120,5200,5120,Wasim,Maharashtra,,,,,,not found,
2015-05-01,Karanja,black gram,2015,May,42,6359,7109,6700,Wasim,Maharashtra,,,,,,not found,
2016-05-01,Karanja,black gram,2016,May,12,6075,7675,6950,Wasim,Maharashtra,,,,,,not found,
2014-11-01,Karanja,black gram,2014,November,3600,4936,5476,5269,Wasim,Maharashtra,,,,,,not found,
2015-11-01,Karanja,black gram,2015,November,550,7632,10728,9281,Wasim,Maharashtra,,,,,,not found,
2014-10-01,Karanja,black gram,2014,October,3875,4223,4917,4592,Wasim,Maharashtra,,,,,,not found,
2015-10-01,Karanja,black gram,2015,October,4250,8148,11652,9970,Wasim,Maharashtra,,,,,,not found,
2016-10-01,Karanja,black gram,2016,October,29550,4972,7484,6558,Wasim,Maharashtra,,,,,,not found,
2014-09-01,Karanja,black gram,2014,September,205,3476,4442,4026,Wasim,Maharashtra,,,,,,not found,
2015-09-01,Karanja,black gram,2015,September,9540,7863,9146,8498,Wasim,Maharashtra,,,,,,not found,
2016-09-01,Karanja,black gram,2016,September,34410,6306,7217,6804,Wasim,Maharashtra,,,,,,not found,
2016-11-01,Karanja,black gram,2016,November,12355,4105,7349,6679,Wasim,Maharashtra,,,,,,not found,
