date,APMC,Commodity,Year,Month,arrivals_in_qtl,min_price,max_price,modal_price,district_name,state_name,commodity,year,Type,msprice,msp_filter,seasonality,deseasonal
2015-04-01,Pune-Pimpri,bottle gourd,2015,April,94,1067,1529,1305,Pune,Maharashtra,,,,,,not found,
2016-04-01,Pune-Pimpri,bottle gourd,2016,April,45,1679,2200,2024,Pune,Maharashtra,,,,,,not found,
2015-08-01,Pune-Pimpri,bottle gourd,2015,August,80,1200,1889,1657,Pune,Maharashtra,,,,,,not found,
2016-08-01,Pune-Pimpri,bottle gourd,2016,August,47,1146,1461,1352,Pune,Maharashtra,,,,,,not found,
2014-12-01,Pune-Pimpri,bottle gourd,2014,December,209,1396,1904,1650,Pune,Maharashtra,,,,,,not found,
2015-12-01,Pune-Pimpri,bottle gourd,2015,December,72,1770,2405,2191,Pune,Maharashtra,,,,,,not found,
2015-02-01,Pune-Pimpri,bottle gourd,2015,February,84,1133,1500,1317,Pune,Maharashtra,,,,,,not found,
2016-02-01,Pune-Pimpri,bottle gourd,2016,February,70,995,1330,1217,Pune,Maharashtra,,,,,,not found,
2015-01-01,Pune-Pimpri,bottle gourd,2015,January,131,1295,1914,1564,Pune,Maharashtra,,,,,,not found,
2016-01-01,Pune-Pimpri,bottle gourd,2016,January,112,1144,1750,1546,Pune,Maharashtra,,,,,,not found,
2015-07-01,Pune-Pimpri,bottle gourd,2015,July,150,1004,1478,1309,Pune,Maharashtra,,,,,,not found,
2016-07-01,Pune-Pimpri,bottle gourd,2016,July,95,1632,2400,2131,Pune,Maharashtra,,,,,,not found,
2015-06-01,Pune-Pimpri,bottle gourd,2015,June,239,954,1433,1197,Pune,Maharashtra,,,,,,not found,
2016-06-01,Pune-Pimpri,bottle gourd,2016,June,181,1603,2280,2021,Pune,Maharashtra,,,,,,not found,
2015-03-01,Pune-Pimpri,bottle gourd,2015,March,73,1220,1707,1463,Pune,Maharashtra,,,,,,not found,
2016-03-01,Pune-Pimpri,bottle gourd,2016,March,51,1577,1894,1784,Pune,Maharashtra,,,,,,not found,
2015-05-01,Pune-Pimpri,bottle gourd,2015,May,175,924,1471,1193,Pune,Maharashtra,,,,,,not found,
2016-05-01,Pune-Pimpri,bottle gourd,2016,May,289,1605,2057,1918,Pune,Maharashtra,,,,,,not found,
2014-11-01,Pune-Pimpri,bottle gourd,2014,November,184,1427,1841,1632,Pune,Maharashtra,,,,,,not found,
2015-11-01,Pune-Pimpri,bottle gourd,2015,November,77,1264,2073,1800,Pune,Maharashtra,,,,,,not found,
2014-10-01,Pune-Pimpri,bottle gourd,2014,October,89,1221,1621,1421,Pune,Maharashtra,,,,,,not found,
2015-10-01,Pune-Pimpri,bottle gourd,2015,October,87,1804,2439,2238,Pune,Maharashtra,,,,,,not found,
2016-10-01,Pune-Pimpri,bottle gourd,2016,October,153,1613,3119,2127,Pune,Maharashtra,,,,,,not found,
2014-09-01,Pune-Pimpri,bottle gourd,2014,September,64,1786,2324,2055,Pune,Maharashtra,,,,,,not found,
2015-09-01,Pune-Pimpri,bottle gourd,2015,September,90,1100,1795,1562,Pune,Maharashtra,,,,,,not found,
2016-09-01,Pune-Pimpri,bottle gourd,2016,September,47,1170,1540,1413,Pune,Maharashtra,,,,,,not found,
2016-11-01,Pune-Pimpri,bottle gourd,2016,November,239,697,1190,1020,Pune,Maharashtra,,,,,,not found,
