date,APMC,Commodity,Year,Month,arrivals_in_qtl,min_price,max_price,modal_price,district_name,state_name,commodity,year,Type,msprice,msp_filter,seasonality,deseasonal,Raw vs MSP diff,Desasonal vs MSP diff
2016-04-01,Ambad(Vadi Godri),bajri,2016,April,1367,1582,1962,1736,Jalna,Maharashtra,bajri,2016,Kharif Crops,1330.0,1,not found,,406.0,
2015-08-01,Ambad(Vadi Godri),bajri,2015,August,668,1230,1570,1405,Jalna,Maharashtra,bajri,2015,Kharif Crops,1275.0,1,not found,,130.0,
2016-08-01,Ambad(Vadi Godri),bajri,2016,August,893,1470,1797,1641,Jalna,Maharashtra,bajri,2016,Kharif Crops,1330.0,1,not found,,311.0,
2014-12-01,Ambad(Vadi Godri),bajri,2014,December,1637,1229,1606,1395,Jalna,Maharashtra,bajri,2014,Kharif Crops,1250.0,1,not found,,145.0,
2015-12-01,Ambad(Vadi Godri),bajri,2015,December,2210,1277,1666,1442,Jalna,Maharashtra,bajri,2015,Kharif Crops,1275.0,1,not found,,167.0,
2015-02-01,Ambad(Vadi Godri),bajri,2015,February,449,1160,1585,1388,Jalna,Maharashtra,bajri,2015,Kharif Crops,1275.0,1,not found,,113.0,
2015-01-01,Ambad(Vadi Godri),bajri,2015,January,156,1170,1538,1413,Jalna,Maharashtra,bajri,2015,Kharif Crops,1275.0,1,not found,,138.0,
2016-01-01,Ambad(Vadi Godri),bajri,2016,January,96,1200,1633,1400,Jalna,Maharashtra,bajri,2016,Kharif Crops,1330.0,1,not found,,70.0,
2015-07-01,Ambad(Vadi Godri),bajri,2015,July,314,1106,1481,1307,Jalna,Maharashtra,bajri,2015,Kharif Crops,1275.0,1,not found,,32.0,
2016-07-01,Ambad(Vadi Godri),bajri,2016,July,715,1595,1915,1728,Jalna,Maharashtra,bajri,2016,Kharif Crops,1330.0,1,not found,,398.0,
2015-06-01,Ambad(Vadi Godri),bajri,2015,June,910,1027,1411,1235,Jalna,Maharashtra,bajri,2015,Kharif Crops,1275.0,1,not found,,-40.0,
2016-06-01,Ambad(Vadi Godri),bajri,2016,June,1066,1511,1789,1634,Jalna,Maharashtra,bajri,2016,Kharif Crops,1330.0,1,not found,,304.0,
2016-03-01,Ambad(Vadi Godri),bajri,2016,March,1162,1511,1817,1601,Jalna,Maharashtra,bajri,2016,Kharif Crops,1330.0,1,not found,,271.0,
2016-05-01,Ambad(Vadi Godri),bajri,2016,May,1434,1645,1910,1760,Jalna,Maharashtra,bajri,2016,Kharif Crops,1330.0,1,not found,,430.0,
2014-11-01,Ambad(Vadi Godri),bajri,2014,November,1679,1226,1619,1418,Jalna,Maharashtra,bajri,2014,Kharif Crops,1250.0,1,not found,,168.0,
2016-10-01,Ambad(Vadi Godri),bajri,2016,October,4951,1273,1674,1387,Jalna,Maharashtra,bajri,2016,Kharif Crops,1330.0,1,not found,,57.0,
2015-09-01,Ambad(Vadi Godri),bajri,2015,September,1802,1307,1702,1480,Jalna,Maharashtra,bajri,2015,Kharif Crops,1275.0,1,not found,,205.0,
2016-09-01,Ambad(Vadi Godri),bajri,2016,September,1348,1440,1768,1553,Jalna,Maharashtra,bajri,2016,Kharif Crops,1330.0,1,not found,,223.0,
2016-11-01,Ambad(Vadi Godri),bajri,2016,November,1352,1165,1748,1271,Jalna,Maharashtra,bajri,2016,Kharif Crops,1330.0,1,not found,,-59.0,
