date,APMC,Commodity,Year,Month,arrivals_in_qtl,min_price,max_price,modal_price,district_name,state_name,commodity,year,Type,msprice,msp_filter,seasonality,deseasonal,Peak seasonal price fluctuation %
2015-04-01,Jalna,black gram,2015,April,2,6100,6100,6100,Jalna,Maharashtra,,,,,,additive,,67.71847965751437
2016-04-01,Jalna,black gram,2016,April,2,11111,11111,11111,Jalna,Maharashtra,,,,,,additive,9025.5,67.71847965751437
2015-08-01,Jalna,black gram,2015,August,16,7765,7822,7780,Jalna,Maharashtra,,,,,,additive,7914.0,67.71847965751437
2016-08-01,Jalna,black gram,2016,August,102,4985,4985,4985,Jalna,Maharashtra,,,,,,additive,5712.25,67.71847965751437
2014-12-01,Jalna,black gram,2014,December,128,5013,5210,5099,Jalna,Maharashtra,,,,,,additive,6092.25,67.71847965751437
2015-12-01,Jalna,black gram,2015,December,22,8243,9332,9186,Jalna,Maharashtra,,,,,,additive,7152.0,67.71847965751437
2015-02-01,Jalna,black gram,2015,February,14,5120,5178,5137,Jalna,Maharashtra,,,,,,additive,6240.0,67.71847965751437
2016-02-01,Jalna,black gram,2016,February,1,5500,5500,5500,Jalna,Maharashtra,,,,,,additive,5372.25,67.71847965751437
2015-01-01,Jalna,black gram,2015,January,47,5294,5449,5352,Jalna,Maharashtra,,,,,,additive,5942.75,67.71847965751437
2016-01-01,Jalna,black gram,2016,January,5,6833,7567,7567,Jalna,Maharashtra,,,,,,additive,6824.25,67.71847965751437
2015-06-01,Jalna,black gram,2015,June,24,6713,6956,6811,Jalna,Maharashtra,,,,,,additive,8247.75,67.71847965751437
2016-06-01,Jalna,black gram,2016,June,5,11802,11802,11802,Jalna,Maharashtra,,,,,,additive,8853.75,67.71847965751437
2015-03-01,Jalna,black gram,2015,March,2,5000,5000,5000,Jalna,Maharashtra,,,,,,additive,7232.25,67.71847965751437
2015-05-01,Jalna,black gram,2015,May,25,7127,7127,7127,Jalna,Maharashtra,,,,,,additive,7013.5,67.71847965751437
2016-05-01,Jalna,black gram,2016,May,12,8800,11000,8800,Jalna,Maharashtra,,,,,,additive,7483.0,67.71847965751437
2014-11-01,Jalna,black gram,2014,November,2068,4973,5321,5205,Jalna,Maharashtra,,,,,,additive,7119.75,67.71847965751437
2015-11-01,Jalna,black gram,2015,November,65,8675,9453,9269,Jalna,Maharashtra,,,,,,additive,7070.75,67.71847965751437
2014-10-01,Jalna,black gram,2014,October,1217,4116,4786,4540,Jalna,Maharashtra,,,,,,additive,7167.5,67.71847965751437
2015-10-01,Jalna,black gram,2015,October,474,9300,11314,10321,Jalna,Maharashtra,,,,,,additive,7943.5,67.71847965751437
2016-10-01,Jalna,black gram,2016,October,5144,3879,7511,6592,Jalna,Maharashtra,,,,,,additive,6944.75,67.71847965751437
2014-09-01,Jalna,black gram,2014,September,331,3887,4519,4274,Jalna,Maharashtra,,,,,,additive,5871.5,67.71847965751437
2015-09-01,Jalna,black gram,2015,September,883,7644,8825,8346,Jalna,Maharashtra,,,,,,additive,6897.25,67.71847965751437
2016-09-01,Jalna,black gram,2016,September,8141,5591,7159,6623,Jalna,Maharashtra,,,,,,additive,6987.0,67.71847965751437
2016-11-01,Jalna,black gram,2016,November,1038,5120,6945,6356,Jalna,Maharashtra,,,,,,additive,,67.71847965751437
