date,APMC,Commodity,Year,Month,arrivals_in_qtl,min_price,max_price,modal_price,district_name,state_name,commodity,year,Type,msprice,msp_filter,seasonality,deseasonal,Peak seasonal price fluctuation %,Raw vs MSP diff,Desasonal vs MSP diff
2015-04-01,Dhule,bajri,2015,April,8049,1073,1341,1229,Dhule,Maharashtra,bajri,2015,Kharif Crops,1275.0,1,additive,,31.603515268469494,-46.0,
2016-04-01,Dhule,bajri,2016,April,1300,1472,1911,1773,Dhule,Maharashtra,bajri,2016,Kharif Crops,1330.0,1,additive,1524.25,31.603515268469494,443.0,194.25
2015-08-01,Dhule,bajri,2015,August,6332,1239,1400,1322,Dhule,Maharashtra,bajri,2015,Kharif Crops,1275.0,1,additive,1561.0,31.603515268469494,47.0,286.0
2016-08-01,Dhule,bajri,2016,August,712,1488,1917,1827,Dhule,Maharashtra,bajri,2016,Kharif Crops,1330.0,1,additive,1577.25,31.603515268469494,497.0,247.25
2014-12-01,Dhule,bajri,2014,December,3653,1005,1486,1333,Dhule,Maharashtra,bajri,2014,Kharif Crops,1250.0,1,additive,1504.25,31.603515268469494,83.0,254.25
2015-12-01,Dhule,bajri,2015,December,2571,1342,1637,1524,Dhule,Maharashtra,bajri,2015,Kharif Crops,1275.0,1,additive,1424.0,31.603515268469494,249.0,149.0
2015-02-01,Dhule,bajri,2015,February,2001,1064,1428,1315,Dhule,Maharashtra,bajri,2015,Kharif Crops,1275.0,1,additive,1428.0,31.603515268469494,40.0,153.0
2016-02-01,Dhule,bajri,2016,February,1698,1324,1648,1558,Dhule,Maharashtra,bajri,2016,Kharif Crops,1330.0,1,additive,1438.75,31.603515268469494,228.0,108.75
2015-01-01,Dhule,bajri,2015,January,3009,1058,1436,1324,Dhule,Maharashtra,bajri,2015,Kharif Crops,1275.0,1,additive,1432.0,31.603515268469494,49.0,157.0
2016-01-01,Dhule,bajri,2016,January,1803,1355,1644,1522,Dhule,Maharashtra,bajri,2016,Kharif Crops,1330.0,1,additive,1409.5,31.603515268469494,192.0,79.5
2015-07-01,Dhule,bajri,2015,July,7688,1235,1324,1270,Dhule,Maharashtra,bajri,2015,Kharif Crops,1275.0,1,additive,1463.75,31.603515268469494,-5.0,188.75
2016-07-01,Dhule,bajri,2016,July,470,1524,1911,1793,Dhule,Maharashtra,bajri,2016,Kharif Crops,1330.0,1,additive,1641.75,31.603515268469494,463.0,311.75
2016-06-01,Dhule,bajri,2016,June,1933,1455,1890,1711,Dhule,Maharashtra,bajri,2016,Kharif Crops,1330.0,1,additive,1618.5,31.603515268469494,381.0,288.5
2015-03-01,Dhule,bajri,2015,March,2303,1093,1350,1259,Dhule,Maharashtra,bajri,2015,Kharif Crops,1275.0,1,additive,1470.0,31.603515268469494,-16.0,195.0
2016-03-01,Dhule,bajri,2016,March,889,1370,1777,1651,Dhule,Maharashtra,bajri,2016,Kharif Crops,1330.0,1,additive,1407.75,31.603515268469494,321.0,77.75
2015-05-01,Dhule,bajri,2015,May,25300,998,1189,1070,Dhule,Maharashtra,bajri,2015,Kharif Crops,1275.0,1,additive,1433.0,31.603515268469494,-205.0,158.0
2016-05-01,Dhule,bajri,2016,May,1713,1602,2050,1941,Dhule,Maharashtra,bajri,2016,Kharif Crops,1330.0,1,additive,1580.25,31.603515268469494,611.0,250.25
2014-11-01,Dhule,bajri,2014,November,6644,1009,1498,1369,Dhule,Maharashtra,bajri,2014,Kharif Crops,1250.0,1,additive,1539.75,31.603515268469494,119.0,289.75
2015-11-01,Dhule,bajri,2015,November,2600,1253,1603,1480,Dhule,Maharashtra,bajri,2015,Kharif Crops,1275.0,1,additive,1427.0,31.603515268469494,205.0,152.0
2014-10-01,Dhule,bajri,2014,October,3964,1004,1512,1379,Dhule,Maharashtra,bajri,2014,Kharif Crops,1250.0,1,additive,1404.0,31.603515268469494,129.0,154.0
2015-10-01,Dhule,bajri,2015,October,3759,1188,1511,1378,Dhule,Maharashtra,bajri,2015,Kharif Crops,1275.0,1,additive,1388.75,31.603515268469494,103.0,113.75
2016-10-01,Dhule,bajri,2016,October,5253,1116,1593,1420,Dhule,Maharashtra,bajri,2016,Kharif Crops,1330.0,1,additive,1384.0,31.603515268469494,90.0,54.0
2014-09-01,Dhule,bajri,2014,September,4530,1055,1416,1318,Dhule,Maharashtra,bajri,2014,Kharif Crops,1250.0,1,additive,1361.75,31.603515268469494,68.0,111.75
2015-09-01,Dhule,bajri,2015,September,5252,1265,1486,1391,Dhule,Maharashtra,bajri,2015,Kharif Crops,1275.0,1,additive,1447.75,31.603515268469494,116.0,172.75
2016-09-01,Dhule,bajri,2016,September,1246,1371,1831,1691,Dhule,Maharashtra,bajri,2016,Kharif Crops,1330.0,1,additive,1568.0,31.603515268469494,361.0,238.0
2016-11-01,Dhule,bajri,2016,November,2361,1080,1706,1499,Dhule,Maharashtra,bajri,2016,Kharif Crops,1330.0,1,additive,,31.603515268469494,169.0,
