date,APMC,Commodity,Year,Month,arrivals_in_qtl,min_price,max_price,modal_price,district_name,state_name,commodity,year,Type,msprice,msp_filter,seasonality,deseasonal
2015-04-01,Shegaon,black gram,2015,April,57,6063,6362,6233,Buldhana,Maharashtra,,,,,,not found,
2016-04-01,Shegaon,black gram,2016,April,138,8393,8458,8438,Buldhana,Maharashtra,,,,,,not found,
2015-08-01,Shegaon,black gram,2015,August,23,6641,7111,6921,Buldhana,Maharashtra,,,,,,not found,
2016-08-01,Shegaon,black gram,2016,August,1,5500,5500,5500,Buldhana,Maharashtra,,,,,,not found,
2014-12-01,Shegaon,black gram,2014,December,643,5038,5504,5247,Buldhana,Maharashtra,,,,,,not found,
2015-12-01,Shegaon,black gram,2015,December,50,8041,8538,8295,Buldhana,Maharashtra,,,,,,not found,
2015-02-01,Shegaon,black gram,2015,February,106,5124,5629,5455,Buldhana,Maharashtra,,,,,,not found,
2016-02-01,Shegaon,black gram,2016,February,8,7342,7500,7421,Buldhana,Maharashtra,,,,,,not found,
2015-01-01,Shegaon,black gram,2015,January,308,5248,5772,5521,Buldhana,Maharashtra,,,,,,not found,
2016-01-01,Shegaon,black gram,2016,January,13,8095,8205,8150,Buldhana,Maharashtra,,,,,,not found,
2015-07-01,Shegaon,black gram,2015,July,10,6421,6421,6421,Buldhana,Maharashtra,,,,,,not found,
2016-07-01,Shegaon,black gram,2016,July,2,6405,6405,6405,Buldhana,Maharashtra,,,,,,not found,
2015-06-01,Shegaon,black gram,2015,June,65,6700,7058,6853,Buldhana,Maharashtra,,,,,,not found,
2016-06-01,Shegaon,black gram,2016,June,91,7458,8111,8086,Buldhana,Maharashtra,,,,,,not found,
2015-03-01,Shegaon,black gram,2015,March,90,5425,5739,5568,Buldhana,Maharashtra,,,,,,not found,
2016-03-01,Shegaon,black gram,2016,March,12,7077,7488,7077,Buldhana,Maharashtra,,,,,,not found,
2015-05-01,Shegaon,black gram,2015,May,63,6803,7300,7109,Buldhana,Maharashtra,,,,,,not found,
2016-05-01,Shegaon,black gram,2016,May,21,7625,8250,8250,Buldhana,Maharashtra,,,,,,not found,
2014-11-01,Shegaon,black gram,2014,November,1833,5057,5565,5297,Buldhana,Maharashtra,,,,,,not found,
2015-11-01,Shegaon,black gram,2015,November,52,8231,9123,8677,Buldhana,Maharashtra,,,,,,not found,
2014-10-01,Shegaon,black gram,2014,October,3101,4142,4729,4528,Buldhana,Maharashtra,,,,,,not found,
2015-10-01,Shegaon,black gram,2015,October,345,8828,10894,9860,Buldhana,Maharashtra,,,,,,not found,
2016-10-01,Shegaon,black gram,2016,October,5890,5930,7131,6678,Buldhana,Maharashtra,,,,,,not found,
2014-09-01,Shegaon,black gram,2014,September,49,4082,4224,4195,Buldhana,Maharashtra,,,,,,not found,
2015-09-01,Shegaon,black gram,2015,September,211,7687,8520,8100,Buldhana,Maharashtra,,,,,,not found,
2016-09-01,Shegaon,black gram,2016,September,3482,5989,6943,6431,Buldhana,Maharashtra,,,,,,not found,
2016-11-01,Shegaon,black gram,2016,November,954,5725,6429,6108,Buldhana,Maharashtra,,,,,,not found,
