date,APMC,Commodity,Year,Month,arrivals_in_qtl,min_price,max_price,modal_price,district_name,state_name,commodity,year,Type,msprice,msp_filter,seasonality,deseasonal,Peak seasonal price fluctuation %
2015-01-01,Gevrai,black gram,2015,January,1,3500,3500,3500,Beed,Maharashtra,,,,,,additive,,45.22977413802097
2015-11-01,Gevrai,black gram,2015,November,1,8800,8800,8800,Beed,Maharashtra,,,,,,additive,7358.5,45.22977413802097
2015-10-01,Gevrai,black gram,2015,October,3,8334,8334,8334,Beed,Maharashtra,,,,,,additive,7887.75,45.22977413802097
2016-10-01,Gevrai,black gram,2016,October,27,4992,6475,6083,Beed,Maharashtra,,,,,,additive,6632.25,45.22977413802097
2016-09-01,Gevrai,black gram,2016,September,60,5804,6174,6029,Beed,Maharashtra,,,,,,additive,5934.25,45.22977413802097
2016-11-01,Gevrai,black gram,2016,November,12,5434,5596,5596,Beed,Maharashtra,,,,,,additive,,45.22977413802097
