date,APMC,Commodity,Year,Month,arrivals_in_qtl,min_price,max_price,modal_price,district_name,state_name,commodity,year,Type,msprice,msp_filter,seasonality,deseasonal
2015-04-01,Pune,banana(raw),2015,April,190,767,933,850,Pune,Maharashtra,,,,,,not found,
2015-02-01,Pune,banana(raw),2015,February,40,650,950,800,Pune,Maharashtra,,,,,,not found,
2015-01-01,Pune,banana(raw),2015,January,2,800,1000,900,Pune,Maharashtra,,,,,,not found,
2015-03-01,Pune,banana(raw),2015,March,82,729,1029,871,Pune,Maharashtra,,,,,,not found,
2015-05-01,Pune,banana(raw),2015,May,38,750,950,850,Pune,Maharashtra,,,,,,not found,
