date,APMC,Commodity,Year,Month,arrivals_in_qtl,min_price,max_price,modal_price,district_name,state_name,commodity,year,Type,msprice,msp_filter,seasonality,deseasonal,Raw vs MSP diff,Desasonal vs MSP diff
2015-04-01,Kada (Ashti),bajri,2015,April,8,1000,1315,1250,Beed,Maharashtra,bajri,2015,Kharif Crops,1275.0,1,not found,,-25.0,
2016-08-01,Kada (Ashti),bajri,2016,August,3,1751,1751,1751,Beed,Maharashtra,bajri,2016,Kharif Crops,1330.0,1,not found,,421.0,
2016-01-01,Kada (Ashti),bajri,2016,January,10,1288,1550,1450,Beed,Maharashtra,bajri,2016,Kharif Crops,1330.0,1,not found,,120.0,
2016-07-01,Kada (Ashti),bajri,2016,July,1,1851,1851,1851,Beed,Maharashtra,bajri,2016,Kharif Crops,1330.0,1,not found,,521.0,
2015-06-01,Kada (Ashti),bajri,2015,June,15,1138,1278,1238,Beed,Maharashtra,bajri,2015,Kharif Crops,1275.0,1,not found,,-37.0,
2016-06-01,Kada (Ashti),bajri,2016,June,2,1500,1500,1500,Beed,Maharashtra,bajri,2016,Kharif Crops,1330.0,1,not found,,170.0,
2015-05-01,Kada (Ashti),bajri,2015,May,11,1225,1288,1288,Beed,Maharashtra,bajri,2015,Kharif Crops,1275.0,1,not found,,13.0,
2016-10-01,Kada (Ashti),bajri,2016,October,199,1154,1519,1354,Beed,Maharashtra,bajri,2016,Kharif Crops,1330.0,1,not found,,24.0,
2014-09-01,Kada (Ashti),bajri,2014,September,6,1250,1365,1255,Beed,Maharashtra,bajri,2014,Kharif Crops,1250.0,1,not found,,5.0,
2016-09-01,Kada (Ashti),bajri,2016,September,18,1388,1600,1451,Beed,Maharashtra,bajri,2016,Kharif Crops,1330.0,1,not found,,121.0,
2016-11-01,Kada (Ashti),bajri,2016,November,80,1176,1626,1300,Beed,Maharashtra,bajri,2016,Kharif Crops,1330.0,1,not found,,-30.0,
