date,APMC,Commodity,Year,Month,arrivals_in_qtl,min_price,max_price,modal_price,district_name,state_name,commodity,year,Type,msprice,msp_filter,seasonality,deseasonal
2015-04-01,Karad,apple,2015,April,117,11125,15375,13458,Satara,Maharashtra,,,,,,not found,
2016-04-01,Karad,apple,2016,April,273,16280,20240,20240,Satara,Maharashtra,,,,,,not found,
2015-08-01,Karad,apple,2015,August,96,7067,9122,9122,Satara,Maharashtra,,,,,,not found,
2016-08-01,Karad,apple,2016,August,693,21846,26385,26385,Satara,Maharashtra,,,,,,not found,
2014-12-01,Karad,apple,2014,December,258,4731,5538,5442,Satara,Maharashtra,,,,,,not found,
2015-12-01,Karad,apple,2015,December,819,3563,4979,4925,Satara,Maharashtra,,,,,,not found,
2015-02-01,Karad,apple,2015,February,123,6450,9550,7835,Satara,Maharashtra,,,,,,not found,
2016-02-01,Karad,apple,2016,February,294,7120,10060,10060,Satara,Maharashtra,,,,,,not found,
2015-01-01,Karad,apple,2015,January,177,5769,8385,7042,Satara,Maharashtra,,,,,,not found,
2016-01-01,Karad,apple,2016,January,393,6729,8958,8958,Satara,Maharashtra,,,,,,not found,
2015-07-01,Karad,apple,2015,July,57,8100,11600,11600,Satara,Maharashtra,,,,,,not found,
2016-07-01,Karad,apple,2016,July,225,20762,26762,26762,Satara,Maharashtra,,,,,,not found,
2015-06-01,Karad,apple,2015,June,120,8273,10818,10409,Satara,Maharashtra,,,,,,not found,
2016-06-01,Karad,apple,2016,June,312,18385,24154,24154,Satara,Maharashtra,,,,,,not found,
2015-03-01,Karad,apple,2015,March,189,3950,5986,4891,Satara,Maharashtra,,,,,,not found,
2016-03-01,Karad,apple,2016,March,303,11667,16667,16667,Satara,Maharashtra,,,,,,not found,
2015-05-01,Karad,apple,2015,May,147,14615,19538,16812,Satara,Maharashtra,,,,,,not found,
2016-05-01,Karad,apple,2016,May,315,19370,24000,24000,Satara,Maharashtra,,,,,,not found,
2014-11-01,Karad,apple,2014,November,189,4429,6143,5271,Satara,Maharashtra,,,,,,not found,
2015-11-01,Karad,apple,2015,November,399,3944,5556,5556,Satara,Maharashtra,,,,,,not found,
2014-10-01,Karad,apple,2014,October,246,7833,16500,12167,Satara,Maharashtra,,,,,,not found,
2015-10-01,Karad,apple,2015,October,834,4100,7600,7500,Satara,Maharashtra,,,,,,not found,
2016-10-01,Karad,apple,2016,October,678,8920,13760,13760,Satara,Maharashtra,,,,,,not found,
2014-09-01,Karad,apple,2014,September,369,5763,11406,8569,Satara,Maharashtra,,,,,,not found,
2015-09-01,Karad,apple,2015,September,120,5000,7389,7389,Satara,Maharashtra,,,,,,not found,
2016-09-01,Karad,apple,2016,September,840,17652,21717,21717,Satara,Maharashtra,,,,,,not found,
2016-11-01,Karad,apple,2016,November,438,7800,10240,10240,Satara,Maharashtra,,,,,,not found,
