date,APMC,Commodity,Year,Month,arrivals_in_qtl,min_price,max_price,modal_price,district_name,state_name,commodity,year,Type,msprice,msp_filter,seasonality,deseasonal,Raw vs MSP diff,Desasonal vs MSP diff
2016-04-01,Vaijapur,bajri,2016,April,363,1586,1905,1763,Aurangabad,Maharashtra,bajri,2016,Kharif Crops,1330.0,1,not found,,433.0,
2016-08-01,Vaijapur,bajri,2016,August,1761,1701,1875,1831,Aurangabad,Maharashtra,bajri,2016,Kharif Crops,1330.0,1,not found,,501.0,
2014-12-01,Vaijapur,bajri,2014,December,35,1167,1367,1283,Aurangabad,Maharashtra,bajri,2014,Kharif Crops,1250.0,1,not found,,33.0,
2015-12-01,Vaijapur,bajri,2015,December,745,1505,1767,1661,Aurangabad,Maharashtra,bajri,2015,Kharif Crops,1275.0,1,not found,,386.0,
2015-02-01,Vaijapur,bajri,2015,February,43,1502,1735,1633,Aurangabad,Maharashtra,bajri,2015,Kharif Crops,1275.0,1,not found,,358.0,
2016-02-01,Vaijapur,bajri,2016,February,308,1549,1739,1653,Aurangabad,Maharashtra,bajri,2016,Kharif Crops,1330.0,1,not found,,323.0,
2015-01-01,Vaijapur,bajri,2015,January,106,1213,1418,1313,Aurangabad,Maharashtra,bajri,2015,Kharif Crops,1275.0,1,not found,,38.0,
2016-01-01,Vaijapur,bajri,2016,January,258,1427,1686,1613,Aurangabad,Maharashtra,bajri,2016,Kharif Crops,1330.0,1,not found,,283.0,
2015-07-01,Vaijapur,bajri,2015,July,389,1375,1505,1457,Aurangabad,Maharashtra,bajri,2015,Kharif Crops,1275.0,1,not found,,182.0,
2016-07-01,Vaijapur,bajri,2016,July,543,1827,2030,1953,Aurangabad,Maharashtra,bajri,2016,Kharif Crops,1330.0,1,not found,,623.0,
2015-06-01,Vaijapur,bajri,2015,June,654,1133,1388,1286,Aurangabad,Maharashtra,bajri,2015,Kharif Crops,1275.0,1,not found,,11.0,
2016-06-01,Vaijapur,bajri,2016,June,613,1738,1988,1894,Aurangabad,Maharashtra,bajri,2016,Kharif Crops,1330.0,1,not found,,564.0,
2016-03-01,Vaijapur,bajri,2016,March,347,1582,1791,1706,Aurangabad,Maharashtra,bajri,2016,Kharif Crops,1330.0,1,not found,,376.0,
2015-05-01,Vaijapur,bajri,2015,May,615,1210,1405,1332,Aurangabad,Maharashtra,bajri,2015,Kharif Crops,1275.0,1,not found,,57.0,
2016-05-01,Vaijapur,bajri,2016,May,661,1642,1977,1832,Aurangabad,Maharashtra,bajri,2016,Kharif Crops,1330.0,1,not found,,502.0,
2014-11-01,Vaijapur,bajri,2014,November,481,1128,1475,1378,Aurangabad,Maharashtra,bajri,2014,Kharif Crops,1250.0,1,not found,,128.0,
2015-11-01,Vaijapur,bajri,2015,November,424,1544,1793,1676,Aurangabad,Maharashtra,bajri,2015,Kharif Crops,1275.0,1,not found,,401.0,
2014-10-01,Vaijapur,bajri,2014,October,690,1117,1485,1338,Aurangabad,Maharashtra,bajri,2014,Kharif Crops,1250.0,1,not found,,88.0,
2015-10-01,Vaijapur,bajri,2015,October,502,1326,1534,1455,Aurangabad,Maharashtra,bajri,2015,Kharif Crops,1275.0,1,not found,,180.0,
2016-10-01,Vaijapur,bajri,2016,October,3726,1306,1591,1488,Aurangabad,Maharashtra,bajri,2016,Kharif Crops,1330.0,1,not found,,158.0,
2014-09-01,Vaijapur,bajri,2014,September,385,1275,1532,1431,Aurangabad,Maharashtra,bajri,2014,Kharif Crops,1250.0,1,not found,,181.0,
2016-09-01,Vaijapur,bajri,2016,September,1303,1530,1749,1698,Aurangabad,Maharashtra,bajri,2016,Kharif Crops,1330.0,1,not found,,368.0,
2016-11-01,Vaijapur,bajri,2016,November,821,1406,1730,1618,Aurangabad,Maharashtra,bajri,2016,Kharif Crops,1330.0,1,not found,,288.0,
