date,APMC,Commodity,Year,Month,arrivals_in_qtl,min_price,max_price,modal_price,district_name,state_name,commodity,year,Type,msprice,msp_filter,seasonality,deseasonal,Peak seasonal price fluctuation %,Raw vs MSP diff,Desasonal vs MSP diff
2016-04-01,Ausa,bajri,2016,April,6,1841,1951,1914,Latur,Maharashtra,bajri,2016,Kharif Crops,1330.0,1,additive,,20.71661575104852,584.0,
2016-08-01,Ausa,bajri,2016,August,2,1471,1500,1475,Latur,Maharashtra,bajri,2016,Kharif Crops,1330.0,1,additive,1631.0,20.71661575104852,145.0,301.0
2015-12-01,Ausa,bajri,2015,December,41,1526,1768,1660,Latur,Maharashtra,bajri,2015,Kharif Crops,1275.0,1,additive,1548.75,20.71661575104852,385.0,273.75
2016-02-01,Ausa,bajri,2016,February,8,1371,1551,1400,Latur,Maharashtra,bajri,2016,Kharif Crops,1330.0,1,additive,1516.0,20.71661575104852,70.0,186.0
2016-01-01,Ausa,bajri,2016,January,13,1507,1639,1604,Latur,Maharashtra,bajri,2016,Kharif Crops,1330.0,1,additive,1589.75,20.71661575104852,274.0,259.75
2016-06-01,Ausa,bajri,2016,June,2,1601,1801,1751,Latur,Maharashtra,bajri,2016,Kharif Crops,1330.0,1,additive,1651.75,20.71661575104852,421.0,321.75
2015-03-01,Ausa,bajri,2015,March,2,1501,1501,1501,Latur,Maharashtra,bajri,2015,Kharif Crops,1275.0,1,additive,1507.25,20.71661575104852,226.0,232.25
2016-03-01,Ausa,bajri,2016,March,1,1276,1276,1276,Latur,Maharashtra,bajri,2016,Kharif Crops,1330.0,1,additive,1453.5,20.71661575104852,-54.0,123.5
2016-05-01,Ausa,bajri,2016,May,10,1656,1856,1761,Latur,Maharashtra,bajri,2016,Kharif Crops,1330.0,1,additive,1641.75,20.71661575104852,431.0,311.75
2014-11-01,Ausa,bajri,2014,November,19,1769,1769,1769,Latur,Maharashtra,bajri,2014,Kharif Crops,1250.0,1,additive,1737.5,20.71661575104852,519.0,487.5
2015-11-01,Ausa,bajri,2015,November,27,1484,1765,1651,Latur,Maharashtra,bajri,2015,Kharif Crops,1275.0,1,additive,1655.5,20.71661575104852,376.0,380.5
2014-10-01,Ausa,bajri,2014,October,1,1551,1551,1551,Latur,Maharashtra,bajri,2014,Kharif Crops,1250.0,1,additive,,20.71661575104852,301.0,
