date,APMC,Commodity,Year,Month,arrivals_in_qtl,min_price,max_price,modal_price,district_name,state_name,commodity,year,Type,msprice,msp_filter,seasonality,deseasonal,Peak seasonal price fluctuation %
2015-08-01,Ahmednagar,bottle gourd,2015,August,19,700,1000,850,Ahmadnagar,Maharashtra,,,,,,additive,,79.75460122699387
2016-08-01,Ahmednagar,bottle gourd,2016,August,257,138,713,425,Ahmadnagar,Maharashtra,,,,,,additive,645.0,79.75460122699387
2015-12-01,Ahmednagar,bottle gourd,2015,December,80,380,1380,880,Ahmadnagar,Maharashtra,,,,,,additive,713.0,79.75460122699387
2016-02-01,Ahmednagar,bottle gourd,2016,February,71,333,833,667,Ahmadnagar,Maharashtra,,,,,,additive,808.5,79.75460122699387
2016-01-01,Ahmednagar,bottle gourd,2016,January,36,480,1560,1020,Ahmadnagar,Maharashtra,,,,,,additive,835.0,79.75460122699387
2015-07-01,Ahmednagar,bottle gourd,2015,July,60,300,967,633,Ahmadnagar,Maharashtra,,,,,,additive,784.5,79.75460122699387
2016-07-01,Ahmednagar,bottle gourd,2016,July,253,348,1338,852,Ahmadnagar,Maharashtra,,,,,,additive,738.5,79.75460122699387
2015-06-01,Ahmednagar,bottle gourd,2015,June,43,300,933,617,Ahmadnagar,Maharashtra,,,,,,additive,887.75,79.75460122699387
2016-06-01,Ahmednagar,bottle gourd,2016,June,263,510,2420,1465,Ahmadnagar,Maharashtra,,,,,,additive,1177.5,79.75460122699387
2016-05-01,Ahmednagar,bottle gourd,2016,May,89,500,1825,1163,Ahmadnagar,Maharashtra,,,,,,additive,1160.25,79.75460122699387
2015-11-01,Ahmednagar,bottle gourd,2015,November,11,500,1200,850,Ahmadnagar,Maharashtra,,,,,,additive,965.75,79.75460122699387
2015-10-01,Ahmednagar,bottle gourd,2015,October,14,800,1200,1000,Ahmadnagar,Maharashtra,,,,,,additive,966.75,79.75460122699387
2016-10-01,Ahmednagar,bottle gourd,2016,October,82,433,1600,1017,Ahmadnagar,Maharashtra,,,,,,additive,946.0,79.75460122699387
2015-09-01,Ahmednagar,bottle gourd,2015,September,29,500,1000,750,Ahmadnagar,Maharashtra,,,,,,additive,723.25,79.75460122699387
2016-09-01,Ahmednagar,bottle gourd,2016,September,318,158,600,376,Ahmadnagar,Maharashtra,,,,,,additive,494.25,79.75460122699387
2016-11-01,Ahmednagar,bottle gourd,2016,November,65,225,725,475,Ahmadnagar,Maharashtra,,,,,,additive,,79.75460122699387
