date,APMC,Commodity,Year,Month,arrivals_in_qtl,min_price,max_price,modal_price,district_name,state_name,commodity,year,Type,msprice,msp_filter,seasonality,deseasonal,Peak seasonal price fluctuation %
2015-04-01,Ahmednagar,black gram,2015,April,7,5700,5700,5700,Ahmadnagar,Maharashtra,,,,,,additive,,37.576473277208486
2016-04-01,Ahmednagar,black gram,2016,April,2,7500,7500,7500,Ahmadnagar,Maharashtra,,,,,,additive,7200.0,37.576473277208486
2015-08-01,Ahmednagar,black gram,2015,August,1,8100,8100,8100,Ahmadnagar,Maharashtra,,,,,,additive,8081.5,37.576473277208486
2015-12-01,Ahmednagar,black gram,2015,December,66,8100,9086,8626,Ahmadnagar,Maharashtra,,,,,,additive,7638.0,37.576473277208486
2015-02-01,Ahmednagar,black gram,2015,February,3,5200,5200,5200,Ahmadnagar,Maharashtra,,,,,,additive,6169.0,37.576473277208486
2015-01-01,Ahmednagar,black gram,2015,January,8,5500,5800,5650,Ahmadnagar,Maharashtra,,,,,,additive,6093.75,37.576473277208486
2016-01-01,Ahmednagar,black gram,2016,January,21,7875,7875,7875,Ahmadnagar,Maharashtra,,,,,,additive,6912.5,37.576473277208486
2015-07-01,Ahmednagar,black gram,2015,July,3,3750,6250,6250,Ahmadnagar,Maharashtra,,,,,,additive,6887.5,37.576473277208486
2015-06-01,Ahmednagar,black gram,2015,June,24,5950,7175,7175,Ahmadnagar,Maharashtra,,,,,,additive,7212.5,37.576473277208486
2016-06-01,Ahmednagar,black gram,2016,June,3,8250,8250,8250,Ahmadnagar,Maharashtra,,,,,,additive,7927.0,37.576473277208486
2016-05-01,Ahmednagar,black gram,2016,May,10,7700,8367,8033,Ahmadnagar,Maharashtra,,,,,,additive,7271.5,37.576473277208486
2014-11-01,Ahmednagar,black gram,2014,November,78,4740,4960,4770,Ahmadnagar,Maharashtra,,,,,,additive,6763.0,37.576473277208486
2015-11-01,Ahmednagar,black gram,2015,November,82,8950,9600,9479,Ahmadnagar,Maharashtra,,,,,,additive,8440.0,37.576473277208486
2015-10-01,Ahmednagar,black gram,2015,October,77,9851,10160,10032,Ahmadnagar,Maharashtra,,,,,,additive,8929.0,37.576473277208486
2016-10-01,Ahmednagar,black gram,2016,October,1595,5221,7043,6173,Ahmadnagar,Maharashtra,,,,,,additive,7944.5,37.576473277208486
2015-09-01,Ahmednagar,black gram,2015,September,18,9400,9400,9400,Ahmadnagar,Maharashtra,,,,,,additive,7895.5,37.576473277208486
2016-09-01,Ahmednagar,black gram,2016,September,661,6321,6879,6609,Ahmadnagar,Maharashtra,,,,,,additive,7262.75,37.576473277208486
2016-11-01,Ahmednagar,black gram,2016,November,883,5884,6822,6433,Ahmadnagar,Maharashtra,,,,,,additive,,37.576473277208486
