date,APMC,Commodity,Year,Month,arrivals_in_qtl,min_price,max_price,modal_price,district_name,state_name,commodity,year,Type,msprice,msp_filter,seasonality,deseasonal
2015-04-01,Mangalwedha,bitter gourd,2015,April,49,1870,2665,2374,Solapur,Maharashtra,,,,,,not found,
2016-04-01,Mangalwedha,bitter gourd,2016,April,23,4116,4605,4605,Solapur,Maharashtra,,,,,,not found,
2015-08-01,Mangalwedha,bitter gourd,2015,August,149,1033,3307,1911,Solapur,Maharashtra,,,,,,not found,
2016-08-01,Mangalwedha,bitter gourd,2016,August,146,730,2900,2100,Solapur,Maharashtra,,,,,,not found,
2014-12-01,Mangalwedha,bitter gourd,2014,December,78,2112,3468,2960,Solapur,Maharashtra,,,,,,not found,
2015-12-01,Mangalwedha,bitter gourd,2015,December,146,1215,3281,2542,Solapur,Maharashtra,,,,,,not found,
2015-02-01,Mangalwedha,bitter gourd,2015,February,53,1750,2788,2421,Solapur,Maharashtra,,,,,,not found,
2016-02-01,Mangalwedha,bitter gourd,2016,February,76,1868,3176,2620,Solapur,Maharashtra,,,,,,not found,
2015-01-01,Mangalwedha,bitter gourd,2015,January,51,2208,3088,2756,Solapur,Maharashtra,,,,,,not found,
2016-01-01,Mangalwedha,bitter gourd,2016,January,69,2208,3465,2942,Solapur,Maharashtra,,,,,,not found,
2015-07-01,Mangalwedha,bitter gourd,2015,July,66,2296,4274,3422,Solapur,Maharashtra,,,,,,not found,
2016-07-01,Mangalwedha,bitter gourd,2016,July,70,1795,5015,4095,Solapur,Maharashtra,,,,,,not found,
2015-06-01,Mangalwedha,bitter gourd,2015,June,28,4000,4588,4100,Solapur,Maharashtra,,,,,,not found,
2016-06-01,Mangalwedha,bitter gourd,2016,June,39,5038,6305,5924,Solapur,Maharashtra,,,,,,not found,
2015-03-01,Mangalwedha,bitter gourd,2015,March,76,1452,2720,2148,Solapur,Maharashtra,,,,,,not found,
2016-03-01,Mangalwedha,bitter gourd,2016,March,37,2680,3956,3948,Solapur,Maharashtra,,,,,,not found,
2015-05-01,Mangalwedha,bitter gourd,2015,May,33,2886,4967,3271,Solapur,Maharashtra,,,,,,not found,
2016-05-01,Mangalwedha,bitter gourd,2016,May,18,4050,4971,4829,Solapur,Maharashtra,,,,,,not found,
2014-11-01,Mangalwedha,bitter gourd,2014,November,78,1696,3412,2838,Solapur,Maharashtra,,,,,,not found,
2015-11-01,Mangalwedha,bitter gourd,2015,November,119,1419,3296,2427,Solapur,Maharashtra,,,,,,not found,
2014-10-01,Mangalwedha,bitter gourd,2014,October,109,926,2378,1730,Solapur,Maharashtra,,,,,,not found,
2015-10-01,Mangalwedha,bitter gourd,2015,October,109,1187,2763,2015,Solapur,Maharashtra,,,,,,not found,
2016-10-01,Mangalwedha,bitter gourd,2016,October,180,746,1663,1278,Solapur,Maharashtra,,,,,,not found,
2014-09-01,Mangalwedha,bitter gourd,2014,September,104,1396,3264,2544,Solapur,Maharashtra,,,,,,not found,
2015-09-01,Mangalwedha,bitter gourd,2015,September,164,628,2528,1224,Solapur,Maharashtra,,,,,,not found,
2016-09-01,Mangalwedha,bitter gourd,2016,September,251,303,1038,750,Solapur,Maharashtra,,,,,,not found,
2016-11-01,Mangalwedha,bitter gourd,2016,November,181,654,1352,1062,Solapur,Maharashtra,,,,,,not found,
