date,APMC,Commodity,Year,Month,arrivals_in_qtl,min_price,max_price,modal_price,district_name,state_name,commodity,year,Type,msprice,msp_filter,seasonality,deseasonal
2015-04-01,Nandurbar,black gram,2015,April,7,5350,6100,5725,Nandurbar,Maharashtra,,,,,,not found,
2014-12-01,Nandurbar,black gram,2014,December,45,5014,5046,5030,Nandurbar,Maharashtra,,,,,,not found,
2015-12-01,Nandurbar,black gram,2015,December,50,8520,8532,8532,Nandurbar,Maharashtra,,,,,,not found,
2015-02-01,Nandurbar,black gram,2015,February,6,5145,5145,5145,Nandurbar,Maharashtra,,,,,,not found,
2015-01-01,Nandurbar,black gram,2015,January,29,5585,5647,5618,Nandurbar,Maharashtra,,,,,,not found,
2016-01-01,Nandurbar,black gram,2016,January,9,7780,7780,7780,Nandurbar,Maharashtra,,,,,,not found,
2015-07-01,Nandurbar,black gram,2015,July,1,2000,2000,2000,Nandurbar,Maharashtra,,,,,,not found,
2015-06-01,Nandurbar,black gram,2015,June,5,7413,7413,7413,Nandurbar,Maharashtra,,,,,,not found,
2016-06-01,Nandurbar,black gram,2016,June,17,9930,10050,10050,Nandurbar,Maharashtra,,,,,,not found,
2015-03-01,Nandurbar,black gram,2015,March,5,5063,5063,5063,Nandurbar,Maharashtra,,,,,,not found,
2016-05-01,Nandurbar,black gram,2016,May,7,9012,9012,9012,Nandurbar,Maharashtra,,,,,,not found,
2014-11-01,Nandurbar,black gram,2014,November,41,4957,4971,4964,Nandurbar,Maharashtra,,,,,,not found,
2015-11-01,Nandurbar,black gram,2015,November,32,8672,9000,8929,Nandurbar,Maharashtra,,,,,,not found,
2014-10-01,Nandurbar,black gram,2014,October,58,4588,4790,4688,Nandurbar,Maharashtra,,,,,,not found,
2015-10-01,Nandurbar,black gram,2015,October,52,8913,8913,8913,Nandurbar,Maharashtra,,,,,,not found,
2016-10-01,Nandurbar,black gram,2016,October,874,5039,7188,6519,Nandurbar,Maharashtra,,,,,,not found,
2015-09-01,Nandurbar,black gram,2015,September,30,7793,7793,7793,Nandurbar,Maharashtra,,,,,,not found,
2016-09-01,Nandurbar,black gram,2016,September,371,6189,6972,6827,Nandurbar,Maharashtra,,,,,,not found,
2016-11-01,Nandurbar,black gram,2016,November,105,5081,5494,5357,Nandurbar,Maharashtra,,,,,,not found,
