date,APMC,Commodity,Year,Month,arrivals_in_qtl,min_price,max_price,modal_price,district_name,state_name,commodity,year,Type,msprice,msp_filter,seasonality,deseasonal,Peak seasonal price fluctuation %,Raw vs MSP diff,Desasonal vs MSP diff
2015-04-01,Lasalgaon-Vinchur,bajri,2015,April,248,1359,1476,1417,Nasik,Maharashtra,bajri,2015,Kharif Crops,1275.0,1,additive,,24.819141052334402,142.0,
2016-04-01,Lasalgaon-Vinchur,bajri,2016,April,34,1837,1969,1965,Nasik,Maharashtra,bajri,2016,Kharif Crops,1330.0,1,additive,1705.0,24.819141052334402,635.0,375.0
2015-08-01,Lasalgaon-Vinchur,bajri,2015,August,87,1453,1490,1473,Nasik,Maharashtra,bajri,2015,Kharif Crops,1275.0,1,additive,1705.25,24.819141052334402,198.0,430.25
2016-08-01,Lasalgaon-Vinchur,bajri,2016,August,8,1786,1910,1910,Nasik,Maharashtra,bajri,2016,Kharif Crops,1330.0,1,additive,1736.75,24.819141052334402,580.0,406.75
2015-12-01,Lasalgaon-Vinchur,bajri,2015,December,51,1575,1670,1654,Nasik,Maharashtra,bajri,2015,Kharif Crops,1275.0,1,additive,1713.5,24.819141052334402,379.0,438.5
2016-02-01,Lasalgaon-Vinchur,bajri,2016,February,10,1636,1636,1636,Nasik,Maharashtra,bajri,2016,Kharif Crops,1330.0,1,additive,1628.0,24.819141052334402,306.0,298.0
2016-01-01,Lasalgaon-Vinchur,bajri,2016,January,28,1451,1600,1586,Nasik,Maharashtra,bajri,2016,Kharif Crops,1330.0,1,additive,1529.75,24.819141052334402,256.0,199.75
2015-07-01,Lasalgaon-Vinchur,bajri,2015,July,198,1201,1398,1311,Nasik,Maharashtra,bajri,2015,Kharif Crops,1275.0,1,additive,1364.5,24.819141052334402,36.0,89.5
2015-06-01,Lasalgaon-Vinchur,bajri,2015,June,337,1156,1311,1250,Nasik,Maharashtra,bajri,2015,Kharif Crops,1275.0,1,additive,1411.75,24.819141052334402,-25.0,136.75
2016-06-01,Lasalgaon-Vinchur,bajri,2016,June,3,1836,1836,1836,Nasik,Maharashtra,bajri,2016,Kharif Crops,1330.0,1,additive,1553.5,24.819141052334402,506.0,223.5
2015-05-01,Lasalgaon-Vinchur,bajri,2015,May,446,1213,1329,1292,Nasik,Maharashtra,bajri,2015,Kharif Crops,1275.0,1,additive,1595.0,24.819141052334402,17.0,320.0
2016-05-01,Lasalgaon-Vinchur,bajri,2016,May,61,1868,2003,1960,Nasik,Maharashtra,bajri,2016,Kharif Crops,1330.0,1,additive,1706.25,24.819141052334402,630.0,376.25
2015-11-01,Lasalgaon-Vinchur,bajri,2015,November,69,1375,1638,1613,Nasik,Maharashtra,bajri,2015,Kharif Crops,1275.0,1,additive,1667.0,24.819141052334402,338.0,392.0
2015-10-01,Lasalgaon-Vinchur,bajri,2015,October,191,1346,1530,1482,Nasik,Maharashtra,bajri,2015,Kharif Crops,1275.0,1,additive,1497.5,24.819141052334402,207.0,222.5
2016-10-01,Lasalgaon-Vinchur,bajri,2016,October,232,1117,1523,1413,Nasik,Maharashtra,bajri,2016,Kharif Crops,1330.0,1,additive,1448.25,24.819141052334402,83.0,118.25
2015-09-01,Lasalgaon-Vinchur,bajri,2015,September,74,1482,1532,1485,Nasik,Maharashtra,bajri,2015,Kharif Crops,1275.0,1,additive,1525.0,24.819141052334402,210.0,250.0
2016-09-01,Lasalgaon-Vinchur,bajri,2016,September,20,1500,1753,1717,Nasik,Maharashtra,bajri,2016,Kharif Crops,1330.0,1,additive,1564.0,24.819141052334402,387.0,234.0
2016-11-01,Lasalgaon-Vinchur,bajri,2016,November,63,1224,1513,1337,Nasik,Maharashtra,bajri,2016,Kharif Crops,1330.0,1,additive,,24.819141052334402,7.0,
