date,APMC,Commodity,Year,Month,arrivals_in_qtl,min_price,max_price,modal_price,district_name,state_name,commodity,year,Type,msprice,msp_filter,seasonality,deseasonal,Raw vs MSP diff,Desasonal vs MSP diff
2016-08-01,Nandgaon,bajri,2016,August,430,1538,1931,1699,Nasik,Maharashtra,bajri,2016,Kharif Crops,1330.0,1,not found,,369.0,
2014-12-01,Nandgaon,bajri,2014,December,7270,1066,1394,1235,Nasik,Maharashtra,bajri,2014,Kharif Crops,1250.0,1,not found,,-15.0,
2015-12-01,Nandgaon,bajri,2015,December,530,1344,1720,1584,Nasik,Maharashtra,bajri,2015,Kharif Crops,1275.0,1,not found,,309.0,
2016-02-01,Nandgaon,bajri,2016,February,160,1522,1882,1715,Nasik,Maharashtra,bajri,2016,Kharif Crops,1330.0,1,not found,,385.0,
2016-01-01,Nandgaon,bajri,2016,January,288,1481,1734,1609,Nasik,Maharashtra,bajri,2016,Kharif Crops,1330.0,1,not found,,279.0,
2016-03-01,Nandgaon,bajri,2016,March,108,1578,1703,1642,Nasik,Maharashtra,bajri,2016,Kharif Crops,1330.0,1,not found,,312.0,
2014-11-01,Nandgaon,bajri,2014,November,521,1327,1564,1495,Nasik,Maharashtra,bajri,2014,Kharif Crops,1250.0,1,not found,,245.0,
2015-11-01,Nandgaon,bajri,2015,November,906,1377,1617,1523,Nasik,Maharashtra,bajri,2015,Kharif Crops,1275.0,1,not found,,248.0,
2014-10-01,Nandgaon,bajri,2014,October,779,1117,1426,1362,Nasik,Maharashtra,bajri,2014,Kharif Crops,1250.0,1,not found,,112.0,
2015-10-01,Nandgaon,bajri,2015,October,1907,1232,1451,1348,Nasik,Maharashtra,bajri,2015,Kharif Crops,1275.0,1,not found,,73.0,
2016-10-01,Nandgaon,bajri,2016,October,2166,1241,1404,1325,Nasik,Maharashtra,bajri,2016,Kharif Crops,1330.0,1,not found,,-5.0,
2014-09-01,Nandgaon,bajri,2014,September,1402,1234,1610,1481,Nasik,Maharashtra,bajri,2014,Kharif Crops,1250.0,1,not found,,231.0,
2015-09-01,Nandgaon,bajri,2015,September,1320,1344,1469,1392,Nasik,Maharashtra,bajri,2015,Kharif Crops,1275.0,1,not found,,117.0,
2016-09-01,Nandgaon,bajri,2016,September,576,1460,1767,1592,Nasik,Maharashtra,bajri,2016,Kharif Crops,1330.0,1,not found,,262.0,
