date,APMC,Commodity,Year,Month,arrivals_in_qtl,min_price,max_price,modal_price,district_name,state_name,commodity,year,Type,msprice,msp_filter,seasonality,deseasonal,Raw vs MSP diff,Desasonal vs MSP diff
2015-04-01,Sangali,bajri,2015,April,1887,1303,1782,1543,Sangli,Maharashtra,bajri,2015,Kharif Crops,1275.0,1,not found,,268.0,
2016-04-01,Sangali,bajri,2016,April,1663,1543,1943,1812,Sangli,Maharashtra,bajri,2016,Kharif Crops,1330.0,1,not found,,482.0,
2015-08-01,Sangali,bajri,2015,August,2066,1376,1829,1609,Sangli,Maharashtra,bajri,2015,Kharif Crops,1275.0,1,not found,,334.0,
2016-08-01,Sangali,bajri,2016,August,1296,1759,2041,1935,Sangli,Maharashtra,bajri,2016,Kharif Crops,1330.0,1,not found,,605.0,
2014-12-01,Sangali,bajri,2014,December,2475,1295,1798,1544,Sangli,Maharashtra,bajri,2014,Kharif Crops,1250.0,1,not found,,294.0,
2015-12-01,Sangali,bajri,2015,December,3710,1436,1824,1711,Sangli,Maharashtra,bajri,2015,Kharif Crops,1275.0,1,not found,,436.0,
2015-02-01,Sangali,bajri,2015,February,1266,1282,1761,1563,Sangli,Maharashtra,bajri,2015,Kharif Crops,1275.0,1,not found,,288.0,
2016-02-01,Sangali,bajri,2016,February,1843,1418,1839,1736,Sangli,Maharashtra,bajri,2016,Kharif Crops,1330.0,1,not found,,406.0,
2015-01-01,Sangali,bajri,2015,January,2263,1309,1821,1577,Sangli,Maharashtra,bajri,2015,Kharif Crops,1275.0,1,not found,,302.0,
2016-01-01,Sangali,bajri,2016,January,2954,1444,1801,1707,Sangli,Maharashtra,bajri,2016,Kharif Crops,1330.0,1,not found,,377.0,
2015-07-01,Sangali,bajri,2015,July,463,1300,1794,1563,Sangli,Maharashtra,bajri,2015,Kharif Crops,1275.0,1,not found,,288.0,
2016-07-01,Sangali,bajri,2016,July,1048,1793,2057,1950,Sangli,Maharashtra,bajri,2016,Kharif Crops,1330.0,1,not found,,620.0,
2015-06-01,Sangali,bajri,2015,June,600,1305,1805,1571,Sangli,Maharashtra,bajri,2015,Kharif Crops,1275.0,1,not found,,296.0,
2016-06-01,Sangali,bajri,2016,June,1994,1747,2067,1940,Sangli,Maharashtra,bajri,2016,Kharif Crops,1330.0,1,not found,,610.0,
2015-03-01,Sangali,bajri,2015,March,775,1295,1691,1493,Sangli,Maharashtra,bajri,2015,Kharif Crops,1275.0,1,not found,,218.0,
2016-03-01,Sangali,bajri,2016,March,2074,1498,1850,1736,Sangli,Maharashtra,bajri,2016,Kharif Crops,1330.0,1,not found,,406.0,
2015-05-01,Sangali,bajri,2015,May,1468,1300,1827,1559,Sangli,Maharashtra,bajri,2015,Kharif Crops,1275.0,1,not found,,284.0,
2016-05-01,Sangali,bajri,2016,May,2295,1712,2038,1901,Sangli,Maharashtra,bajri,2016,Kharif Crops,1330.0,1,not found,,571.0,
2014-11-01,Sangali,bajri,2014,November,3526,1316,1825,1564,Sangli,Maharashtra,bajri,2014,Kharif Crops,1250.0,1,not found,,314.0,
2015-11-01,Sangali,bajri,2015,November,2908,1380,1830,1708,Sangli,Maharashtra,bajri,2015,Kharif Crops,1275.0,1,not found,,433.0,
2014-10-01,Sangali,bajri,2014,October,2473,1333,1777,1555,Sangli,Maharashtra,bajri,2014,Kharif Crops,1250.0,1,not found,,305.0,
2015-10-01,Sangali,bajri,2015,October,1635,1403,1826,1692,Sangli,Maharashtra,bajri,2015,Kharif Crops,1275.0,1,not found,,417.0,
2016-10-01,Sangali,bajri,2016,October,1916,1519,1718,1653,Sangli,Maharashtra,bajri,2016,Kharif Crops,1330.0,1,not found,,323.0,
2014-09-01,Sangali,bajri,2014,September,2422,1321,1793,1557,Sangli,Maharashtra,bajri,2014,Kharif Crops,1250.0,1,not found,,307.0,
2015-09-01,Sangali,bajri,2015,September,1706,1381,1788,1641,Sangli,Maharashtra,bajri,2015,Kharif Crops,1275.0,1,not found,,366.0,
2016-09-01,Sangali,bajri,2016,September,2447,1600,1850,1776,Sangli,Maharashtra,bajri,2016,Kharif Crops,1330.0,1,not found,,446.0,
2016-11-01,Sangali,bajri,2016,November,1937,1590,1808,1734,Sangli,Maharashtra,bajri,2016,Kharif Crops,1330.0,1,not found,,404.0,
