date,APMC,Commodity,Year,Month,arrivals_in_qtl,min_price,max_price,modal_price,district_name,state_name,commodity,year,Type,msprice,msp_filter,seasonality,deseasonal
2016-04-01,Akot,black gram,2016,April,42,7623,9100,8362,Akola,Maharashtra,,,,,,not found,
2015-08-01,Akot,black gram,2015,August,30,6705,7755,7230,Akola,Maharashtra,,,,,,not found,
2016-08-01,Akot,black gram,2016,August,75,5753,6300,6016,Akola,Maharashtra,,,,,,not found,
2015-12-01,Akot,black gram,2015,December,327,6294,7792,7043,Akola,Maharashtra,,,,,,not found,
2016-02-01,Akot,black gram,2016,February,6,6645,7665,7155,Akola,Maharashtra,,,,,,not found,
2015-01-01,Akot,black gram,2015,January,16,5175,5500,5270,Akola,Maharashtra,,,,,,not found,
2016-01-01,Akot,black gram,2016,January,61,6433,8390,7412,Akola,Maharashtra,,,,,,not found,
2015-07-01,Akot,black gram,2015,July,30,6505,7195,6850,Akola,Maharashtra,,,,,,not found,
2016-07-01,Akot,black gram,2016,July,99,7065,8470,7768,Akola,Maharashtra,,,,,,not found,
2016-06-01,Akot,black gram,2016,June,520,8557,11598,10078,Akola,Maharashtra,,,,,,not found,
2016-05-01,Akot,black gram,2016,May,229,8719,10038,9379,Akola,Maharashtra,,,,,,not found,
2015-11-01,Akot,black gram,2015,November,326,7577,8438,8010,Akola,Maharashtra,,,,,,not found,
2015-10-01,Akot,black gram,2015,October,1485,8915,11136,10025,Akola,Maharashtra,,,,,,not found,
2016-10-01,Akot,black gram,2016,October,18450,4841,7209,6003,Akola,Maharashtra,,,,,,not found,
2015-09-01,Akot,black gram,2015,September,350,7394,8273,7833,Akola,Maharashtra,,,,,,not found,
2016-09-01,Akot,black gram,2016,September,8021,5068,6543,5910,Akola,Maharashtra,,,,,,not found,
2016-11-01,Akot,black gram,2016,November,9875,4958,6748,5853,Akola,Maharashtra,,,,,,not found,
