date,APMC,Commodity,Year,Month,arrivals_in_qtl,min_price,max_price,modal_price,district_name,state_name,commodity,year,Type,msprice,msp_filter,seasonality,deseasonal,Peak seasonal price fluctuation %
2015-04-01,Balapur,black gram,2015,April,7,5183,5567,5400,Akola,Maharashtra,,,,,,additive,,52.37439050243799
2016-04-01,Balapur,black gram,2016,April,1,11000,11000,11000,Akola,Maharashtra,,,,,,additive,8475.0,52.37439050243799
2015-08-01,Balapur,black gram,2015,August,11,6500,6500,6500,Akola,Maharashtra,,,,,,additive,8375.0,52.37439050243799
2015-12-01,Balapur,black gram,2015,December,112,9465,9525,9500,Akola,Maharashtra,,,,,,additive,7583.25,52.37439050243799
2015-02-01,Balapur,black gram,2015,February,19,4567,5333,4833,Akola,Maharashtra,,,,,,additive,6974.75,52.37439050243799
2016-02-01,Balapur,black gram,2016,February,50,8733,8733,8733,Akola,Maharashtra,,,,,,additive,6849.75,52.37439050243799
2015-01-01,Balapur,black gram,2015,January,79,4688,5650,5100,Akola,Maharashtra,,,,,,additive,6983.25,52.37439050243799
2016-01-01,Balapur,black gram,2016,January,30,9000,9000,9000,Akola,Maharashtra,,,,,,additive,8025.0,52.37439050243799
2016-07-01,Balapur,black gram,2016,July,1,9000,9000,9000,Akola,Maharashtra,,,,,,additive,8333.25,52.37439050243799
2015-06-01,Balapur,black gram,2015,June,11,5000,6333,6333,Akola,Maharashtra,,,,,,additive,7808.25,52.37439050243799
2016-06-01,Balapur,black gram,2016,June,5,9567,9567,9567,Akola,Maharashtra,,,,,,additive,7483.5,52.37439050243799
2015-03-01,Balapur,black gram,2015,March,5,4350,5500,4467,Akola,Maharashtra,,,,,,additive,6512.75,52.37439050243799
2016-03-01,Balapur,black gram,2016,March,2,7550,7550,7550,Akola,Maharashtra,,,,,,additive,6298.0,52.37439050243799
2015-05-01,Balapur,black gram,2015,May,16,5550,5800,5625,Akola,Maharashtra,,,,,,additive,7575.0,52.37439050243799
2016-05-01,Balapur,black gram,2016,May,2,11500,11500,11500,Akola,Maharashtra,,,,,,additive,9591.25,52.37439050243799
2015-11-01,Balapur,black gram,2015,November,322,8020,10800,9740,Akola,Maharashtra,,,,,,additive,9340.0,52.37439050243799
2016-10-01,Balapur,black gram,2016,October,1575,3920,6990,6380,Akola,Maharashtra,,,,,,additive,7620.75,52.37439050243799
2015-09-01,Balapur,black gram,2015,September,169,7333,8567,7983,Akola,Maharashtra,,,,,,additive,7219.75,52.37439050243799
2016-09-01,Balapur,black gram,2016,September,895,5800,6800,6533,Akola,Maharashtra,,,,,,additive,6812.25,52.37439050243799
2016-11-01,Balapur,black gram,2016,November,364,3575,6825,6200,Akola,Maharashtra,,,,,,additive,,52.37439050243799
