date,APMC,Commodity,Year,Month,arrivals_in_qtl,min_price,max_price,modal_price,district_name,state_name,commodity,year,Type,msprice,msp_filter,seasonality,deseasonal,Peak seasonal price fluctuation %,Raw vs MSP diff,Desasonal vs MSP diff
2015-04-01,Shahada,bajri,2015,April,141,1238,1269,1268,Nandurbar,Maharashtra,bajri,2015,Kharif Crops,1275.0,1,additive,,28.953308779850307,-7.0,
2016-04-01,Shahada,bajri,2016,April,276,1802,1824,1809,Nandurbar,Maharashtra,bajri,2016,Kharif Crops,1330.0,1,additive,1631.0,28.953308779850307,479.0,301.0
2016-08-01,Shahada,bajri,2016,August,2,1638,1638,1638,Nandurbar,Maharashtra,bajri,2016,Kharif Crops,1330.0,1,additive,1642.5,28.953308779850307,308.0,312.5
2014-12-01,Shahada,bajri,2014,December,115,1404,1526,1485,Nandurbar,Maharashtra,bajri,2014,Kharif Crops,1250.0,1,additive,1524.5,28.953308779850307,235.0,274.5
2015-12-01,Shahada,bajri,2015,December,170,1352,1541,1490,Nandurbar,Maharashtra,bajri,2015,Kharif Crops,1275.0,1,additive,1418.75,28.953308779850307,215.0,143.75
2015-02-01,Shahada,bajri,2015,February,8,1210,1210,1210,Nandurbar,Maharashtra,bajri,2015,Kharif Crops,1275.0,1,additive,1338.75,28.953308779850307,-65.0,63.75
2016-02-01,Shahada,bajri,2016,February,23,1397,1510,1445,Nandurbar,Maharashtra,bajri,2016,Kharif Crops,1330.0,1,additive,1362.0,28.953308779850307,115.0,32.0
2015-01-01,Shahada,bajri,2015,January,73,1344,1359,1348,Nandurbar,Maharashtra,bajri,2015,Kharif Crops,1275.0,1,additive,1408.5,28.953308779850307,73.0,133.5
2016-01-01,Shahada,bajri,2016,January,28,1493,1531,1493,Nandurbar,Maharashtra,bajri,2016,Kharif Crops,1330.0,1,additive,1400.5,28.953308779850307,163.0,70.5
2015-07-01,Shahada,bajri,2015,July,130,1244,1271,1268,Nandurbar,Maharashtra,bajri,2015,Kharif Crops,1275.0,1,additive,1311.0,28.953308779850307,-7.0,36.0
2015-06-01,Shahada,bajri,2015,June,1572,1165,1252,1215,Nandurbar,Maharashtra,bajri,2015,Kharif Crops,1275.0,1,additive,1348.25,28.953308779850307,-60.0,73.25
2016-06-01,Shahada,bajri,2016,June,200,1680,1717,1695,Nandurbar,Maharashtra,bajri,2016,Kharif Crops,1330.0,1,additive,1441.0,28.953308779850307,365.0,111.0
2015-03-01,Shahada,bajri,2015,March,6,1159,1212,1159,Nandurbar,Maharashtra,bajri,2015,Kharif Crops,1275.0,1,additive,1378.25,28.953308779850307,-116.0,103.25
2016-03-01,Shahada,bajri,2016,March,1,1500,1500,1500,Nandurbar,Maharashtra,bajri,2016,Kharif Crops,1330.0,1,additive,1323.75,28.953308779850307,170.0,-6.25
2015-05-01,Shahada,bajri,2015,May,2377,1115,1152,1136,Nandurbar,Maharashtra,bajri,2015,Kharif Crops,1275.0,1,additive,1387.0,28.953308779850307,-139.0,112.0
2016-05-01,Shahada,bajri,2016,May,1323,1755,1793,1776,Nandurbar,Maharashtra,bajri,2016,Kharif Crops,1330.0,1,additive,1534.0,28.953308779850307,446.0,204.0
2015-11-01,Shahada,bajri,2015,November,112,1403,1512,1448,Nandurbar,Maharashtra,bajri,2015,Kharif Crops,1275.0,1,additive,1473.5,28.953308779850307,173.0,198.5
2014-10-01,Shahada,bajri,2014,October,81,1212,1294,1222,Nandurbar,Maharashtra,bajri,2014,Kharif Crops,1250.0,1,additive,1304.75,28.953308779850307,-28.0,54.75
2015-10-01,Shahada,bajri,2015,October,24,1302,1377,1327,Nandurbar,Maharashtra,bajri,2015,Kharif Crops,1275.0,1,additive,1262.75,28.953308779850307,52.0,-12.25
2016-10-01,Shahada,bajri,2016,October,178,1136,1228,1175,Nandurbar,Maharashtra,bajri,2016,Kharif Crops,1330.0,1,additive,1253.25,28.953308779850307,-155.0,-76.75
2014-09-01,Shahada,bajri,2014,September,96,1313,1381,1336,Nandurbar,Maharashtra,bajri,2014,Kharif Crops,1250.0,1,additive,1310.25,28.953308779850307,86.0,60.25
2015-09-01,Shahada,bajri,2015,September,69,1391,2766,1394,Nandurbar,Maharashtra,bajri,2015,Kharif Crops,1275.0,1,additive,1416.5,28.953308779850307,119.0,141.5
2016-09-01,Shahada,bajri,2016,September,43,1536,1557,1542,Nandurbar,Maharashtra,bajri,2016,Kharif Crops,1330.0,1,additive,1441.75,28.953308779850307,212.0,111.75
2016-11-01,Shahada,bajri,2016,November,72,1275,1298,1289,Nandurbar,Maharashtra,bajri,2016,Kharif Crops,1330.0,1,additive,,28.953308779850307,-41.0,
