date,APMC,Commodity,Year,Month,arrivals_in_qtl,min_price,max_price,modal_price,district_name,state_name,commodity,year,Type,msprice,msp_filter,seasonality,deseasonal,Peak seasonal price fluctuation %
2016-04-01,Indapur,banana,2016,April,130,836,882,848,Pune,Maharashtra,,,,,,additive,,73.75170532060028
2015-08-01,Indapur,banana,2015,August,1227,458,664,543,Pune,Maharashtra,,,,,,additive,570.5,73.75170532060028
2015-12-01,Indapur,banana,2015,December,1114,290,428,348,Pune,Maharashtra,,,,,,additive,405.0,73.75170532060028
2016-02-01,Indapur,banana,2016,February,889,360,408,381,Pune,Maharashtra,,,,,,additive,364.0,73.75170532060028
2016-01-01,Indapur,banana,2016,January,1538,302,392,346,Pune,Maharashtra,,,,,,additive,443.5,73.75170532060028
2015-07-01,Indapur,banana,2015,July,920,601,800,701,Pune,Maharashtra,,,,,,additive,585.0,73.75170532060028
2015-06-01,Indapur,banana,2015,June,360,526,654,592,Pune,Maharashtra,,,,,,additive,709.0,73.75170532060028
2016-06-01,Indapur,banana,2016,June,70,835,1101,951,Pune,Maharashtra,,,,,,additive,816.0,73.75170532060028
2016-05-01,Indapur,banana,2016,May,451,666,836,770,Pune,Maharashtra,,,,,,additive,921.25,73.75170532060028
2014-11-01,Indapur,banana,2014,November,299,1117,1255,1194,Pune,Maharashtra,,,,,,additive,914.5,73.75170532060028
2015-11-01,Indapur,banana,2015,November,486,449,572,500,Pune,Maharashtra,,,,,,additive,718.75,73.75170532060028
2015-10-01,Indapur,banana,2015,October,1231,558,1632,681,Pune,Maharashtra,,,,,,additive,708.0,73.75170532060028
2016-10-01,Indapur,banana,2016,October,588,839,1127,970,Pune,Maharashtra,,,,,,additive,774.75,73.75170532060028
2015-09-01,Indapur,banana,2015,September,1212,394,552,478,Pune,Maharashtra,,,,,,additive,751.75,73.75170532060028
2016-09-01,Indapur,banana,2016,September,141,1025,1138,1081,Pune,Maharashtra,,,,,,additive,812.75,73.75170532060028
2016-11-01,Indapur,banana,2016,November,64,501,630,611,Pune,Maharashtra,,,,,,additive,,73.75170532060028
