date,APMC,Commodity,Year,Month,arrivals_in_qtl,min_price,max_price,modal_price,district_name,state_name,commodity,year,Type,msprice,msp_filter,seasonality,deseasonal,Peak seasonal price fluctuation %
2014-12-01,Jalgaon Jamod-Aasalgaon,black gram,2014,December,34,4520,5080,4800,Buldhana,Maharashtra,,,,,,additive,,69.28140896849484
2015-01-01,Jalgaon Jamod-Aasalgaon,black gram,2015,January,15,4967,5867,5417,Buldhana,Maharashtra,,,,,,additive,5575.25,69.28140896849484
2015-06-01,Jalgaon Jamod-Aasalgaon,black gram,2015,June,3,6667,6667,6667,Buldhana,Maharashtra,,,,,,additive,5987.75,69.28140896849484
2015-03-01,Jalgaon Jamod-Aasalgaon,black gram,2015,March,3,5200,5200,5200,Buldhana,Maharashtra,,,,,,additive,5491.75,69.28140896849484
2014-11-01,Jalgaon Jamod-Aasalgaon,black gram,2014,November,48,4617,5183,4900,Buldhana,Maharashtra,,,,,,additive,4800.0,69.28140896849484
2014-10-01,Jalgaon Jamod-Aasalgaon,black gram,2014,October,140,3967,4433,4200,Buldhana,Maharashtra,,,,,,additive,5800.0,69.28140896849484
2015-10-01,Jalgaon Jamod-Aasalgaon,black gram,2015,October,11,9400,10200,9900,Buldhana,Maharashtra,,,,,,additive,7425.0,69.28140896849484
2016-10-01,Jalgaon Jamod-Aasalgaon,black gram,2016,October,699,4513,6625,5700,Buldhana,Maharashtra,,,,,,additive,6400.0,69.28140896849484
2014-09-01,Jalgaon Jamod-Aasalgaon,black gram,2014,September,7,3800,4800,4300,Buldhana,Maharashtra,,,,,,additive,5450.0,69.28140896849484
2015-09-01,Jalgaon Jamod-Aasalgaon,black gram,2015,September,2,7000,8000,7500,Buldhana,Maharashtra,,,,,,additive,6455.0,69.28140896849484
2016-09-01,Jalgaon Jamod-Aasalgaon,black gram,2016,September,125,6140,6880,6520,Buldhana,Maharashtra,,,,,,additive,6403.75,69.28140896849484
2016-11-01,Jalgaon Jamod-Aasalgaon,black gram,2016,November,97,4125,5900,5075,Buldhana,Maharashtra,,,,,,additive,,69.28140896849484
