date,APMC,Commodity,Year,Month,arrivals_in_qtl,min_price,max_price,modal_price,district_name,state_name,commodity,year,Type,msprice,msp_filter,seasonality,deseasonal,Peak seasonal price fluctuation %
2015-08-01,Chalisgaon,black gram,2015,August,13,6935,7481,7125,Jalgaon,Maharashtra,,,,,,additive,,55.506675533275356
2016-08-01,Chalisgaon,black gram,2016,August,11,5600,6500,5825,Jalgaon,Maharashtra,,,,,,additive,5808.25,55.506675533275356
2014-12-01,Chalisgaon,black gram,2014,December,101,3992,4892,4458,Jalgaon,Maharashtra,,,,,,additive,5650.25,55.506675533275356
2015-12-01,Chalisgaon,black gram,2015,December,72,6690,8685,7860,Jalgaon,Maharashtra,,,,,,additive,6332.0,55.506675533275356
2015-02-01,Chalisgaon,black gram,2015,February,24,5000,5500,5150,Jalgaon,Maharashtra,,,,,,additive,6915.0,55.506675533275356
2016-02-01,Chalisgaon,black gram,2016,February,6,9000,10000,9500,Jalgaon,Maharashtra,,,,,,additive,7178.25,55.506675533275356
2015-01-01,Chalisgaon,black gram,2015,January,79,4150,5100,4563,Jalgaon,Maharashtra,,,,,,additive,5919.0,55.506675533275356
2015-03-01,Chalisgaon,black gram,2015,March,20,4850,5450,5050,Jalgaon,Maharashtra,,,,,,additive,5853.25,55.506675533275356
2016-03-01,Chalisgaon,black gram,2016,March,9,7500,9953,8750,Jalgaon,Maharashtra,,,,,,additive,7137.5,55.506675533275356
2015-11-01,Chalisgaon,black gram,2015,November,10,5600,6901,6000,Jalgaon,Maharashtra,,,,,,additive,6137.5,55.506675533275356
2014-10-01,Chalisgaon,black gram,2014,October,62,3117,4083,3800,Jalgaon,Maharashtra,,,,,,additive,5003.5,55.506675533275356
2016-10-01,Chalisgaon,black gram,2016,October,203,5714,6717,6414,Jalgaon,Maharashtra,,,,,,additive,5174.0,55.506675533275356
2014-09-01,Chalisgaon,black gram,2014,September,99,3532,4332,4068,Jalgaon,Maharashtra,,,,,,additive,5486.5,55.506675533275356
2015-09-01,Chalisgaon,black gram,2015,September,67,6321,7613,7396,Jalgaon,Maharashtra,,,,,,additive,6411.5,55.506675533275356
2016-09-01,Chalisgaon,black gram,2016,September,153,5611,7146,6786,Jalgaon,Maharashtra,,,,,,additive,6492.0,55.506675533275356
2016-11-01,Chalisgaon,black gram,2016,November,34,4500,5400,5000,Jalgaon,Maharashtra,,,,,,additive,,55.506675533275356
