date,APMC,Commodity,Year,Month,arrivals_in_qtl,min_price,max_price,modal_price,district_name,state_name,commodity,year,Type,msprice,msp_filter,seasonality,deseasonal,Peak seasonal price fluctuation %
2015-04-01,Dhule,black gram,2015,April,3,6100,6100,6100,Dhule,Maharashtra,,,,,,additive,,52.60186174271326
2015-08-01,Dhule,black gram,2015,August,9,6292,7918,7437,Dhule,Maharashtra,,,,,,additive,7393.5,52.60186174271326
2016-08-01,Dhule,black gram,2016,August,3,8600,8600,8600,Dhule,Maharashtra,,,,,,additive,7528.25,52.60186174271326
2014-12-01,Dhule,black gram,2014,December,31,5171,5488,5476,Dhule,Maharashtra,,,,,,additive,7229.5,52.60186174271326
2015-12-01,Dhule,black gram,2015,December,46,8090,9626,9366,Dhule,Maharashtra,,,,,,additive,7249.0,52.60186174271326
2015-02-01,Dhule,black gram,2015,February,24,4788,4788,4788,Dhule,Maharashtra,,,,,,additive,6138.5,52.60186174271326
2015-01-01,Dhule,black gram,2015,January,27,5390,5612,5612,Dhule,Maharashtra,,,,,,additive,6166.0,52.60186174271326
2016-01-01,Dhule,black gram,2016,January,9,8652,9300,8652,Dhule,Maharashtra,,,,,,additive,7749.0,52.60186174271326
2015-07-01,Dhule,black gram,2015,July,18,8080,8080,8080,Dhule,Maharashtra,,,,,,additive,8213.0,52.60186174271326
2016-07-01,Dhule,black gram,2016,July,6,8040,8040,8040,Dhule,Maharashtra,,,,,,additive,7661.75,52.60186174271326
2015-06-01,Dhule,black gram,2015,June,9,6487,6487,6487,Dhule,Maharashtra,,,,,,additive,8066.0,52.60186174271326
2016-06-01,Dhule,black gram,2016,June,6,10000,11250,11250,Dhule,Maharashtra,,,,,,additive,8551.25,52.60186174271326
2015-03-01,Dhule,black gram,2015,March,27,5134,5218,5218,Dhule,Maharashtra,,,,,,additive,6899.75,52.60186174271326
2015-05-01,Dhule,black gram,2015,May,12,5913,5913,5913,Dhule,Maharashtra,,,,,,additive,7011.0,52.60186174271326
2016-05-01,Dhule,black gram,2016,May,3,11000,11000,11000,Dhule,Maharashtra,,,,,,additive,8434.25,52.60186174271326
2014-11-01,Dhule,black gram,2014,November,60,5442,5893,5824,Dhule,Maharashtra,,,,,,additive,8356.5,52.60186174271326
2015-11-01,Dhule,black gram,2015,November,24,10653,10890,10778,Dhule,Maharashtra,,,,,,additive,8130.25,52.60186174271326
2014-10-01,Dhule,black gram,2014,October,48,4785,5167,5141,Dhule,Maharashtra,,,,,,additive,7884.75,52.60186174271326
2015-10-01,Dhule,black gram,2015,October,44,9889,10622,10479,Dhule,Maharashtra,,,,,,additive,8226.25,52.60186174271326
2016-10-01,Dhule,black gram,2016,October,146,5169,7189,6806,Dhule,Maharashtra,,,,,,additive,7120.75,52.60186174271326
2014-09-01,Dhule,black gram,2014,September,109,4313,4693,4392,Dhule,Maharashtra,,,,,,additive,6013.0,52.60186174271326
2015-09-01,Dhule,black gram,2015,September,50,8038,8541,8462,Dhule,Maharashtra,,,,,,additive,7256.75,52.60186174271326
2016-09-01,Dhule,black gram,2016,September,112,6701,8041,7711,Dhule,Maharashtra,,,,,,additive,7300.75,52.60186174271326
2016-11-01,Dhule,black gram,2016,November,59,4176,5645,5319,Dhule,Maharashtra,,,,,,additive,,52.60186174271326
