date,APMC,Commodity,Year,Month,arrivals_in_qtl,min_price,max_price,modal_price,district_name,state_name,commodity,year,Type,msprice,msp_filter,seasonality,deseasonal,Raw vs MSP diff,Desasonal vs MSP diff
2016-04-01,Mantha,bajri,2016,April,3,1300,1400,1300,Jalna,Maharashtra,bajri,2016,Kharif Crops,1330.0,1,not found,,-30.0,
2014-12-01,Mantha,bajri,2014,December,9,1475,1475,1475,Jalna,Maharashtra,bajri,2014,Kharif Crops,1250.0,1,not found,,225.0,
2015-12-01,Mantha,bajri,2015,December,42,1519,1619,1550,Jalna,Maharashtra,bajri,2015,Kharif Crops,1275.0,1,not found,,275.0,
2016-02-01,Mantha,bajri,2016,February,6,1450,1450,1450,Jalna,Maharashtra,bajri,2016,Kharif Crops,1330.0,1,not found,,120.0,
2016-01-01,Mantha,bajri,2016,January,39,1530,1584,1539,Jalna,Maharashtra,bajri,2016,Kharif Crops,1330.0,1,not found,,209.0,
2015-06-01,Mantha,bajri,2015,June,4,1200,1250,1200,Jalna,Maharashtra,bajri,2015,Kharif Crops,1275.0,1,not found,,-75.0,
2016-06-01,Mantha,bajri,2016,June,2,1500,1500,1500,Jalna,Maharashtra,bajri,2016,Kharif Crops,1330.0,1,not found,,170.0,
2016-03-01,Mantha,bajri,2016,March,4,1600,1600,1600,Jalna,Maharashtra,bajri,2016,Kharif Crops,1330.0,1,not found,,270.0,
2015-05-01,Mantha,bajri,2015,May,3,1200,1200,1200,Jalna,Maharashtra,bajri,2015,Kharif Crops,1275.0,1,not found,,-75.0,
2014-11-01,Mantha,bajri,2014,November,7,1525,1525,1525,Jalna,Maharashtra,bajri,2014,Kharif Crops,1250.0,1,not found,,275.0,
2015-11-01,Mantha,bajri,2015,November,14,1450,1575,1500,Jalna,Maharashtra,bajri,2015,Kharif Crops,1275.0,1,not found,,225.0,
2016-09-01,Mantha,bajri,2016,September,2,1700,1700,1700,Jalna,Maharashtra,bajri,2016,Kharif Crops,1330.0,1,not found,,370.0,
2016-11-01,Mantha,bajri,2016,November,12,1400,1450,1425,Jalna,Maharashtra,bajri,2016,Kharif Crops,1330.0,1,not found,,95.0,
