date,APMC,Commodity,Year,Month,arrivals_in_qtl,min_price,max_price,modal_price,district_name,state_name,commodity,year,Type,msprice,msp_filter,seasonality,deseasonal,Raw vs MSP diff,Desasonal vs MSP diff
2015-04-01,Shevgaon-Bodhegaon,bajri,2015,April,887,1087,1225,1156,Ahmadnagar,Maharashtra,bajri,2015,Kharif Crops,1275.0,1,not found,,-119.0,
2016-04-01,Shevgaon-Bodhegaon,bajri,2016,April,564,1520,1704,1704,Ahmadnagar,Maharashtra,bajri,2016,Kharif Crops,1330.0,1,not found,,374.0,
2015-08-01,Shevgaon-Bodhegaon,bajri,2015,August,91,1275,1368,1368,Ahmadnagar,Maharashtra,bajri,2015,Kharif Crops,1275.0,1,not found,,93.0,
2016-08-01,Shevgaon-Bodhegaon,bajri,2016,August,1330,1521,1697,1697,Ahmadnagar,Maharashtra,bajri,2016,Kharif Crops,1330.0,1,not found,,367.0,
2014-12-01,Shevgaon-Bodhegaon,bajri,2014,December,1047,1124,1345,1266,Ahmadnagar,Maharashtra,bajri,2014,Kharif Crops,1250.0,1,not found,,16.0,
2015-12-01,Shevgaon-Bodhegaon,bajri,2015,December,1551,1400,1591,1591,Ahmadnagar,Maharashtra,bajri,2015,Kharif Crops,1275.0,1,not found,,316.0,
2015-02-01,Shevgaon-Bodhegaon,bajri,2015,February,504,1129,1242,1182,Ahmadnagar,Maharashtra,bajri,2015,Kharif Crops,1275.0,1,not found,,-93.0,
2016-02-01,Shevgaon-Bodhegaon,bajri,2016,February,715,1374,1546,1546,Ahmadnagar,Maharashtra,bajri,2016,Kharif Crops,1330.0,1,not found,,216.0,
2015-01-01,Shevgaon-Bodhegaon,bajri,2015,January,1250,1150,1357,1285,Ahmadnagar,Maharashtra,bajri,2015,Kharif Crops,1275.0,1,not found,,10.0,
2016-01-01,Shevgaon-Bodhegaon,bajri,2016,January,1069,1390,1549,1549,Ahmadnagar,Maharashtra,bajri,2016,Kharif Crops,1330.0,1,not found,,219.0,
2015-07-01,Shevgaon-Bodhegaon,bajri,2015,July,288,1158,1212,1207,Ahmadnagar,Maharashtra,bajri,2015,Kharif Crops,1275.0,1,not found,,-68.0,
2016-07-01,Shevgaon-Bodhegaon,bajri,2016,July,948,1596,1782,1782,Ahmadnagar,Maharashtra,bajri,2016,Kharif Crops,1330.0,1,not found,,452.0,
2015-06-01,Shevgaon-Bodhegaon,bajri,2015,June,614,1108,1227,1192,Ahmadnagar,Maharashtra,bajri,2015,Kharif Crops,1275.0,1,not found,,-83.0,
2016-06-01,Shevgaon-Bodhegaon,bajri,2016,June,473,1598,1740,1732,Ahmadnagar,Maharashtra,bajri,2016,Kharif Crops,1330.0,1,not found,,402.0,
2015-03-01,Shevgaon-Bodhegaon,bajri,2015,March,490,1072,1217,1153,Ahmadnagar,Maharashtra,bajri,2015,Kharif Crops,1275.0,1,not found,,-122.0,
2016-03-01,Shevgaon-Bodhegaon,bajri,2016,March,606,1414,1643,1643,Ahmadnagar,Maharashtra,bajri,2016,Kharif Crops,1330.0,1,not found,,313.0,
2015-05-01,Shevgaon-Bodhegaon,bajri,2015,May,885,1064,1202,1131,Ahmadnagar,Maharashtra,bajri,2015,Kharif Crops,1275.0,1,not found,,-144.0,
2016-05-01,Shevgaon-Bodhegaon,bajri,2016,May,414,1576,1725,1725,Ahmadnagar,Maharashtra,bajri,2016,Kharif Crops,1330.0,1,not found,,395.0,
2014-11-01,Shevgaon-Bodhegaon,bajri,2014,November,2435,1274,1460,1351,Ahmadnagar,Maharashtra,bajri,2014,Kharif Crops,1250.0,1,not found,,101.0,
2015-11-01,Shevgaon-Bodhegaon,bajri,2015,November,1415,1335,1450,1450,Ahmadnagar,Maharashtra,bajri,2015,Kharif Crops,1275.0,1,not found,,175.0,
2014-10-01,Shevgaon-Bodhegaon,bajri,2014,October,1324,1180,1281,1237,Ahmadnagar,Maharashtra,bajri,2014,Kharif Crops,1250.0,1,not found,,-13.0,
2015-10-01,Shevgaon-Bodhegaon,bajri,2015,October,821,1307,1411,1411,Ahmadnagar,Maharashtra,bajri,2015,Kharif Crops,1275.0,1,not found,,136.0,
2016-10-01,Shevgaon-Bodhegaon,bajri,2016,October,2090,995,1370,1370,Ahmadnagar,Maharashtra,bajri,2016,Kharif Crops,1330.0,1,not found,,40.0,
2014-09-01,Shevgaon-Bodhegaon,bajri,2014,September,609,1188,1280,1216,Ahmadnagar,Maharashtra,bajri,2014,Kharif Crops,1250.0,1,not found,,-34.0,
2015-09-01,Shevgaon-Bodhegaon,bajri,2015,September,596,1355,1483,1483,Ahmadnagar,Maharashtra,bajri,2015,Kharif Crops,1275.0,1,not found,,208.0,
2016-09-01,Shevgaon-Bodhegaon,bajri,2016,September,812,1360,1596,1593,Ahmadnagar,Maharashtra,bajri,2016,Kharif Crops,1330.0,1,not found,,263.0,
2016-11-01,Shevgaon-Bodhegaon,bajri,2016,November,1149,1102,1244,1244,Ahmadnagar,Maharashtra,bajri,2016,Kharif Crops,1330.0,1,not found,,-86.0,
