date,APMC,Commodity,Year,Month,arrivals_in_qtl,min_price,max_price,modal_price,district_name,state_name,commodity,year,Type,msprice,msp_filter,seasonality,deseasonal,Raw vs MSP diff,Desasonal vs MSP diff
2015-04-01,Indapur-Bhigwan,bajri,2015,April,46,1301,1875,1591,Pune,Maharashtra,bajri,2015,Kharif Crops,1275.0,1,not found,,316.0,
2016-04-01,Indapur-Bhigwan,bajri,2016,April,177,1463,2075,1750,Pune,Maharashtra,bajri,2016,Kharif Crops,1330.0,1,not found,,420.0,
2015-08-01,Indapur-Bhigwan,bajri,2015,August,288,1300,1832,1512,Pune,Maharashtra,bajri,2015,Kharif Crops,1275.0,1,not found,,237.0,
2016-08-01,Indapur-Bhigwan,bajri,2016,August,543,1525,2180,1725,Pune,Maharashtra,bajri,2016,Kharif Crops,1330.0,1,not found,,395.0,
2014-12-01,Indapur-Bhigwan,bajri,2014,December,202,1350,1750,1475,Pune,Maharashtra,bajri,2014,Kharif Crops,1250.0,1,not found,,225.0,
2015-12-01,Indapur-Bhigwan,bajri,2015,December,309,1425,1903,1550,Pune,Maharashtra,bajri,2015,Kharif Crops,1275.0,1,not found,,275.0,
2016-02-01,Indapur-Bhigwan,bajri,2016,February,193,1413,2040,1625,Pune,Maharashtra,bajri,2016,Kharif Crops,1330.0,1,not found,,295.0,
2015-01-01,Indapur-Bhigwan,bajri,2015,January,201,1251,1851,1551,Pune,Maharashtra,bajri,2015,Kharif Crops,1275.0,1,not found,,276.0,
2016-01-01,Indapur-Bhigwan,bajri,2016,January,369,1430,2100,1594,Pune,Maharashtra,bajri,2016,Kharif Crops,1330.0,1,not found,,264.0,
2016-07-01,Indapur-Bhigwan,bajri,2016,July,299,1590,2000,1745,Pune,Maharashtra,bajri,2016,Kharif Crops,1330.0,1,not found,,415.0,
2015-06-01,Indapur-Bhigwan,bajri,2015,June,305,1232,1576,1398,Pune,Maharashtra,bajri,2015,Kharif Crops,1275.0,1,not found,,123.0,
2016-06-01,Indapur-Bhigwan,bajri,2016,June,470,1545,2132,1820,Pune,Maharashtra,bajri,2016,Kharif Crops,1330.0,1,not found,,490.0,
2015-03-01,Indapur-Bhigwan,bajri,2015,March,82,1340,1784,1508,Pune,Maharashtra,bajri,2015,Kharif Crops,1275.0,1,not found,,233.0,
2016-03-01,Indapur-Bhigwan,bajri,2016,March,211,1475,2094,1719,Pune,Maharashtra,bajri,2016,Kharif Crops,1330.0,1,not found,,389.0,
2015-05-01,Indapur-Bhigwan,bajri,2015,May,105,1425,1800,1500,Pune,Maharashtra,bajri,2015,Kharif Crops,1275.0,1,not found,,225.0,
2016-05-01,Indapur-Bhigwan,bajri,2016,May,366,1613,2184,1969,Pune,Maharashtra,bajri,2016,Kharif Crops,1330.0,1,not found,,639.0,
2014-11-01,Indapur-Bhigwan,bajri,2014,November,1130,1420,1838,1591,Pune,Maharashtra,bajri,2014,Kharif Crops,1250.0,1,not found,,341.0,
2015-11-01,Indapur-Bhigwan,bajri,2015,November,444,1400,2006,1603,Pune,Maharashtra,bajri,2015,Kharif Crops,1275.0,1,not found,,328.0,
2015-10-01,Indapur-Bhigwan,bajri,2015,October,642,1325,1890,1518,Pune,Maharashtra,bajri,2015,Kharif Crops,1275.0,1,not found,,243.0,
2016-10-01,Indapur-Bhigwan,bajri,2016,October,1175,1233,1934,1375,Pune,Maharashtra,bajri,2016,Kharif Crops,1330.0,1,not found,,45.0,
2015-09-01,Indapur-Bhigwan,bajri,2015,September,317,1433,1907,1633,Pune,Maharashtra,bajri,2015,Kharif Crops,1275.0,1,not found,,358.0,
2016-09-01,Indapur-Bhigwan,bajri,2016,September,1376,1350,1913,1642,Pune,Maharashtra,bajri,2016,Kharif Crops,1330.0,1,not found,,312.0,
2016-11-01,Indapur-Bhigwan,bajri,2016,November,642,1371,2191,1550,Pune,Maharashtra,bajri,2016,Kharif Crops,1330.0,1,not found,,220.0,
