date,APMC,Commodity,Year,Month,arrivals_in_qtl,min_price,max_price,modal_price,district_name,state_name,commodity,year,Type,msprice,msp_filter,seasonality,deseasonal
2015-08-01,Udgir,black gram,2015,August,60,8373,8493,8493,Latur,Maharashtra,,,,,,not found,
2016-08-01,Udgir,black gram,2016,August,2,6000,6031,6031,Latur,Maharashtra,,,,,,not found,
2014-12-01,Udgir,black gram,2014,December,280,4479,5601,5040,Latur,Maharashtra,,,,,,not found,
2015-12-01,Udgir,black gram,2015,December,202,10000,10357,10357,Latur,Maharashtra,,,,,,not found,
2016-02-01,Udgir,black gram,2016,February,300,8214,8745,8745,Latur,Maharashtra,,,,,,not found,
2015-01-01,Udgir,black gram,2015,January,109,4573,5790,5180,Latur,Maharashtra,,,,,,not found,
2016-01-01,Udgir,black gram,2016,January,190,9135,9600,9600,Latur,Maharashtra,,,,,,not found,
2016-03-01,Udgir,black gram,2016,March,3,8300,8500,8500,Latur,Maharashtra,,,,,,not found,
2014-11-01,Udgir,black gram,2014,November,989,4424,5586,5004,Latur,Maharashtra,,,,,,not found,
2015-11-01,Udgir,black gram,2015,November,131,9912,10383,10368,Latur,Maharashtra,,,,,,not found,
2014-10-01,Udgir,black gram,2014,October,1841,4127,5227,4677,Latur,Maharashtra,,,,,,not found,
2015-10-01,Udgir,black gram,2015,October,739,10921,11579,11579,Latur,Maharashtra,,,,,,not found,
2016-10-01,Udgir,black gram,2016,October,1725,5392,7587,7587,Latur,Maharashtra,,,,,,not found,
2014-09-01,Udgir,black gram,2014,September,1664,4721,5862,5291,Latur,Maharashtra,,,,,,not found,
2015-09-01,Udgir,black gram,2015,September,528,8923,9177,9176,Latur,Maharashtra,,,,,,not found,
2016-09-01,Udgir,black gram,2016,September,988,7217,7351,7351,Latur,Maharashtra,,,,,,not found,
2016-11-01,Udgir,black gram,2016,November,495,4089,7450,7450,Latur,Maharashtra,,,,,,not found,
