date,APMC,Commodity,Year,Month,arrivals_in_qtl,min_price,max_price,modal_price,district_name,state_name,commodity,year,Type,msprice,msp_filter,seasonality,deseasonal,Peak seasonal price fluctuation %,Raw vs MSP diff,Desasonal vs MSP diff
2016-08-01,Karmala,bajri,2016,August,27,1350,1800,1750,Solapur,Maharashtra,bajri,2016,Kharif Crops,1330.0,1,additive,,20.507399577167014,420.0,
2016-06-01,Karmala,bajri,2016,June,8,1851,1901,1900,Solapur,Maharashtra,bajri,2016,Kharif Crops,1330.0,1,additive,1766.75,20.507399577167014,570.0,436.75
2014-11-01,Karmala,bajri,2014,November,200,1417,1742,1517,Solapur,Maharashtra,bajri,2014,Kharif Crops,1250.0,1,additive,1574.25,20.507399577167014,267.0,324.25
2016-10-01,Karmala,bajri,2016,October,414,1144,1614,1363,Solapur,Maharashtra,bajri,2016,Kharif Crops,1330.0,1,additive,1462.0,20.507399577167014,33.0,132.0
2016-09-01,Karmala,bajri,2016,September,610,1404,1738,1605,Solapur,Maharashtra,bajri,2016,Kharif Crops,1330.0,1,additive,1474.5,20.507399577167014,275.0,144.5
2016-11-01,Karmala,bajri,2016,November,199,1063,1556,1325,Solapur,Maharashtra,bajri,2016,Kharif Crops,1330.0,1,additive,,20.507399577167014,-5.0,
