date,APMC,Commodity,Year,Month,arrivals_in_qtl,min_price,max_price,modal_price,district_name,state_name,commodity,year,Type,msprice,msp_filter,seasonality,deseasonal,Peak seasonal price fluctuation %
2015-04-01,Murum,black gram,2015,April,5,6400,6400,6400,Osmanabad,Maharashtra,,,,,,additive,,37.912893924831806
2016-04-01,Murum,black gram,2016,April,139,9273,9624,9448,Osmanabad,Maharashtra,,,,,,additive,8510.5,37.912893924831806
2015-08-01,Murum,black gram,2015,August,170,8611,8888,8746,Osmanabad,Maharashtra,,,,,,additive,8426.25,37.912893924831806
2016-08-01,Murum,black gram,2016,August,542,6459,7071,6765,Osmanabad,Maharashtra,,,,,,additive,6918.0,37.912893924831806
2014-12-01,Murum,black gram,2014,December,2859,5068,5726,5396,Osmanabad,Maharashtra,,,,,,additive,6674.0,37.912893924831806
2015-12-01,Murum,black gram,2015,December,338,8427,9853,9139,Osmanabad,Maharashtra,,,,,,additive,7331.0,37.912893924831806
2015-02-01,Murum,black gram,2015,February,25,5626,5653,5650,Osmanabad,Maharashtra,,,,,,additive,7086.5,37.912893924831806
2016-02-01,Murum,black gram,2016,February,60,7836,7979,7907,Osmanabad,Maharashtra,,,,,,additive,6778.5,37.912893924831806
2015-01-01,Murum,black gram,2015,January,253,5580,5720,5650,Osmanabad,Maharashtra,,,,,,additive,7017.5,37.912893924831806
2016-01-01,Murum,black gram,2016,January,26,8743,8982,8863,Osmanabad,Maharashtra,,,,,,additive,7744.25,37.912893924831806
2016-07-01,Murum,black gram,2016,July,7,7201,8000,7601,Osmanabad,Maharashtra,,,,,,additive,8388.0,37.912893924831806
2016-06-01,Murum,black gram,2016,June,134,9240,9733,9487,Osmanabad,Maharashtra,,,,,,additive,8105.25,37.912893924831806
2015-03-01,Murum,black gram,2015,March,13,5846,5846,5846,Osmanabad,Maharashtra,,,,,,additive,7324.75,37.912893924831806
2016-03-01,Murum,black gram,2016,March,7,8120,8120,8120,Osmanabad,Maharashtra,,,,,,additive,7506.75,37.912893924831806
2015-05-01,Murum,black gram,2015,May,4,7941,7941,7941,Osmanabad,Maharashtra,,,,,,additive,8511.75,37.912893924831806
2016-05-01,Murum,black gram,2016,May,91,9594,10496,10045,Osmanabad,Maharashtra,,,,,,additive,8306.0,37.912893924831806
2014-11-01,Murum,black gram,2014,November,5671,4847,5538,5193,Osmanabad,Maharashtra,,,,,,additive,7327.0,37.912893924831806
2015-11-01,Murum,black gram,2015,November,360,7900,9914,8877,Osmanabad,Maharashtra,,,,,,additive,6934.25,37.912893924831806
2014-10-01,Murum,black gram,2014,October,6637,4501,5086,4790,Osmanabad,Maharashtra,,,,,,additive,7170.25,37.912893924831806
2015-10-01,Murum,black gram,2015,October,2373,8561,11887,10224,Osmanabad,Maharashtra,,,,,,additive,7951.75,37.912893924831806
2016-10-01,Murum,black gram,2016,October,5629,5379,7759,6569,Osmanabad,Maharashtra,,,,,,additive,7198.5,37.912893924831806
2014-09-01,Murum,black gram,2014,September,2130,4885,6031,5432,Osmanabad,Maharashtra,,,,,,additive,6033.75,37.912893924831806
2016-09-01,Murum,black gram,2016,September,7443,6036,7369,6702,Osmanabad,Maharashtra,,,,,,additive,6491.5,37.912893924831806
2016-11-01,Murum,black gram,2016,November,4332,6727,7550,7130,Osmanabad,Maharashtra,,,,,,additive,,37.912893924831806
