date,APMC,Commodity,Year,Month,arrivals_in_qtl,min_price,max_price,modal_price,district_name,state_name,commodity,year,Type,msprice,msp_filter,seasonality,deseasonal,Peak seasonal price fluctuation %
2015-08-01,Solapur,bor,2015,August,62,500,1400,833,Solapur,Maharashtra,,,,,,additive,,63.42042755344418
2014-12-01,Solapur,bor,2014,December,15632,262,1170,611,Solapur,Maharashtra,,,,,,additive,778.25,63.42042755344418
2015-12-01,Solapur,bor,2015,December,4731,548,1892,1058,Solapur,Maharashtra,,,,,,additive,865.5,63.42042755344418
2015-02-01,Solapur,bor,2015,February,3508,278,1280,735,Solapur,Maharashtra,,,,,,additive,833.5,63.42042755344418
2016-02-01,Solapur,bor,2016,February,564,411,1356,806,Solapur,Maharashtra,,,,,,additive,745.0,63.42042755344418
2015-01-01,Solapur,bor,2015,January,5797,221,1238,633,Solapur,Maharashtra,,,,,,additive,719.75,63.42042755344418
2016-01-01,Solapur,bor,2016,January,1615,375,1455,807,Solapur,Maharashtra,,,,,,additive,736.75,63.42042755344418
2015-03-01,Solapur,bor,2015,March,20,550,1050,700,Solapur,Maharashtra,,,,,,additive,752.0,63.42042755344418
2014-11-01,Solapur,bor,2014,November,3246,321,1763,801,Solapur,Maharashtra,,,,,,additive,849.25,63.42042755344418
2015-11-01,Solapur,bor,2015,November,1448,673,1730,1095,Solapur,Maharashtra,,,,,,additive,937.0,63.42042755344418
2014-10-01,Solapur,bor,2014,October,1423,310,1473,757,Solapur,Maharashtra,,,,,,additive,912.0,63.42042755344418
2015-10-01,Solapur,bor,2015,October,475,681,1661,1039,Solapur,Maharashtra,,,,,,additive,1033.75,63.42042755344418
2016-10-01,Solapur,bor,2016,October,7,1100,1600,1300,Solapur,Maharashtra,,,,,,additive,1112.5,63.42042755344418
2014-09-01,Solapur,bor,2014,September,373,333,1556,811,Solapur,Maharashtra,,,,,,additive,947.0,63.42042755344418
2015-09-01,Solapur,bor,2015,September,626,469,1356,866,Solapur,Maharashtra,,,,,,additive,1001.25,63.42042755344418
2016-11-01,Solapur,bor,2016,November,2606,800,2208,1462,Solapur,Maharashtra,,,,,,additive,,63.42042755344418
