date,APMC,Commodity,Year,Month,arrivals_in_qtl,min_price,max_price,modal_price,district_name,state_name,commodity,year,Type,msprice,msp_filter,seasonality,deseasonal,Raw vs MSP diff,Desasonal vs MSP diff
2015-04-01,Kille Dharur,bajri,2015,April,143,1410,2248,1855,Beed,Maharashtra,bajri,2015,Kharif Crops,1275.0,1,not found,,580.0,
2016-04-01,Kille Dharur,bajri,2016,April,420,1731,2056,1891,Beed,Maharashtra,bajri,2016,Kharif Crops,1330.0,1,not found,,561.0,
2015-08-01,Kille Dharur,bajri,2015,August,53,1551,1951,1833,Beed,Maharashtra,bajri,2015,Kharif Crops,1275.0,1,not found,,558.0,
2016-08-01,Kille Dharur,bajri,2016,August,297,1517,1915,1810,Beed,Maharashtra,bajri,2016,Kharif Crops,1330.0,1,not found,,480.0,
2014-12-01,Kille Dharur,bajri,2014,December,270,1439,2284,1795,Beed,Maharashtra,bajri,2014,Kharif Crops,1250.0,1,not found,,545.0,
2015-12-01,Kille Dharur,bajri,2015,December,430,1551,1978,1824,Beed,Maharashtra,bajri,2015,Kharif Crops,1275.0,1,not found,,549.0,
2015-02-01,Kille Dharur,bajri,2015,February,34,1391,2113,1655,Beed,Maharashtra,bajri,2015,Kharif Crops,1275.0,1,not found,,380.0,
2016-02-01,Kille Dharur,bajri,2016,February,228,1696,2017,1874,Beed,Maharashtra,bajri,2016,Kharif Crops,1330.0,1,not found,,544.0,
2015-01-01,Kille Dharur,bajri,2015,January,188,1455,2145,1755,Beed,Maharashtra,bajri,2015,Kharif Crops,1275.0,1,not found,,480.0,
2016-01-01,Kille Dharur,bajri,2016,January,214,1694,1979,1841,Beed,Maharashtra,bajri,2016,Kharif Crops,1330.0,1,not found,,511.0,
2015-07-01,Kille Dharur,bajri,2015,July,100,1416,1652,1583,Beed,Maharashtra,bajri,2015,Kharif Crops,1275.0,1,not found,,308.0,
2016-07-01,Kille Dharur,bajri,2016,July,128,1713,2051,1957,Beed,Maharashtra,bajri,2016,Kharif Crops,1330.0,1,not found,,627.0,
2015-06-01,Kille Dharur,bajri,2015,June,211,1311,1626,1536,Beed,Maharashtra,bajri,2015,Kharif Crops,1275.0,1,not found,,261.0,
2016-06-01,Kille Dharur,bajri,2016,June,368,1637,2008,1889,Beed,Maharashtra,bajri,2016,Kharif Crops,1330.0,1,not found,,559.0,
2015-03-01,Kille Dharur,bajri,2015,March,43,1405,1877,1717,Beed,Maharashtra,bajri,2015,Kharif Crops,1275.0,1,not found,,442.0,
2016-03-01,Kille Dharur,bajri,2016,March,284,1816,2043,1962,Beed,Maharashtra,bajri,2016,Kharif Crops,1330.0,1,not found,,632.0,
2015-05-01,Kille Dharur,bajri,2015,May,533,1296,1805,1710,Beed,Maharashtra,bajri,2015,Kharif Crops,1275.0,1,not found,,435.0,
2016-05-01,Kille Dharur,bajri,2016,May,384,1636,2059,1969,Beed,Maharashtra,bajri,2016,Kharif Crops,1330.0,1,not found,,639.0,
2014-11-01,Kille Dharur,bajri,2014,November,727,1389,2268,1746,Beed,Maharashtra,bajri,2014,Kharif Crops,1250.0,1,not found,,496.0,
2015-11-01,Kille Dharur,bajri,2015,November,864,1548,2187,1992,Beed,Maharashtra,bajri,2015,Kharif Crops,1275.0,1,not found,,717.0,
2014-10-01,Kille Dharur,bajri,2014,October,614,1339,1830,1609,Beed,Maharashtra,bajri,2014,Kharif Crops,1250.0,1,not found,,359.0,
2015-10-01,Kille Dharur,bajri,2015,October,646,1380,1918,1702,Beed,Maharashtra,bajri,2015,Kharif Crops,1275.0,1,not found,,427.0,
2016-10-01,Kille Dharur,bajri,2016,October,536,1393,1919,1723,Beed,Maharashtra,bajri,2016,Kharif Crops,1330.0,1,not found,,393.0,
2014-09-01,Kille Dharur,bajri,2014,September,121,1389,1687,1516,Beed,Maharashtra,bajri,2014,Kharif Crops,1250.0,1,not found,,266.0,
2015-09-01,Kille Dharur,bajri,2015,September,380,1337,1894,1733,Beed,Maharashtra,bajri,2015,Kharif Crops,1275.0,1,not found,,458.0,
2016-09-01,Kille Dharur,bajri,2016,September,387,1522,1804,1702,Beed,Maharashtra,bajri,2016,Kharif Crops,1330.0,1,not found,,372.0,
2016-11-01,Kille Dharur,bajri,2016,November,316,1219,1574,1400,Beed,Maharashtra,bajri,2016,Kharif Crops,1330.0,1,not found,,70.0,
