date,APMC,Commodity,Year,Month,arrivals_in_qtl,min_price,max_price,modal_price,district_name,state_name,commodity,year,Type,msprice,msp_filter,seasonality,deseasonal
2016-01-01,Nandgaon Khandeshwar,black gram,2016,January,3,7500,8500,8000,Amaravathi,Maharashtra,,,,,,not found,
2016-07-01,Nandgaon Khandeshwar,black gram,2016,July,1,4000,4400,4200,Amaravathi,Maharashtra,,,,,,not found,
2015-10-01,Nandgaon Khandeshwar,black gram,2015,October,150,8650,10527,9588,Amaravathi,Maharashtra,,,,,,not found,
2016-10-01,Nandgaon Khandeshwar,black gram,2016,October,358,6194,6876,6535,Amaravathi,Maharashtra,,,,,,not found,
2015-09-01,Nandgaon Khandeshwar,black gram,2015,September,69,7970,9551,8760,Amaravathi,Maharashtra,,,,,,not found,
2016-09-01,Nandgaon Khandeshwar,black gram,2016,September,460,6498,6961,6729,Amaravathi,Maharashtra,,,,,,not found,
2016-11-01,Nandgaon Khandeshwar,black gram,2016,November,59,5564,6329,5946,Amaravathi,Maharashtra,,,,,,not found,
