date,APMC,Commodity,Year,Month,arrivals_in_qtl,min_price,max_price,modal_price,district_name,state_name,commodity,year,Type,msprice,msp_filter,seasonality,deseasonal
2015-04-01,Nashik,bitter gourd,2015,April,38,2416,4000,2958,Nasik,Maharashtra,,,,,,not found,
2016-04-01,Nashik,bitter gourd,2016,April,5524,4258,6045,5146,Nasik,Maharashtra,,,,,,not found,
2016-08-01,Nashik,bitter gourd,2016,August,7656,1534,2380,1968,Nasik,Maharashtra,,,,,,not found,
2014-12-01,Nashik,bitter gourd,2014,December,3127,2196,4020,3118,Nasik,Maharashtra,,,,,,not found,
2015-12-01,Nashik,bitter gourd,2015,December,10501,2129,4169,3097,Nasik,Maharashtra,,,,,,not found,
2015-02-01,Nashik,bitter gourd,2015,February,52,3429,4887,4074,Nasik,Maharashtra,,,,,,not found,
2016-02-01,Nashik,bitter gourd,2016,February,853,2805,4748,3755,Nasik,Maharashtra,,,,,,not found,
2015-01-01,Nashik,bitter gourd,2015,January,164,2471,4410,3050,Nasik,Maharashtra,,,,,,not found,
2016-01-01,Nashik,bitter gourd,2016,January,5223,2919,4717,3797,Nasik,Maharashtra,,,,,,not found,
2016-07-01,Nashik,bitter gourd,2016,July,4144,3254,5334,4361,Nasik,Maharashtra,,,,,,not found,
2015-06-01,Nashik,bitter gourd,2015,June,109,1417,3341,2708,Nasik,Maharashtra,,,,,,not found,
2016-06-01,Nashik,bitter gourd,2016,June,6690,3974,6341,5230,Nasik,Maharashtra,,,,,,not found,
2015-03-01,Nashik,bitter gourd,2015,March,25,2084,2846,2538,Nasik,Maharashtra,,,,,,not found,
2016-03-01,Nashik,bitter gourd,2016,March,486,3210,5029,4123,Nasik,Maharashtra,,,,,,not found,
2016-05-01,Nashik,bitter gourd,2016,May,8170,3615,5302,4464,Nasik,Maharashtra,,,,,,not found,
2014-11-01,Nashik,bitter gourd,2014,November,6264,1434,3128,2499,Nasik,Maharashtra,,,,,,not found,
2015-11-01,Nashik,bitter gourd,2015,November,6479,1401,2862,2049,Nasik,Maharashtra,,,,,,not found,
2016-10-01,Nashik,bitter gourd,2016,October,11096,868,1412,1122,Nasik,Maharashtra,,,,,,not found,
2014-09-01,Nashik,bitter gourd,2014,September,5750,1296,2736,2032,Nasik,Maharashtra,,,,,,not found,
2016-09-01,Nashik,bitter gourd,2016,September,11593,591,990,788,Nasik,Maharashtra,,,,,,not found,
2016-11-01,Nashik,bitter gourd,2016,November,9838,958,1603,1280,Nasik,Maharashtra,,,,,,not found,
