date,APMC,Commodity,Year,Month,arrivals_in_qtl,min_price,max_price,modal_price,district_name,state_name,commodity,year,Type,msprice,msp_filter,seasonality,deseasonal,Peak seasonal price fluctuation %
2016-04-01,Kolhapur,beet root,2016,April,124,1813,2813,2063,Kolhapur,Maharashtra,,,,,,additive,,61.62590752770349
2015-08-01,Kolhapur,beet root,2015,August,45,875,2375,1688,Kolhapur,Maharashtra,,,,,,additive,1641.0,61.62590752770349
2016-08-01,Kolhapur,beet root,2016,August,15,750,1750,1125,Kolhapur,Maharashtra,,,,,,additive,1563.75,61.62590752770349
2016-02-01,Kolhapur,beet root,2016,February,646,1667,3167,2317,Kolhapur,Maharashtra,,,,,,additive,2044.0,61.62590752770349
2016-01-01,Kolhapur,beet root,2016,January,3988,1708,3417,2417,Kolhapur,Maharashtra,,,,,,additive,2262.75,61.62590752770349
2015-07-01,Kolhapur,beet root,2015,July,6,1750,2063,1900,Kolhapur,Maharashtra,,,,,,additive,1879.25,61.62590752770349
2015-06-01,Kolhapur,beet root,2015,June,75,1125,1750,1300,Kolhapur,Maharashtra,,,,,,additive,1437.5,61.62590752770349
2016-03-01,Kolhapur,beet root,2016,March,51,688,2188,1250,Kolhapur,Maharashtra,,,,,,additive,1229.25,61.62590752770349
2015-11-01,Kolhapur,beet root,2015,November,13,667,1417,1117,Kolhapur,Maharashtra,,,,,,additive,1195.0,61.62590752770349
2015-10-01,Kolhapur,beet root,2015,October,122,856,1769,1296,Kolhapur,Maharashtra,,,,,,additive,1146.0,61.62590752770349
2016-10-01,Kolhapur,beet root,2016,October,6,750,1000,875,Kolhapur,Maharashtra,,,,,,additive,1158.5,61.62590752770349
2015-09-01,Kolhapur,beet root,2015,September,14,1100,2000,1588,Kolhapur,Maharashtra,,,,,,additive,1262.75,61.62590752770349
2016-09-01,Kolhapur,beet root,2016,September,18,708,1333,1000,Kolhapur,Maharashtra,,,,,,additive,1147.0,61.62590752770349
2016-11-01,Kolhapur,beet root,2016,November,11,500,1500,1000,Kolhapur,Maharashtra,,,,,,additive,,61.62590752770349
