date,APMC,Commodity,Year,Month,arrivals_in_qtl,min_price,max_price,modal_price,district_name,state_name,commodity,year,Type,msprice,msp_filter,seasonality,deseasonal
2016-04-01,Amarawati,apple,2016,April,184,6000,12800,9470,Amaravathi,Maharashtra,,,,,,not found,
2015-08-01,Amarawati,apple,2015,August,6,3150,5000,3508,Amaravathi,Maharashtra,,,,,,not found,
2016-08-01,Amarawati,apple,2016,August,1860,4118,9088,6603,Amaravathi,Maharashtra,,,,,,not found,
2015-12-01,Amarawati,apple,2015,December,1245,3533,6400,4900,Amaravathi,Maharashtra,,,,,,not found,
2016-02-01,Amarawati,apple,2016,February,742,3861,6361,5096,Amaravathi,Maharashtra,,,,,,not found,
2016-01-01,Amarawati,apple,2016,January,1350,3447,6000,4658,Amaravathi,Maharashtra,,,,,,not found,
2016-07-01,Amarawati,apple,2016,July,110,5500,10000,7750,Amaravathi,Maharashtra,,,,,,not found,
2016-06-01,Amarawati,apple,2016,June,216,6923,13462,10192,Amaravathi,Maharashtra,,,,,,not found,
2016-03-01,Amarawati,apple,2016,March,434,3813,6719,5203,Amaravathi,Maharashtra,,,,,,not found,
2016-05-01,Amarawati,apple,2016,May,174,7789,14184,10947,Amaravathi,Maharashtra,,,,,,not found,
2015-11-01,Amarawati,apple,2015,November,52,3780,5840,4720,Amaravathi,Maharashtra,,,,,,not found,
2015-10-01,Amarawati,apple,2015,October,61,3625,5475,4215,Amaravathi,Maharashtra,,,,,,not found,
2016-10-01,Amarawati,apple,2016,October,1730,3318,6818,5091,Amaravathi,Maharashtra,,,,,,not found,
2015-09-01,Amarawati,apple,2015,September,9,3067,5467,3685,Amaravathi,Maharashtra,,,,,,not found,
2016-09-01,Amarawati,apple,2016,September,1640,3367,7333,5350,Amaravathi,Maharashtra,,,,,,not found,
