date,APMC,Commodity,Year,Month,arrivals_in_qtl,min_price,max_price,modal_price,district_name,state_name,commodity,year,Type,msprice,msp_filter,seasonality,deseasonal,Peak seasonal price fluctuation %
2014-12-01,Kamthi,amla,2014,December,1,600,3000,1800,Nagpur,Maharashtra,,,,,,additive,,37.16793928032555
2015-12-01,Kamthi,amla,2015,December,2,1200,2000,1700,Nagpur,Maharashtra,,,,,,additive,1700.0,37.16793928032555
2015-02-01,Kamthi,amla,2015,February,1,1200,2000,1600,Nagpur,Maharashtra,,,,,,additive,1675.0,37.16793928032555
2015-01-01,Kamthi,amla,2015,January,1,600,3000,1800,Nagpur,Maharashtra,,,,,,additive,1750.0,37.16793928032555
2015-03-01,Kamthi,amla,2015,March,2,600,3000,1800,Nagpur,Maharashtra,,,,,,additive,1750.0,37.16793928032555
2014-11-01,Kamthi,amla,2014,November,1,1200,2000,1600,Nagpur,Maharashtra,,,,,,additive,1625.0,37.16793928032555
2015-11-01,Kamthi,amla,2015,November,21,800,2000,1500,Nagpur,Maharashtra,,,,,,additive,1692.75,37.16793928032555
2014-10-01,Kamthi,amla,2014,October,8,1129,3214,2171,Nagpur,Maharashtra,,,,,,additive,1927.25,37.16793928032555
2015-10-01,Kamthi,amla,2015,October,26,800,2667,1867,Nagpur,Maharashtra,,,,,,additive,1901.25,37.16793928032555
2016-10-01,Kamthi,amla,2016,October,8,1160,2020,1700,Nagpur,Maharashtra,,,,,,additive,1775.0,37.16793928032555
2015-09-01,Kamthi,amla,2015,September,13,1000,2333,1833,Nagpur,Maharashtra,,,,,,additive,1966.5,37.16793928032555
2016-09-01,Kamthi,amla,2016,September,3,1800,3000,2500,Nagpur,Maharashtra,,,,,,additive,,37.16793928032555
