date,APMC,Commodity,Year,Month,arrivals_in_qtl,min_price,max_price,modal_price,district_name,state_name,commodity,year,Type,msprice,msp_filter,seasonality,deseasonal,Peak seasonal price fluctuation %,Raw vs MSP diff,Desasonal vs MSP diff
2015-04-01,Indapur,bajri,2015,April,13,1400,1711,1651,Pune,Maharashtra,bajri,2015,Kharif Crops,1275.0,1,additive,,20.04119090165672,376.0,
2016-04-01,Indapur,bajri,2016,April,88,1826,2003,1897,Pune,Maharashtra,bajri,2016,Kharif Crops,1330.0,1,additive,1733.0,20.04119090165672,567.0,403.0
2015-08-01,Indapur,bajri,2015,August,34,1412,1591,1487,Pune,Maharashtra,bajri,2015,Kharif Crops,1275.0,1,additive,1678.75,20.04119090165672,212.0,403.75
2016-08-01,Indapur,bajri,2016,August,48,1638,1938,1844,Pune,Maharashtra,bajri,2016,Kharif Crops,1330.0,1,additive,1700.25,20.04119090165672,514.0,370.25
2015-12-01,Indapur,bajri,2015,December,39,1442,1750,1626,Pune,Maharashtra,bajri,2015,Kharif Crops,1275.0,1,additive,1682.0,20.04119090165672,351.0,407.0
2016-02-01,Indapur,bajri,2016,February,7,1498,1782,1632,Pune,Maharashtra,bajri,2016,Kharif Crops,1330.0,1,additive,1640.25,20.04119090165672,302.0,310.25
2016-01-01,Indapur,bajri,2016,January,10,1611,1671,1671,Pune,Maharashtra,bajri,2016,Kharif Crops,1330.0,1,additive,1583.25,20.04119090165672,341.0,253.25
2015-07-01,Indapur,bajri,2015,July,114,1268,1451,1359,Pune,Maharashtra,bajri,2015,Kharif Crops,1275.0,1,additive,1547.25,20.04119090165672,84.0,272.25
2016-07-01,Indapur,bajri,2016,July,18,1600,1975,1800,Pune,Maharashtra,bajri,2016,Kharif Crops,1330.0,1,additive,1569.75,20.04119090165672,470.0,239.75
2015-06-01,Indapur,bajri,2015,June,221,1165,1435,1320,Pune,Maharashtra,bajri,2015,Kharif Crops,1275.0,1,additive,1575.25,20.04119090165672,45.0,300.25
2016-06-01,Indapur,bajri,2016,June,222,1678,1900,1861,Pune,Maharashtra,bajri,2016,Kharif Crops,1330.0,1,additive,1684.75,20.04119090165672,531.0,354.75
2016-03-01,Indapur,bajri,2016,March,7,1663,1697,1697,Pune,Maharashtra,bajri,2016,Kharif Crops,1330.0,1,additive,1794.75,20.04119090165672,367.0,464.75
2016-05-01,Indapur,bajri,2016,May,580,1800,2011,1924,Pune,Maharashtra,bajri,2016,Kharif Crops,1330.0,1,additive,1799.0,20.04119090165672,594.0,469.0
2014-11-01,Indapur,bajri,2014,November,25,1500,1741,1651,Pune,Maharashtra,bajri,2014,Kharif Crops,1250.0,1,additive,1716.25,20.04119090165672,401.0,466.25
2015-11-01,Indapur,bajri,2015,November,24,1567,1713,1639,Pune,Maharashtra,bajri,2015,Kharif Crops,1275.0,1,additive,1625.75,20.04119090165672,364.0,350.75
2015-10-01,Indapur,bajri,2015,October,27,1456,1590,1574,Pune,Maharashtra,bajri,2015,Kharif Crops,1275.0,1,additive,1528.25,20.04119090165672,299.0,253.25
2016-10-01,Indapur,bajri,2016,October,168,1250,1838,1326,Pune,Maharashtra,bajri,2016,Kharif Crops,1330.0,1,additive,1443.5,20.04119090165672,-4.0,113.5
2015-09-01,Indapur,bajri,2015,September,25,1504,1579,1548,Pune,Maharashtra,bajri,2015,Kharif Crops,1275.0,1,additive,1558.0,20.04119090165672,273.0,283.0
2016-09-01,Indapur,bajri,2016,September,106,1545,2007,1810,Pune,Maharashtra,bajri,2016,Kharif Crops,1330.0,1,additive,1717.0,20.04119090165672,480.0,387.0
2016-11-01,Indapur,bajri,2016,November,17,1151,1800,1700,Pune,Maharashtra,bajri,2016,Kharif Crops,1330.0,1,additive,,20.04119090165672,370.0,
