date,APMC,Commodity,Year,Month,arrivals_in_qtl,min_price,max_price,modal_price,district_name,state_name,commodity,year,Type,msprice,msp_filter,seasonality,deseasonal,Raw vs MSP diff,Desasonal vs MSP diff
2015-04-01,Lonand,bajri,2015,April,56,1260,1725,1540,Satara,Maharashtra,bajri,2015,Kharif Crops,1275.0,1,not found,,265.0,
2016-04-01,Lonand,bajri,2016,April,75,1563,2029,1813,Satara,Maharashtra,bajri,2016,Kharif Crops,1330.0,1,not found,,483.0,
2015-08-01,Lonand,bajri,2015,August,57,1375,1640,1550,Satara,Maharashtra,bajri,2015,Kharif Crops,1275.0,1,not found,,275.0,
2016-08-01,Lonand,bajri,2016,August,113,1538,1969,1763,Satara,Maharashtra,bajri,2016,Kharif Crops,1330.0,1,not found,,433.0,
2014-12-01,Lonand,bajri,2014,December,210,1263,1703,1538,Satara,Maharashtra,bajri,2014,Kharif Crops,1250.0,1,not found,,288.0,
2015-12-01,Lonand,bajri,2015,December,471,1330,1770,1580,Satara,Maharashtra,bajri,2015,Kharif Crops,1275.0,1,not found,,305.0,
2015-02-01,Lonand,bajri,2015,February,75,1344,1588,1450,Satara,Maharashtra,bajri,2015,Kharif Crops,1275.0,1,not found,,175.0,
2016-02-01,Lonand,bajri,2016,February,116,1381,1782,1588,Satara,Maharashtra,bajri,2016,Kharif Crops,1330.0,1,not found,,258.0,
2015-01-01,Lonand,bajri,2015,January,153,1290,1670,1490,Satara,Maharashtra,bajri,2015,Kharif Crops,1275.0,1,not found,,215.0,
2016-01-01,Lonand,bajri,2016,January,253,1325,1655,1488,Satara,Maharashtra,bajri,2016,Kharif Crops,1330.0,1,not found,,158.0,
2015-07-01,Lonand,bajri,2015,July,82,1344,1688,1538,Satara,Maharashtra,bajri,2015,Kharif Crops,1275.0,1,not found,,263.0,
2016-07-01,Lonand,bajri,2016,July,282,1700,1925,1813,Satara,Maharashtra,bajri,2016,Kharif Crops,1330.0,1,not found,,483.0,
2015-06-01,Lonand,bajri,2015,June,126,1269,1674,1488,Satara,Maharashtra,bajri,2015,Kharif Crops,1275.0,1,not found,,213.0,
2016-06-01,Lonand,bajri,2016,June,98,1630,2160,1910,Satara,Maharashtra,bajri,2016,Kharif Crops,1330.0,1,not found,,580.0,
2015-03-01,Lonand,bajri,2015,March,151,1288,1626,1475,Satara,Maharashtra,bajri,2015,Kharif Crops,1275.0,1,not found,,200.0,
2016-03-01,Lonand,bajri,2016,March,66,1450,1828,1638,Satara,Maharashtra,bajri,2016,Kharif Crops,1330.0,1,not found,,308.0,
2015-05-01,Lonand,bajri,2015,May,60,1281,1638,1488,Satara,Maharashtra,bajri,2015,Kharif Crops,1275.0,1,not found,,213.0,
2016-05-01,Lonand,bajri,2016,May,65,1663,2116,1888,Satara,Maharashtra,bajri,2016,Kharif Crops,1330.0,1,not found,,558.0,
2014-11-01,Lonand,bajri,2014,November,285,1283,1967,1683,Satara,Maharashtra,bajri,2014,Kharif Crops,1250.0,1,not found,,433.0,
2015-11-01,Lonand,bajri,2015,November,376,1317,1901,1650,Satara,Maharashtra,bajri,2015,Kharif Crops,1275.0,1,not found,,375.0,
2014-10-01,Lonand,bajri,2014,October,208,1263,1738,1438,Satara,Maharashtra,bajri,2014,Kharif Crops,1250.0,1,not found,,188.0,
2015-10-01,Lonand,bajri,2015,October,525,1363,1746,1575,Satara,Maharashtra,bajri,2015,Kharif Crops,1275.0,1,not found,,300.0,
2016-10-01,Lonand,bajri,2016,October,638,1375,1696,1538,Satara,Maharashtra,bajri,2016,Kharif Crops,1330.0,1,not found,,208.0,
2014-09-01,Lonand,bajri,2014,September,166,1290,1746,1550,Satara,Maharashtra,bajri,2014,Kharif Crops,1250.0,1,not found,,300.0,
2015-09-01,Lonand,bajri,2015,September,223,1306,1738,1538,Satara,Maharashtra,bajri,2015,Kharif Crops,1275.0,1,not found,,263.0,
2016-09-01,Lonand,bajri,2016,September,173,1413,1615,1500,Satara,Maharashtra,bajri,2016,Kharif Crops,1330.0,1,not found,,170.0,
2016-11-01,Lonand,bajri,2016,November,279,1415,1775,1613,Satara,Maharashtra,bajri,2016,Kharif Crops,1330.0,1,not found,,283.0,
