date,APMC,Commodity,Year,Month,arrivals_in_qtl,min_price,max_price,modal_price,district_name,state_name,commodity,year,Type,msprice,msp_filter,seasonality,deseasonal,Peak seasonal price fluctuation %
2015-08-01,Ambejogai,black gram,2015,August,1,8000,8000,8000,Beed,Maharashtra,,,,,,additive,,74.47516860238373
2016-08-01,Ambejogai,black gram,2016,August,1,5400,5400,5400,Beed,Maharashtra,,,,,,additive,6040.25,74.47516860238373
2014-12-01,Ambejogai,black gram,2014,December,17,5323,5392,5361,Beed,Maharashtra,,,,,,additive,6280.5,74.47516860238373
2015-12-01,Ambejogai,black gram,2015,December,1,9000,9000,9000,Beed,Maharashtra,,,,,,additive,7082.0,74.47516860238373
2015-02-01,Ambejogai,black gram,2015,February,3,4967,4967,4967,Beed,Maharashtra,,,,,,additive,6071.25,74.47516860238373
2015-01-01,Ambejogai,black gram,2015,January,12,5306,5401,5351,Beed,Maharashtra,,,,,,additive,5086.0,74.47516860238373
2015-03-01,Ambejogai,black gram,2015,March,2,4675,4675,4675,Beed,Maharashtra,,,,,,additive,4897.0,74.47516860238373
2014-11-01,Ambejogai,black gram,2014,November,14,4859,4916,4887,Beed,Maharashtra,,,,,,additive,5799.75,74.47516860238373
2015-11-01,Ambejogai,black gram,2015,November,7,6588,8850,8750,Beed,Maharashtra,,,,,,additive,6665.25,74.47516860238373
2014-10-01,Ambejogai,black gram,2014,October,32,4171,4415,4274,Beed,Maharashtra,,,,,,additive,7190.5,74.47516860238373
2015-10-01,Ambejogai,black gram,2015,October,11,11289,11645,11464,Beed,Maharashtra,,,,,,additive,8323.25,74.47516860238373
2016-10-01,Ambejogai,black gram,2016,October,15,6001,6200,6091,Beed,Maharashtra,,,,,,additive,7136.5,74.47516860238373
2014-09-01,Ambejogai,black gram,2014,September,4,4900,4900,4900,Beed,Maharashtra,,,,,,additive,6099.25,74.47516860238373
2015-09-01,Ambejogai,black gram,2015,September,16,8493,8518,8506,Beed,Maharashtra,,,,,,additive,7122.5,74.47516860238373
2016-09-01,Ambejogai,black gram,2016,September,14,6567,6644,6578,Beed,Maharashtra,,,,,,additive,7146.75,74.47516860238373
2016-11-01,Ambejogai,black gram,2016,November,5,6925,6925,6925,Beed,Maharashtra,,,,,,additive,,74.47516860238373
