date,APMC,Commodity,Year,Month,arrivals_in_qtl,min_price,max_price,modal_price,district_name,state_name,commodity,year,Type,msprice,msp_filter,seasonality,deseasonal
2016-08-01,Mumbai-Fruit Market,apple,2016,August,87685,5224,8144,6684,Mumbai,Maharashtra,,,,,,not found,
2016-07-01,Mumbai-Fruit Market,apple,2016,July,21072,4639,8411,6511,Mumbai,Maharashtra,,,,,,not found,
2016-06-01,Mumbai-Fruit Market,apple,2016,June,2042,3586,9114,6314,Mumbai,Maharashtra,,,,,,not found,
2016-05-01,Mumbai-Fruit Market,apple,2016,May,333,2650,9000,5875,Mumbai,Maharashtra,,,,,,not found,
2016-10-01,Mumbai-Fruit Market,apple,2016,October,180699,4519,7923,6231,Mumbai,Maharashtra,,,,,,not found,
2016-09-01,Mumbai-Fruit Market,apple,2016,September,114594,5364,8160,6772,Mumbai,Maharashtra,,,,,,not found,
2016-11-01,Mumbai-Fruit Market,apple,2016,November,81763,4654,8915,6862,Mumbai,Maharashtra,,,,,,not found,
