date,APMC,Commodity,Year,Month,arrivals_in_qtl,min_price,max_price,modal_price,district_name,state_name,commodity,year,Type,msprice,msp_filter,seasonality,deseasonal,Raw vs MSP diff,Desasonal vs MSP diff
2015-04-01,Jalna,bajri,2015,April,2721,1087,1449,1301,Jalna,Maharashtra,bajri,2015,Kharif Crops,1275.0,1,not found,,26.0,
2016-04-01,Jalna,bajri,2016,April,3560,1548,1855,1699,Jalna,Maharashtra,bajri,2016,Kharif Crops,1330.0,1,not found,,369.0,
2015-08-01,Jalna,bajri,2015,August,5330,1216,1566,1411,Jalna,Maharashtra,bajri,2015,Kharif Crops,1275.0,1,not found,,136.0,
2016-08-01,Jalna,bajri,2016,August,5084,1581,1880,1710,Jalna,Maharashtra,bajri,2016,Kharif Crops,1330.0,1,not found,,380.0,
2014-12-01,Jalna,bajri,2014,December,6326,1017,1652,1390,Jalna,Maharashtra,bajri,2014,Kharif Crops,1250.0,1,not found,,140.0,
2015-12-01,Jalna,bajri,2015,December,5723,1289,1812,1489,Jalna,Maharashtra,bajri,2015,Kharif Crops,1275.0,1,not found,,214.0,
2015-02-01,Jalna,bajri,2015,February,1908,1008,1382,1234,Jalna,Maharashtra,bajri,2015,Kharif Crops,1275.0,1,not found,,-41.0,
2016-02-01,Jalna,bajri,2016,February,2991,1386,1782,1498,Jalna,Maharashtra,bajri,2016,Kharif Crops,1330.0,1,not found,,168.0,
2015-01-01,Jalna,bajri,2015,January,5576,1054,1614,1387,Jalna,Maharashtra,bajri,2015,Kharif Crops,1275.0,1,not found,,112.0,
2016-01-01,Jalna,bajri,2016,January,4607,1358,1838,1484,Jalna,Maharashtra,bajri,2016,Kharif Crops,1330.0,1,not found,,154.0,
2015-07-01,Jalna,bajri,2015,July,2720,1184,1490,1350,Jalna,Maharashtra,bajri,2015,Kharif Crops,1275.0,1,not found,,75.0,
2016-07-01,Jalna,bajri,2016,July,2292,1670,2018,1822,Jalna,Maharashtra,bajri,2016,Kharif Crops,1330.0,1,not found,,492.0,
2015-06-01,Jalna,bajri,2015,June,4706,1084,1322,1228,Jalna,Maharashtra,bajri,2015,Kharif Crops,1275.0,1,not found,,-47.0,
2016-06-01,Jalna,bajri,2016,June,3242,1567,1875,1707,Jalna,Maharashtra,bajri,2016,Kharif Crops,1330.0,1,not found,,377.0,
2015-03-01,Jalna,bajri,2015,March,2802,1056,1427,1277,Jalna,Maharashtra,bajri,2015,Kharif Crops,1275.0,1,not found,,2.0,
2016-03-01,Jalna,bajri,2016,March,2497,1515,1815,1604,Jalna,Maharashtra,bajri,2016,Kharif Crops,1330.0,1,not found,,274.0,
2015-05-01,Jalna,bajri,2015,May,3591,1057,1331,1213,Jalna,Maharashtra,bajri,2015,Kharif Crops,1275.0,1,not found,,-62.0,
2016-05-01,Jalna,bajri,2016,May,4736,1625,1869,1735,Jalna,Maharashtra,bajri,2016,Kharif Crops,1330.0,1,not found,,405.0,
2014-11-01,Jalna,bajri,2014,November,9123,1050,1762,1471,Jalna,Maharashtra,bajri,2014,Kharif Crops,1250.0,1,not found,,221.0,
2015-11-01,Jalna,bajri,2015,November,6437,1246,1828,1517,Jalna,Maharashtra,bajri,2015,Kharif Crops,1275.0,1,not found,,242.0,
2014-10-01,Jalna,bajri,2014,October,8099,1108,1610,1415,Jalna,Maharashtra,bajri,2014,Kharif Crops,1250.0,1,not found,,165.0,
2015-10-01,Jalna,bajri,2015,October,7632,1198,1631,1380,Jalna,Maharashtra,bajri,2015,Kharif Crops,1275.0,1,not found,,105.0,
2016-10-01,Jalna,bajri,2016,October,12763,1113,1820,1348,Jalna,Maharashtra,bajri,2016,Kharif Crops,1330.0,1,not found,,18.0,
2014-09-01,Jalna,bajri,2014,September,6654,1134,1488,1288,Jalna,Maharashtra,bajri,2014,Kharif Crops,1250.0,1,not found,,38.0,
2015-09-01,Jalna,bajri,2015,September,8690,1265,1527,1387,Jalna,Maharashtra,bajri,2015,Kharif Crops,1275.0,1,not found,,112.0,
2016-09-01,Jalna,bajri,2016,September,4515,1443,1731,1535,Jalna,Maharashtra,bajri,2016,Kharif Crops,1330.0,1,not found,,205.0,
2016-11-01,Jalna,bajri,2016,November,4899,1226,1959,1437,Jalna,Maharashtra,bajri,2016,Kharif Crops,1330.0,1,not found,,107.0,
