date,APMC,Commodity,Year,Month,arrivals_in_qtl,min_price,max_price,modal_price,district_name,state_name,commodity,year,Type,msprice,msp_filter,seasonality,deseasonal,Peak seasonal price fluctuation %
2016-04-01,Indapur-Bhigwan,black gram,2016,April,15,7667,8867,8333,Pune,Maharashtra,,,,,,additive,,70.65038741488613
2015-08-01,Indapur-Bhigwan,black gram,2015,August,5,6650,7050,6650,Pune,Maharashtra,,,,,,additive,6795.75,70.65038741488613
2016-08-01,Indapur-Bhigwan,black gram,2016,August,6,5350,6225,5550,Pune,Maharashtra,,,,,,additive,4937.5,70.65038741488613
2014-12-01,Indapur-Bhigwan,black gram,2014,December,1,2000,2000,2000,Pune,Maharashtra,,,,,,additive,4162.5,70.65038741488613
2015-12-01,Indapur-Bhigwan,black gram,2015,December,3,7100,7784,7100,Pune,Maharashtra,,,,,,additive,6075.0,70.65038741488613
2016-01-01,Indapur-Bhigwan,black gram,2016,January,2,8100,8100,8100,Pune,Maharashtra,,,,,,additive,8187.5,70.65038741488613
2016-07-01,Indapur-Bhigwan,black gram,2016,July,3,7800,9550,9450,Pune,Maharashtra,,,,,,additive,8479.25,70.65038741488613
2015-06-01,Indapur-Bhigwan,black gram,2015,June,4,6917,6917,6917,Pune,Maharashtra,,,,,,additive,8496.0,70.65038741488613
2016-06-01,Indapur-Bhigwan,black gram,2016,June,11,10138,11350,10700,Pune,Maharashtra,,,,,,additive,7892.0,70.65038741488613
2015-03-01,Indapur-Bhigwan,black gram,2015,March,1,3251,3251,3251,Pune,Maharashtra,,,,,,additive,5825.5,70.65038741488613
2016-03-01,Indapur-Bhigwan,black gram,2016,March,1,6100,6100,6100,Pune,Maharashtra,,,,,,additive,5487.75,70.65038741488613
2015-05-01,Indapur-Bhigwan,black gram,2015,May,6,6500,6550,6500,Pune,Maharashtra,,,,,,additive,7150.0,70.65038741488613
2016-05-01,Indapur-Bhigwan,black gram,2016,May,12,8700,9760,9500,Pune,Maharashtra,,,,,,additive,7166.75,70.65038741488613
2014-11-01,Indapur-Bhigwan,black gram,2014,November,3,3167,3167,3167,Pune,Maharashtra,,,,,,additive,5914.75,70.65038741488613
2015-11-01,Indapur-Bhigwan,black gram,2015,November,8,7400,8075,7825,Pune,Maharashtra,,,,,,additive,7141.75,70.65038741488613
2015-10-01,Indapur-Bhigwan,black gram,2015,October,23,8750,10038,9750,Pune,Maharashtra,,,,,,additive,8206.5,70.65038741488613
2016-10-01,Indapur-Bhigwan,black gram,2016,October,211,4250,6500,5501,Pune,Maharashtra,,,,,,additive,7142.25,70.65038741488613
2015-09-01,Indapur-Bhigwan,black gram,2015,September,6,7033,7967,7817,Pune,Maharashtra,,,,,,additive,6915.25,70.65038741488613
2016-09-01,Indapur-Bhigwan,black gram,2016,September,259,6053,6766,6526,Pune,Maharashtra,,,,,,additive,6605.0,70.65038741488613
2016-11-01,Indapur-Bhigwan,black gram,2016,November,44,3601,6475,5551,Pune,Maharashtra,,,,,,additive,,70.65038741488613
