date,APMC,Commodity,Year,Month,arrivals_in_qtl,min_price,max_price,modal_price,district_name,state_name,commodity,year,Type,msprice,msp_filter,seasonality,deseasonal,Peak seasonal price fluctuation %
2015-12-01,Katol,black gram,2015,December,2,7300,7300,7300,Nagpur,Maharashtra,,,,,,additive,,45.42756735650136
2016-05-01,Katol,black gram,2016,May,1,6750,6750,6750,Nagpur,Maharashtra,,,,,,additive,7229.25,45.42756735650136
2015-10-01,Katol,black gram,2015,October,4,8117,8117,8117,Nagpur,Maharashtra,,,,,,additive,7309.5,45.42756735650136
2016-10-01,Katol,black gram,2016,October,50,6211,6289,6254,Nagpur,Maharashtra,,,,,,additive,6781.25,45.42756735650136
2016-09-01,Katol,black gram,2016,September,3,6500,6500,6500,Nagpur,Maharashtra,,,,,,additive,5687.0,45.42756735650136
2016-11-01,Katol,black gram,2016,November,22,3454,3534,3494,Nagpur,Maharashtra,,,,,,additive,,45.42756735650136
