date,APMC,Commodity,Year,Month,arrivals_in_qtl,min_price,max_price,modal_price,district_name,state_name,commodity,year,Type,msprice,msp_filter,seasonality,deseasonal,Raw vs MSP diff,Desasonal vs MSP diff
2016-04-01,Bhokardan,bajri,2016,April,57,1200,1229,1217,Jalna,Maharashtra,bajri,2016,Kharif Crops,1330.0,1,not found,,-113.0,
2016-08-01,Bhokardan,bajri,2016,August,28,1400,1463,1443,Jalna,Maharashtra,bajri,2016,Kharif Crops,1330.0,1,not found,,113.0,
2015-12-01,Bhokardan,bajri,2015,December,79,1276,1357,1307,Jalna,Maharashtra,bajri,2015,Kharif Crops,1275.0,1,not found,,32.0,
2016-02-01,Bhokardan,bajri,2016,February,79,1279,1371,1300,Jalna,Maharashtra,bajri,2016,Kharif Crops,1330.0,1,not found,,-30.0,
2016-01-01,Bhokardan,bajri,2016,January,115,1279,1359,1302,Jalna,Maharashtra,bajri,2016,Kharif Crops,1330.0,1,not found,,-28.0,
2016-07-01,Bhokardan,bajri,2016,July,19,1428,1453,1435,Jalna,Maharashtra,bajri,2016,Kharif Crops,1330.0,1,not found,,105.0,
2016-06-01,Bhokardan,bajri,2016,June,28,1433,1490,1475,Jalna,Maharashtra,bajri,2016,Kharif Crops,1330.0,1,not found,,145.0,
2016-03-01,Bhokardan,bajri,2016,March,47,1216,1276,1240,Jalna,Maharashtra,bajri,2016,Kharif Crops,1330.0,1,not found,,-90.0,
2016-05-01,Bhokardan,bajri,2016,May,60,1388,1431,1409,Jalna,Maharashtra,bajri,2016,Kharif Crops,1330.0,1,not found,,79.0,
2015-11-01,Bhokardan,bajri,2015,November,87,1283,1318,1299,Jalna,Maharashtra,bajri,2015,Kharif Crops,1275.0,1,not found,,24.0,
2015-10-01,Bhokardan,bajri,2015,October,182,1200,1232,1215,Jalna,Maharashtra,bajri,2015,Kharif Crops,1275.0,1,not found,,-60.0,
2016-10-01,Bhokardan,bajri,2016,October,158,1412,1475,1443,Jalna,Maharashtra,bajri,2016,Kharif Crops,1330.0,1,not found,,113.0,
2016-09-01,Bhokardan,bajri,2016,September,77,1413,1473,1444,Jalna,Maharashtra,bajri,2016,Kharif Crops,1330.0,1,not found,,114.0,
2016-11-01,Bhokardan,bajri,2016,November,28,1403,1440,1426,Jalna,Maharashtra,bajri,2016,Kharif Crops,1330.0,1,not found,,96.0,
