date,APMC,Commodity,Year,Month,arrivals_in_qtl,min_price,max_price,modal_price,district_name,state_name,commodity,year,Type,msprice,msp_filter,seasonality,deseasonal,Peak seasonal price fluctuation %
2016-04-01,Parli-Vaijnath,black gram,2016,April,3,8560,8560,8560,Beed,Maharashtra,,,,,,additive,,34.316187980051694
2015-12-01,Parli-Vaijnath,black gram,2015,December,24,8000,8000,8000,Beed,Maharashtra,,,,,,additive,7267.75,34.316187980051694
2014-11-01,Parli-Vaijnath,black gram,2014,November,3,4511,4511,4511,Beed,Maharashtra,,,,,,additive,5855.5,34.316187980051694
2016-10-01,Parli-Vaijnath,black gram,2016,October,3,6400,6400,6400,Beed,Maharashtra,,,,,,additive,,34.316187980051694
