date,APMC,Commodity,Year,Month,arrivals_in_qtl,min_price,max_price,modal_price,district_name,state_name,commodity,year,Type,msprice,msp_filter,seasonality,deseasonal,Raw vs MSP diff,Desasonal vs MSP diff
2015-12-01,Bhokardan-Pimpalgaon Renu,bajri,2015,December,28,1289,1378,1335,Jalna,Maharashtra,bajri,2015,Kharif Crops,1275.0,1,not found,,60.0,
2016-02-01,Bhokardan-Pimpalgaon Renu,bajri,2016,February,15,1280,1363,1300,Jalna,Maharashtra,bajri,2016,Kharif Crops,1330.0,1,not found,,-30.0,
2016-01-01,Bhokardan-Pimpalgaon Renu,bajri,2016,January,28,1285,1375,1333,Jalna,Maharashtra,bajri,2016,Kharif Crops,1330.0,1,not found,,3.0,
2016-05-01,Bhokardan-Pimpalgaon Renu,bajri,2016,May,3,1500,1550,1525,Jalna,Maharashtra,bajri,2016,Kharif Crops,1330.0,1,not found,,195.0,
2015-11-01,Bhokardan-Pimpalgaon Renu,bajri,2015,November,33,1275,1293,1280,Jalna,Maharashtra,bajri,2015,Kharif Crops,1275.0,1,not found,,5.0,
2015-10-01,Bhokardan-Pimpalgaon Renu,bajri,2015,October,29,1250,1270,1260,Jalna,Maharashtra,bajri,2015,Kharif Crops,1275.0,1,not found,,-15.0,
2016-10-01,Bhokardan-Pimpalgaon Renu,bajri,2016,October,36,1444,1506,1481,Jalna,Maharashtra,bajri,2016,Kharif Crops,1330.0,1,not found,,151.0,
2016-09-01,Bhokardan-Pimpalgaon Renu,bajri,2016,September,16,1460,1515,1481,Jalna,Maharashtra,bajri,2016,Kharif Crops,1330.0,1,not found,,151.0,
2016-11-01,Bhokardan-Pimpalgaon Renu,bajri,2016,November,20,1405,1458,1440,Jalna,Maharashtra,bajri,2016,Kharif Crops,1330.0,1,not found,,110.0,
