date,APMC,Commodity,Year,Month,arrivals_in_qtl,min_price,max_price,modal_price,district_name,state_name,commodity,year,Type,msprice,msp_filter,seasonality,deseasonal
2015-04-01,Kalyan,bottle gourd,2015,April,3,500,600,550,Thane,Maharashtra,,,,,,not found,
2016-04-01,Kalyan,bottle gourd,2016,April,15,1040,1280,1180,Thane,Maharashtra,,,,,,not found,
2015-08-01,Kalyan,bottle gourd,2015,August,1056,838,1075,961,Thane,Maharashtra,,,,,,not found,
2016-08-01,Kalyan,bottle gourd,2016,August,60,1240,1500,1376,Thane,Maharashtra,,,,,,not found,
2015-12-01,Kalyan,bottle gourd,2015,December,75,932,1166,1058,Thane,Maharashtra,,,,,,not found,
2016-02-01,Kalyan,bottle gourd,2016,February,48,631,800,721,Thane,Maharashtra,,,,,,not found,
2015-01-01,Kalyan,bottle gourd,2015,January,3,1000,1200,1100,Thane,Maharashtra,,,,,,not found,
2016-01-01,Kalyan,bottle gourd,2016,January,78,792,963,892,Thane,Maharashtra,,,,,,not found,
2015-07-01,Kalyan,bottle gourd,2015,July,475,743,957,833,Thane,Maharashtra,,,,,,not found,
2016-07-01,Kalyan,bottle gourd,2016,July,69,1861,2300,2098,Thane,Maharashtra,,,,,,not found,
2015-06-01,Kalyan,bottle gourd,2015,June,63,767,952,857,Thane,Maharashtra,,,,,,not found,
2016-06-01,Kalyan,bottle gourd,2016,June,63,1481,1752,1638,Thane,Maharashtra,,,,,,not found,
2015-03-01,Kalyan,bottle gourd,2015,March,9,1200,1367,1283,Thane,Maharashtra,,,,,,not found,
2016-03-01,Kalyan,bottle gourd,2016,March,51,1082,1294,1194,Thane,Maharashtra,,,,,,not found,
2016-05-01,Kalyan,bottle gourd,2016,May,72,1138,1338,1235,Thane,Maharashtra,,,,,,not found,
2015-11-01,Kalyan,bottle gourd,2015,November,120,629,764,704,Thane,Maharashtra,,,,,,not found,
2014-10-01,Kalyan,bottle gourd,2014,October,6,850,1400,1125,Thane,Maharashtra,,,,,,not found,
2015-10-01,Kalyan,bottle gourd,2015,October,181,1220,1527,1332,Thane,Maharashtra,,,,,,not found,
2016-10-01,Kalyan,bottle gourd,2016,October,18,1083,1367,1225,Thane,Maharashtra,,,,,,not found,
2014-09-01,Kalyan,bottle gourd,2014,September,3,700,800,750,Thane,Maharashtra,,,,,,not found,
2015-09-01,Kalyan,bottle gourd,2015,September,126,725,900,813,Thane,Maharashtra,,,,,,not found,
2016-09-01,Kalyan,bottle gourd,2016,September,45,725,960,877,Thane,Maharashtra,,,,,,not found,
2016-11-01,Kalyan,bottle gourd,2016,November,36,582,725,658,Thane,Maharashtra,,,,,,not found,
