date,APMC,Commodity,Year,Month,arrivals_in_qtl,min_price,max_price,modal_price,district_name,state_name,commodity,year,Type,msprice,msp_filter,seasonality,deseasonal
2014-12-01,Dondaicha,black gram,2014,December,11,4050,4050,4050,Dhule,Maharashtra,,,,,,not found,
2014-11-01,Dondaicha,black gram,2014,November,3,5260,5260,5260,Dhule,Maharashtra,,,,,,not found,
2015-11-01,Dondaicha,black gram,2015,November,1,10001,10001,10001,Dhule,Maharashtra,,,,,,not found,
2014-10-01,Dondaicha,black gram,2014,October,6,4091,5201,5201,Dhule,Maharashtra,,,,,,not found,
2015-10-01,Dondaicha,black gram,2015,October,5,8563,8563,8563,Dhule,Maharashtra,,,,,,not found,
2016-10-01,Dondaicha,black gram,2016,October,46,5942,6763,6505,Dhule,Maharashtra,,,,,,not found,
2015-09-01,Dondaicha,black gram,2015,September,20,7701,7701,7701,Dhule,Maharashtra,,,,,,not found,
2016-09-01,Dondaicha,black gram,2016,September,35,6886,7380,7171,Dhule,Maharashtra,,,,,,not found,
2016-11-01,Dondaicha,black gram,2016,November,1,5001,5001,5001,Dhule,Maharashtra,,,,,,not found,
