date,APMC,Commodity,Year,Month,arrivals_in_qtl,min_price,max_price,modal_price,district_name,state_name,commodity,year,Type,msprice,msp_filter,seasonality,deseasonal,Raw vs MSP diff,Desasonal vs MSP diff
2015-04-01,Majalgaon,bajri,2015,April,576,1058,1507,1309,Beed,Maharashtra,bajri,2015,Kharif Crops,1275.0,1,not found,,34.0,
2016-04-01,Majalgaon,bajri,2016,April,1540,1432,2047,1833,Beed,Maharashtra,bajri,2016,Kharif Crops,1330.0,1,not found,,503.0,
2015-08-01,Majalgaon,bajri,2015,August,255,1549,2027,1821,Beed,Maharashtra,bajri,2015,Kharif Crops,1275.0,1,not found,,546.0,
2016-08-01,Majalgaon,bajri,2016,August,550,1346,1763,1667,Beed,Maharashtra,bajri,2016,Kharif Crops,1330.0,1,not found,,337.0,
2014-12-01,Majalgaon,bajri,2014,December,276,1187,1676,1414,Beed,Maharashtra,bajri,2014,Kharif Crops,1250.0,1,not found,,164.0,
2015-12-01,Majalgaon,bajri,2015,December,937,1393,1967,1636,Beed,Maharashtra,bajri,2015,Kharif Crops,1275.0,1,not found,,361.0,
2015-02-01,Majalgaon,bajri,2015,February,159,1186,1535,1380,Beed,Maharashtra,bajri,2015,Kharif Crops,1275.0,1,not found,,105.0,
2016-02-01,Majalgaon,bajri,2016,February,840,1274,1909,1715,Beed,Maharashtra,bajri,2016,Kharif Crops,1330.0,1,not found,,385.0,
2015-01-01,Majalgaon,bajri,2015,January,155,1226,1693,1430,Beed,Maharashtra,bajri,2015,Kharif Crops,1275.0,1,not found,,155.0,
2016-01-01,Majalgaon,bajri,2016,January,1178,1711,2175,1969,Beed,Maharashtra,bajri,2016,Kharif Crops,1330.0,1,not found,,639.0,
2015-07-01,Majalgaon,bajri,2015,July,185,1314,1583,1465,Beed,Maharashtra,bajri,2015,Kharif Crops,1275.0,1,not found,,190.0,
2016-07-01,Majalgaon,bajri,2016,July,169,1468,1839,1793,Beed,Maharashtra,bajri,2016,Kharif Crops,1330.0,1,not found,,463.0,
2015-06-01,Majalgaon,bajri,2015,June,591,1060,1440,1262,Beed,Maharashtra,bajri,2015,Kharif Crops,1275.0,1,not found,,-13.0,
2016-06-01,Majalgaon,bajri,2016,June,995,1411,1783,1689,Beed,Maharashtra,bajri,2016,Kharif Crops,1330.0,1,not found,,359.0,
2015-03-01,Majalgaon,bajri,2015,March,186,1065,2168,1254,Beed,Maharashtra,bajri,2015,Kharif Crops,1275.0,1,not found,,-21.0,
2016-03-01,Majalgaon,bajri,2016,March,842,1246,1697,1507,Beed,Maharashtra,bajri,2016,Kharif Crops,1330.0,1,not found,,177.0,
2015-05-01,Majalgaon,bajri,2015,May,804,1019,1434,1299,Beed,Maharashtra,bajri,2015,Kharif Crops,1275.0,1,not found,,24.0,
2016-05-01,Majalgaon,bajri,2016,May,1425,1302,1838,1687,Beed,Maharashtra,bajri,2016,Kharif Crops,1330.0,1,not found,,357.0,
2014-11-01,Majalgaon,bajri,2014,November,860,1173,1707,1480,Beed,Maharashtra,bajri,2014,Kharif Crops,1250.0,1,not found,,230.0,
2015-11-01,Majalgaon,bajri,2015,November,1496,1413,1956,1684,Beed,Maharashtra,bajri,2015,Kharif Crops,1275.0,1,not found,,409.0,
2014-10-01,Majalgaon,bajri,2014,October,1801,1060,1669,1481,Beed,Maharashtra,bajri,2014,Kharif Crops,1250.0,1,not found,,231.0,
2015-10-01,Majalgaon,bajri,2015,October,837,1669,1946,1811,Beed,Maharashtra,bajri,2015,Kharif Crops,1275.0,1,not found,,536.0,
2016-10-01,Majalgaon,bajri,2016,October,873,1328,1534,1361,Beed,Maharashtra,bajri,2016,Kharif Crops,1330.0,1,not found,,31.0,
2014-09-01,Majalgaon,bajri,2014,September,402,1107,1559,1315,Beed,Maharashtra,bajri,2014,Kharif Crops,1250.0,1,not found,,65.0,
2015-09-01,Majalgaon,bajri,2015,September,902,1338,1631,1515,Beed,Maharashtra,bajri,2015,Kharif Crops,1275.0,1,not found,,240.0,
2016-09-01,Majalgaon,bajri,2016,September,1263,1290,1650,1504,Beed,Maharashtra,bajri,2016,Kharif Crops,1330.0,1,not found,,174.0,
2016-11-01,Majalgaon,bajri,2016,November,680,1330,1560,1346,Beed,Maharashtra,bajri,2016,Kharif Crops,1330.0,1,not found,,16.0,
