date,APMC,Commodity,Year,Month,arrivals_in_qtl,min_price,max_price,modal_price,district_name,state_name,commodity,year,Type,msprice,msp_filter,seasonality,deseasonal,Peak seasonal price fluctuation %
2016-08-01,Shrigonda,black gram,2016,August,39,4900,5200,5150,Ahmadnagar,Maharashtra,,,,,,additive,,12.232116228537343
2016-10-01,Shrigonda,black gram,2016,October,191,5214,6771,5971,Ahmadnagar,Maharashtra,,,,,,additive,5760.5,12.232116228537343
2016-09-01,Shrigonda,black gram,2016,September,434,5475,6500,5950,Ahmadnagar,Maharashtra,,,,,,additive,6067.75,12.232116228537343
2016-11-01,Shrigonda,black gram,2016,November,46,4700,6933,6400,Ahmadnagar,Maharashtra,,,,,,additive,,12.232116228537343
