date,APMC,Commodity,Year,Month,arrivals_in_qtl,min_price,max_price,modal_price,district_name,state_name,commodity,year,Type,msprice,msp_filter,seasonality,deseasonal
2015-04-01,Barshi,bitter gourd,2015,April,132,100,254,204,Solapur,Maharashtra,,,,,,not found,
2015-08-01,Barshi,bitter gourd,2015,August,141,150,252,202,Solapur,Maharashtra,,,,,,not found,
2016-08-01,Barshi,bitter gourd,2016,August,108,965,1440,1200,Solapur,Maharashtra,,,,,,not found,
2014-12-01,Barshi,bitter gourd,2014,December,71,195,373,280,Solapur,Maharashtra,,,,,,not found,
2015-12-01,Barshi,bitter gourd,2015,December,88,187,287,236,Solapur,Maharashtra,,,,,,not found,
2015-02-01,Barshi,bitter gourd,2015,February,132,248,348,270,Solapur,Maharashtra,,,,,,not found,
2016-02-01,Barshi,bitter gourd,2016,February,48,158,292,242,Solapur,Maharashtra,,,,,,not found,
2015-01-01,Barshi,bitter gourd,2015,January,84,185,330,265,Solapur,Maharashtra,,,,,,not found,
2016-01-01,Barshi,bitter gourd,2016,January,70,217,317,267,Solapur,Maharashtra,,,,,,not found,
2015-07-01,Barshi,bitter gourd,2015,July,133,300,500,400,Solapur,Maharashtra,,,,,,not found,
2016-07-01,Barshi,bitter gourd,2016,July,79,1985,3156,2565,Solapur,Maharashtra,,,,,,not found,
2015-06-01,Barshi,bitter gourd,2015,June,81,164,318,264,Solapur,Maharashtra,,,,,,not found,
2016-06-01,Barshi,bitter gourd,2016,June,47,754,1300,1000,Solapur,Maharashtra,,,,,,not found,
2015-03-01,Barshi,bitter gourd,2015,March,153,263,448,363,Solapur,Maharashtra,,,,,,not found,
2015-05-01,Barshi,bitter gourd,2015,May,48,145,250,200,Solapur,Maharashtra,,,,,,not found,
2016-05-01,Barshi,bitter gourd,2016,May,87,705,1126,895,Solapur,Maharashtra,,,,,,not found,
2014-11-01,Barshi,bitter gourd,2014,November,18,150,300,233,Solapur,Maharashtra,,,,,,not found,
2015-11-01,Barshi,bitter gourd,2015,November,60,150,250,200,Solapur,Maharashtra,,,,,,not found,
2014-10-01,Barshi,bitter gourd,2014,October,78,150,250,197,Solapur,Maharashtra,,,,,,not found,
2015-10-01,Barshi,bitter gourd,2015,October,90,76,150,115,Solapur,Maharashtra,,,,,,not found,
2016-10-01,Barshi,bitter gourd,2016,October,94,1389,2295,1858,Solapur,Maharashtra,,,,,,not found,
2014-09-01,Barshi,bitter gourd,2014,September,132,135,224,180,Solapur,Maharashtra,,,,,,not found,
2015-09-01,Barshi,bitter gourd,2015,September,99,126,215,172,Solapur,Maharashtra,,,,,,not found,
2016-09-01,Barshi,bitter gourd,2016,September,184,498,887,717,Solapur,Maharashtra,,,,,,not found,
2016-11-01,Barshi,bitter gourd,2016,November,37,1500,2444,2011,Solapur,Maharashtra,,,,,,not found,
