date,APMC,Commodity,Year,Month,arrivals_in_qtl,min_price,max_price,modal_price,district_name,state_name,commodity,year,Type,msprice,msp_filter,seasonality,deseasonal,Peak seasonal price fluctuation %,Raw vs MSP diff,Desasonal vs MSP diff
2016-08-01,Manwat,bajri,2016,August,3,1784,1784,1784,Parbhani,Maharashtra,bajri,2016,Kharif Crops,1330.0,1,additive,,19.632907243526713,454.0,
2015-06-01,Manwat,bajri,2015,June,3,1226,1226,1226,Parbhani,Maharashtra,bajri,2015,Kharif Crops,1275.0,1,additive,1467.75,19.632907243526713,-49.0,192.75
2016-06-01,Manwat,bajri,2016,June,13,1533,1652,1635,Parbhani,Maharashtra,bajri,2016,Kharif Crops,1330.0,1,additive,1524.0,19.632907243526713,305.0,194.0
2016-05-01,Manwat,bajri,2016,May,9,1550,1850,1600,Parbhani,Maharashtra,bajri,2016,Kharif Crops,1330.0,1,additive,1616.5,19.632907243526713,270.0,286.5
2015-11-01,Manwat,bajri,2015,November,70,1450,1735,1631,Parbhani,Maharashtra,bajri,2015,Kharif Crops,1275.0,1,additive,1534.75,19.632907243526713,356.0,259.75
2015-10-01,Manwat,bajri,2015,October,38,1242,1281,1277,Parbhani,Maharashtra,bajri,2015,Kharif Crops,1275.0,1,additive,,19.632907243526713,2.0,
