date,APMC,Commodity,Year,Month,arrivals_in_qtl,min_price,max_price,modal_price,district_name,state_name,commodity,year,Type,msprice,msp_filter,seasonality,deseasonal,Peak seasonal price fluctuation %
2016-04-01,Buldhana,black gram,2016,April,65,7150,7850,7500,Buldhana,Maharashtra,,,,,,additive,,59.95919881305638
2015-08-01,Buldhana,black gram,2015,August,7,7000,7500,7300,Buldhana,Maharashtra,,,,,,additive,7212.5,59.95919881305638
2016-08-01,Buldhana,black gram,2016,August,6,6000,7500,6750,Buldhana,Maharashtra,,,,,,additive,6387.5,59.95919881305638
2014-12-01,Buldhana,black gram,2014,December,3,4500,5000,4750,Buldhana,Maharashtra,,,,,,additive,6090.75,59.95919881305638
2015-12-01,Buldhana,black gram,2015,December,59,7625,8575,8113,Buldhana,Maharashtra,,,,,,additive,8119.0,59.95919881305638
2016-06-01,Buldhana,black gram,2016,June,10,10000,13000,11500,Buldhana,Maharashtra,,,,,,additive,9490.75,59.95919881305638
2016-05-01,Buldhana,black gram,2016,May,93,6500,7200,6850,Buldhana,Maharashtra,,,,,,additive,8175.0,59.95919881305638
2015-11-01,Buldhana,black gram,2015,November,23,7200,7800,7500,Buldhana,Maharashtra,,,,,,additive,7018.25,59.95919881305638
2016-10-01,Buldhana,black gram,2016,October,1141,5582,6986,6223,Buldhana,Maharashtra,,,,,,additive,6811.5,59.95919881305638
2015-09-01,Buldhana,black gram,2015,September,9,7000,7500,7300,Buldhana,Maharashtra,,,,,,additive,6878.75,59.95919881305638
2016-09-01,Buldhana,black gram,2016,September,251,6083,6967,6692,Buldhana,Maharashtra,,,,,,additive,6619.5,59.95919881305638
2016-11-01,Buldhana,black gram,2016,November,269,5000,6700,5794,Buldhana,Maharashtra,,,,,,additive,,59.95919881305638
