date,APMC,Commodity,Year,Month,arrivals_in_qtl,min_price,max_price,modal_price,district_name,state_name,commodity,year,Type,msprice,msp_filter,seasonality,deseasonal,Peak seasonal price fluctuation %
2015-04-01,Shahapur,bitter gourd,2015,April,33,2164,2773,2536,Thane,Maharashtra,,,,,,additive,,52.23658212677743
2016-04-01,Shahapur,bitter gourd,2016,April,91,3525,4213,3858,Thane,Maharashtra,,,,,,additive,3303.75,52.23658212677743
2015-08-01,Shahapur,bitter gourd,2015,August,162,2579,3216,2963,Thane,Maharashtra,,,,,,additive,3240.25,52.23658212677743
2014-12-01,Shahapur,bitter gourd,2014,December,44,2892,3377,3177,Thane,Maharashtra,,,,,,additive,3078.0,52.23658212677743
2015-12-01,Shahapur,bitter gourd,2015,December,107,2665,3205,2995,Thane,Maharashtra,,,,,,additive,3395.0,52.23658212677743
2015-02-01,Shahapur,bitter gourd,2015,February,188,4063,4725,4413,Thane,Maharashtra,,,,,,additive,4092.75,52.23658212677743
2016-02-01,Shahapur,bitter gourd,2016,February,167,4188,4788,4550,Thane,Maharashtra,,,,,,additive,4553.25,52.23658212677743
2016-01-01,Shahapur,bitter gourd,2016,January,161,4350,4925,4700,Thane,Maharashtra,,,,,,additive,4402.5,52.23658212677743
2015-07-01,Shahapur,bitter gourd,2015,July,86,3330,3870,3660,Thane,Maharashtra,,,,,,additive,3724.5,52.23658212677743
2015-06-01,Shahapur,bitter gourd,2015,June,34,2525,3150,2878,Thane,Maharashtra,,,,,,additive,3282.5,52.23658212677743
2015-03-01,Shahapur,bitter gourd,2015,March,29,3329,3943,3714,Thane,Maharashtra,,,,,,additive,3590.5,52.23658212677743
2016-03-01,Shahapur,bitter gourd,2016,March,143,3667,4300,4056,Thane,Maharashtra,,,,,,additive,3585.0,52.23658212677743
2015-05-01,Shahapur,bitter gourd,2015,May,21,2114,2771,2514,Thane,Maharashtra,,,,,,additive,3213.25,52.23658212677743
2016-05-01,Shahapur,bitter gourd,2016,May,81,3446,3992,3769,Thane,Maharashtra,,,,,,additive,3198.0,52.23658212677743
2014-11-01,Shahapur,bitter gourd,2014,November,164,2330,2930,2740,Thane,Maharashtra,,,,,,additive,2716.75,52.23658212677743
2015-11-01,Shahapur,bitter gourd,2015,November,53,1209,1864,1618,Thane,Maharashtra,,,,,,additive,1889.75,52.23658212677743
2014-10-01,Shahapur,bitter gourd,2014,October,18,1267,1717,1583,Thane,Maharashtra,,,,,,additive,1720.0,52.23658212677743
2015-10-01,Shahapur,bitter gourd,2015,October,148,1770,2300,2096,Thane,Maharashtra,,,,,,additive,2030.5,52.23658212677743
2014-09-01,Shahapur,bitter gourd,2014,September,51,2088,2488,2347,Thane,Maharashtra,,,,,,additive,2092.25,52.23658212677743
2015-09-01,Shahapur,bitter gourd,2015,September,223,1283,1775,1579,Thane,Maharashtra,,,,,,additive,,52.23658212677743
