date,APMC,Commodity,Year,Month,arrivals_in_qtl,min_price,max_price,modal_price,district_name,state_name,commodity,year,Type,msprice,msp_filter,seasonality,deseasonal,Peak seasonal price fluctuation %
2015-08-01,Akluj,bor,2015,August,5585,1475,2188,2188,Solapur,Maharashtra,,,,,,additive,,43.75821287779238
2016-08-01,Akluj,bor,2016,August,3,1000,2000,2000,Solapur,Maharashtra,,,,,,additive,1797.0,43.75821287779238
2014-12-01,Akluj,bor,2014,December,635,682,1329,1000,Solapur,Maharashtra,,,,,,additive,1383.75,43.75821287779238
2015-12-01,Akluj,bor,2015,December,461,882,1535,1535,Solapur,Maharashtra,,,,,,additive,1245.75,43.75821287779238
2015-02-01,Akluj,bor,2015,February,265,663,1238,913,Solapur,Maharashtra,,,,,,additive,1140.25,43.75821287779238
2016-02-01,Akluj,bor,2016,February,356,573,1200,1200,Solapur,Maharashtra,,,,,,additive,1075.5,43.75821287779238
2015-01-01,Akluj,bor,2015,January,772,716,1332,989,Solapur,Maharashtra,,,,,,additive,1146.5,43.75821287779238
2016-01-01,Akluj,bor,2016,January,360,931,1408,1408,Solapur,Maharashtra,,,,,,additive,1251.25,43.75821287779238
2015-03-01,Akluj,bor,2015,March,8,800,1500,1200,Solapur,Maharashtra,,,,,,additive,1327.0,43.75821287779238
2016-03-01,Akluj,bor,2016,March,51,725,1500,1500,Solapur,Maharashtra,,,,,,additive,1469.75,43.75821287779238
2014-11-01,Akluj,bor,2014,November,342,1371,1921,1679,Solapur,Maharashtra,,,,,,additive,1583.25,43.75821287779238
2015-11-01,Akluj,bor,2015,November,190,950,1475,1475,Solapur,Maharashtra,,,,,,additive,1528.0,43.75821287779238
2014-10-01,Akluj,bor,2014,October,111,1183,1717,1483,Solapur,Maharashtra,,,,,,additive,1562.0,43.75821287779238
2015-10-01,Akluj,bor,2015,October,77,971,1807,1807,Solapur,Maharashtra,,,,,,additive,1649.25,43.75821287779238
2014-09-01,Akluj,bor,2014,September,12,1150,1850,1500,Solapur,Maharashtra,,,,,,additive,1701.75,43.75821287779238
2015-09-01,Akluj,bor,2015,September,114,1045,2000,2000,Solapur,Maharashtra,,,,,,additive,1762.5,43.75821287779238
2016-09-01,Akluj,bor,2016,September,73,1138,1913,1550,Solapur,Maharashtra,,,,,,additive,1767.25,43.75821287779238
2016-11-01,Akluj,bor,2016,November,141,1415,2400,1969,Solapur,Maharashtra,,,,,,additive,,43.75821287779238
