date,APMC,Commodity,Year,Month,arrivals_in_qtl,min_price,max_price,modal_price,district_name,state_name,commodity,year,Type,msprice,msp_filter,seasonality,deseasonal,Peak seasonal price fluctuation %,Raw vs MSP diff,Desasonal vs MSP diff
2015-04-01,Shegaon,bajri,2015,April,1,1900,1900,1900,Buldhana,Maharashtra,bajri,2015,Kharif Crops,1275.0,1,additive,,43.29299646909602,625.0,
2016-04-01,Shegaon,bajri,2016,April,10,1350,1350,1350,Buldhana,Maharashtra,bajri,2016,Kharif Crops,1330.0,1,additive,1475.0,43.29299646909602,20.0,145.0
2015-08-01,Shegaon,bajri,2015,August,2,1300,1300,1300,Buldhana,Maharashtra,bajri,2015,Kharif Crops,1275.0,1,additive,1364.5,43.29299646909602,25.0,89.5
2016-08-01,Shegaon,bajri,2016,August,11,1508,1508,1508,Buldhana,Maharashtra,bajri,2016,Kharif Crops,1330.0,1,additive,1393.75,43.29299646909602,178.0,63.75
2014-12-01,Shegaon,bajri,2014,December,46,1248,1270,1259,Buldhana,Maharashtra,bajri,2014,Kharif Crops,1250.0,1,additive,1367.5,43.29299646909602,9.0,117.5
2015-12-01,Shegaon,bajri,2015,December,74,1409,1446,1444,Buldhana,Maharashtra,bajri,2015,Kharif Crops,1275.0,1,additive,1339.25,43.29299646909602,169.0,64.25
2015-02-01,Shegaon,bajri,2015,February,5,1210,1210,1210,Buldhana,Maharashtra,bajri,2015,Kharif Crops,1275.0,1,additive,1311.75,43.29299646909602,-65.0,36.75
2016-02-01,Shegaon,bajri,2016,February,3,1383,1383,1383,Buldhana,Maharashtra,bajri,2016,Kharif Crops,1330.0,1,additive,1327.0,43.29299646909602,53.0,-3.0
2015-01-01,Shegaon,bajri,2015,January,16,1313,1351,1332,Buldhana,Maharashtra,bajri,2015,Kharif Crops,1275.0,1,additive,1334.5,43.29299646909602,57.0,59.5
2016-01-01,Shegaon,bajri,2016,January,35,1270,1318,1291,Buldhana,Maharashtra,bajri,2016,Kharif Crops,1330.0,1,additive,1259.25,43.29299646909602,-39.0,-70.75
2015-07-01,Shegaon,bajri,2015,July,2,1123,1123,1123,Buldhana,Maharashtra,bajri,2015,Kharif Crops,1275.0,1,additive,1165.5,43.29299646909602,-152.0,-109.5
2015-06-01,Shegaon,bajri,2015,June,1,1125,1125,1125,Buldhana,Maharashtra,bajri,2015,Kharif Crops,1275.0,1,additive,1180.75,43.29299646909602,-150.0,-94.25
2016-06-01,Shegaon,bajri,2016,June,3,1350,1350,1350,Buldhana,Maharashtra,bajri,2016,Kharif Crops,1330.0,1,additive,1252.0,43.29299646909602,20.0,-78.0
2015-03-01,Shegaon,bajri,2015,March,20,1183,1183,1183,Buldhana,Maharashtra,bajri,2015,Kharif Crops,1275.0,1,additive,1246.5,43.29299646909602,-92.0,-28.5
2016-03-01,Shegaon,bajri,2016,March,12,1270,1270,1270,Buldhana,Maharashtra,bajri,2016,Kharif Crops,1330.0,1,additive,1180.75,43.29299646909602,-60.0,-149.25
2015-05-01,Shegaon,bajri,2015,May,1,1000,1000,1000,Buldhana,Maharashtra,bajri,2015,Kharif Crops,1275.0,1,additive,1122.5,43.29299646909602,-275.0,-152.5
2014-11-01,Shegaon,bajri,2014,November,53,1220,1220,1220,Buldhana,Maharashtra,bajri,2014,Kharif Crops,1250.0,1,additive,1257.75,43.29299646909602,-30.0,7.75
2015-11-01,Shegaon,bajri,2015,November,79,1304,1605,1591,Buldhana,Maharashtra,bajri,2015,Kharif Crops,1275.0,1,additive,1400.5,43.29299646909602,316.0,125.5
2016-10-01,Shegaon,bajri,2016,October,6,1200,1200,1200,Buldhana,Maharashtra,bajri,2016,Kharif Crops,1330.0,1,additive,1329.0,43.29299646909602,-130.0,-1.0
2015-09-01,Shegaon,bajri,2015,September,3,1325,1325,1325,Buldhana,Maharashtra,bajri,2015,Kharif Crops,1275.0,1,additive,1366.75,43.29299646909602,50.0,91.75
2016-09-01,Shegaon,bajri,2016,September,9,1617,1617,1617,Buldhana,Maharashtra,bajri,2016,Kharif Crops,1330.0,1,additive,1437.25,43.29299646909602,287.0,107.25
2016-11-01,Shegaon,bajri,2016,November,6,1190,1190,1190,Buldhana,Maharashtra,bajri,2016,Kharif Crops,1330.0,1,additive,,43.29299646909602,-140.0,
