date,APMC,Commodity,Year,Month,arrivals_in_qtl,min_price,max_price,modal_price,district_name,state_name,commodity,year,Type,msprice,msp_filter,seasonality,deseasonal
2015-04-01,Solapur,bitter gourd,2015,April,143,1297,3107,1973,Solapur,Maharashtra,,,,,,not found,
2016-04-01,Solapur,bitter gourd,2016,April,86,3440,5428,4515,Solapur,Maharashtra,,,,,,not found,
2015-08-01,Solapur,bitter gourd,2015,August,308,824,2590,1534,Solapur,Maharashtra,,,,,,not found,
2016-08-01,Solapur,bitter gourd,2016,August,1039,581,1819,1198,Solapur,Maharashtra,,,,,,not found,
2014-12-01,Solapur,bitter gourd,2014,December,157,1536,3350,2367,Solapur,Maharashtra,,,,,,not found,
2015-12-01,Solapur,bitter gourd,2015,December,231,1600,3125,2341,Solapur,Maharashtra,,,,,,not found,
2015-02-01,Solapur,bitter gourd,2015,February,55,1546,3346,2382,Solapur,Maharashtra,,,,,,not found,
2016-02-01,Solapur,bitter gourd,2016,February,87,1921,3007,2423,Solapur,Maharashtra,,,,,,not found,
2015-01-01,Solapur,bitter gourd,2015,January,51,1892,3538,2725,Solapur,Maharashtra,,,,,,not found,
2016-01-01,Solapur,bitter gourd,2016,January,81,1547,3395,2484,Solapur,Maharashtra,,,,,,not found,
2015-07-01,Solapur,bitter gourd,2015,July,279,1158,3376,2076,Solapur,Maharashtra,,,,,,not found,
2016-07-01,Solapur,bitter gourd,2016,July,263,1825,4390,3228,Solapur,Maharashtra,,,,,,not found,
2015-06-01,Solapur,bitter gourd,2015,June,164,1769,4043,2741,Solapur,Maharashtra,,,,,,not found,
2016-06-01,Solapur,bitter gourd,2016,June,291,2769,6735,5100,Solapur,Maharashtra,,,,,,not found,
2015-03-01,Solapur,bitter gourd,2015,March,188,1363,2867,2023,Solapur,Maharashtra,,,,,,not found,
2016-03-01,Solapur,bitter gourd,2016,March,99,1663,3444,2554,Solapur,Maharashtra,,,,,,not found,
2015-05-01,Solapur,bitter gourd,2015,May,110,1131,3050,2060,Solapur,Maharashtra,,,,,,not found,
2016-05-01,Solapur,bitter gourd,2016,May,1349,3050,6432,5030,Solapur,Maharashtra,,,,,,not found,
2014-11-01,Solapur,bitter gourd,2014,November,162,1204,3474,2298,Solapur,Maharashtra,,,,,,not found,
2015-11-01,Solapur,bitter gourd,2015,November,89,1429,2802,1925,Solapur,Maharashtra,,,,,,not found,
2014-10-01,Solapur,bitter gourd,2014,October,201,906,2361,1514,Solapur,Maharashtra,,,,,,not found,
2015-10-01,Solapur,bitter gourd,2015,October,123,1222,3109,2019,Solapur,Maharashtra,,,,,,not found,
2016-10-01,Solapur,bitter gourd,2016,October,603,698,2367,1418,Solapur,Maharashtra,,,,,,not found,
2014-09-01,Solapur,bitter gourd,2014,September,302,930,2779,1875,Solapur,Maharashtra,,,,,,not found,
2015-09-01,Solapur,bitter gourd,2015,September,417,547,1933,1132,Solapur,Maharashtra,,,,,,not found,
2016-09-01,Solapur,bitter gourd,2016,September,706,426,1061,713,Solapur,Maharashtra,,,,,,not found,
2016-11-01,Solapur,bitter gourd,2016,November,586,513,1673,1087,Solapur,Maharashtra,,,,,,not found,
