date,APMC,Commodity,Year,Month,arrivals_in_qtl,min_price,max_price,modal_price,district_name,state_name,commodity,year,Type,msprice,msp_filter,seasonality,deseasonal,Peak seasonal price fluctuation %
2016-02-01,Jalgaon,beet root,2016,February,3,1500,1500,1500,Jalgaon,Maharashtra,,,,,,additive,,16.53543307086614
2014-10-01,Jalgaon,beet root,2014,October,4,1400,2000,1600,Jalgaon,Maharashtra,,,,,,additive,1525.0,16.53543307086614
2015-10-01,Jalgaon,beet root,2015,October,8,1200,1600,1400,Jalgaon,Maharashtra,,,,,,additive,1562.5,16.53543307086614
2014-09-01,Jalgaon,beet root,2014,September,12,1500,2250,1850,Jalgaon,Maharashtra,,,,,,additive,,16.53543307086614
