date,APMC,Commodity,Year,Month,arrivals_in_qtl,min_price,max_price,modal_price,district_name,state_name,commodity,year,Type,msprice,msp_filter,seasonality,deseasonal
2015-12-01,Risod,black gram,2015,December,102,6720,10540,8895,Wasim,Maharashtra,,,,,,not found,
2015-06-01,Risod,black gram,2015,June,45,6206,6417,6347,Wasim,Maharashtra,,,,,,not found,
2016-05-01,Risod,black gram,2016,May,30,7500,9100,8300,Wasim,Maharashtra,,,,,,not found,
2015-11-01,Risod,black gram,2015,November,88,9213,10303,9625,Wasim,Maharashtra,,,,,,not found,
2015-10-01,Risod,black gram,2015,October,900,10573,11847,11233,Wasim,Maharashtra,,,,,,not found,
2016-10-01,Risod,black gram,2016,October,3181,6396,7335,6846,Wasim,Maharashtra,,,,,,not found,
2015-09-01,Risod,black gram,2015,September,1070,9029,9909,9300,Wasim,Maharashtra,,,,,,not found,
2016-09-01,Risod,black gram,2016,September,2172,6491,7001,6745,Wasim,Maharashtra,,,,,,not found,
2016-11-01,Risod,black gram,2016,November,45,6283,6525,6375,Wasim,Maharashtra,,,,,,not found,
