date,APMC,Commodity,Year,Month,arrivals_in_qtl,min_price,max_price,modal_price,district_name,state_name,commodity,year,Type,msprice,msp_filter,seasonality,deseasonal
2015-10-01,Manora,black gram,2015,October,22,10000,11000,10500,Wasim,Maharashtra,,,,,,not found,
2016-10-01,Manora,black gram,2016,October,2182,5925,7255,6463,Wasim,Maharashtra,,,,,,not found,
2015-09-01,Manora,black gram,2015,September,109,8333,8817,8567,Wasim,Maharashtra,,,,,,not found,
2016-09-01,Manora,black gram,2016,September,3244,6585,7243,6850,Wasim,Maharashtra,,,,,,not found,
2016-11-01,Manora,black gram,2016,November,671,5186,6754,5886,Wasim,Maharashtra,,,,,,not found,
