date,APMC,Commodity,Year,Month,arrivals_in_qtl,min_price,max_price,modal_price,district_name,state_name,commodity,year,Type,msprice,msp_filter,seasonality,deseasonal
2015-08-01,Ausa,black gram,2015,August,8,7954,8101,8001,Latur,Maharashtra,,,,,,not found,
2016-08-01,Ausa,black gram,2016,August,114,6089,6542,6326,Latur,Maharashtra,,,,,,not found,
2014-12-01,Ausa,black gram,2014,December,47,5226,5501,5429,Latur,Maharashtra,,,,,,not found,
2015-01-01,Ausa,black gram,2015,January,1,4701,4701,4701,Latur,Maharashtra,,,,,,not found,
2015-07-01,Ausa,black gram,2015,July,1,4001,4001,4001,Latur,Maharashtra,,,,,,not found,
2015-06-01,Ausa,black gram,2015,June,8,6406,7451,7301,Latur,Maharashtra,,,,,,not found,
2014-11-01,Ausa,black gram,2014,November,30,5034,5212,5117,Latur,Maharashtra,,,,,,not found,
2014-10-01,Ausa,black gram,2014,October,264,4464,4803,4665,Latur,Maharashtra,,,,,,not found,
2016-10-01,Ausa,black gram,2016,October,199,3670,7071,6261,Latur,Maharashtra,,,,,,not found,
2014-09-01,Ausa,black gram,2014,September,140,5126,6006,5732,Latur,Maharashtra,,,,,,not found,
2015-09-01,Ausa,black gram,2015,September,47,8145,8610,8480,Latur,Maharashtra,,,,,,not found,
2016-09-01,Ausa,black gram,2016,September,1070,5782,7151,6828,Latur,Maharashtra,,,,,,not found,
2016-11-01,Ausa,black gram,2016,November,139,5087,6867,6282,Latur,Maharashtra,,,,,,not found,
