date,APMC,Commodity,Year,Month,arrivals_in_qtl,min_price,max_price,modal_price,district_name,state_name,commodity,year,Type,msprice,msp_filter,seasonality,deseasonal
2016-08-01,Pune-Moshi,bottle gourd,2016,August,165,840,1253,1038,Pune,Maharashtra,,,,,,not found,
2016-07-01,Pune-Moshi,bottle gourd,2016,July,201,1202,2002,1603,Pune,Maharashtra,,,,,,not found,
2016-06-01,Pune-Moshi,bottle gourd,2016,June,258,920,1890,1403,Pune,Maharashtra,,,,,,not found,
2016-05-01,Pune-Moshi,bottle gourd,2016,May,71,843,1486,1136,Pune,Maharashtra,,,,,,not found,
2016-10-01,Pune-Moshi,bottle gourd,2016,October,125,930,1277,1103,Pune,Maharashtra,,,,,,not found,
2016-09-01,Pune-Moshi,bottle gourd,2016,September,84,716,1016,866,Pune,Maharashtra,,,,,,not found,
2016-11-01,Pune-Moshi,bottle gourd,2016,November,153,730,1137,937,Pune,Maharashtra,,,,,,not found,
