date,APMC,Commodity,Year,Month,arrivals_in_qtl,min_price,max_price,modal_price,district_name,state_name,commodity,year,Type,msprice,msp_filter,seasonality,deseasonal,Peak seasonal price fluctuation %
2016-04-01,Khed-Chakan,bottle gourd,2016,April,831,944,1248,1092,Pune,Maharashtra,,,,,,additive,,50.71975755534978
2016-08-01,Khed-Chakan,bottle gourd,2016,August,998,726,1161,946,Pune,Maharashtra,,,,,,additive,981.25,50.71975755534978
2015-12-01,Khed-Chakan,bottle gourd,2015,December,401,795,1063,941,Pune,Maharashtra,,,,,,additive,861.75,50.71975755534978
2016-02-01,Khed-Chakan,bottle gourd,2016,February,550,479,779,619,Pune,Maharashtra,,,,,,additive,774.0,50.71975755534978
2016-01-01,Khed-Chakan,bottle gourd,2016,January,575,737,1085,917,Pune,Maharashtra,,,,,,additive,838.25,50.71975755534978
2016-07-01,Khed-Chakan,bottle gourd,2016,July,1270,662,1123,900,Pune,Maharashtra,,,,,,additive,1052.25,50.71975755534978
2016-06-01,Khed-Chakan,bottle gourd,2016,June,1095,1177,1777,1492,Pune,Maharashtra,,,,,,additive,1250.75,50.71975755534978
2016-03-01,Khed-Chakan,bottle gourd,2016,March,910,959,1267,1119,Pune,Maharashtra,,,,,,additive,1150.0,50.71975755534978
2016-05-01,Khed-Chakan,bottle gourd,2016,May,870,680,1056,870,Pune,Maharashtra,,,,,,additive,1052.75,50.71975755534978
2016-10-01,Khed-Chakan,bottle gourd,2016,October,977,1013,1683,1352,Pune,Maharashtra,,,,,,additive,1090.0,50.71975755534978
2016-09-01,Khed-Chakan,bottle gourd,2016,September,1036,600,977,786,Pune,Maharashtra,,,,,,additive,942.25,50.71975755534978
2016-11-01,Khed-Chakan,bottle gourd,2016,November,878,608,1076,845,Pune,Maharashtra,,,,,,additive,,50.71975755534978
