date,APMC,Commodity,Year,Month,arrivals_in_qtl,min_price,max_price,modal_price,district_name,state_name,commodity,year,Type,msprice,msp_filter,seasonality,deseasonal,Peak seasonal price fluctuation %
2015-12-01,Kurdwadi-Modnimb,bor,2015,December,36132,670,1715,1298,Solapur,Maharashtra,,,,,,additive,,43.35375765912217
2015-01-01,Kurdwadi-Modnimb,bor,2015,January,35776,600,1040,755,Solapur,Maharashtra,,,,,,additive,1014.5,43.35375765912217
2016-01-01,Kurdwadi-Modnimb,bor,2016,January,1725,500,1600,1250,Solapur,Maharashtra,,,,,,additive,1144.0,43.35375765912217
2015-11-01,Kurdwadi-Modnimb,bor,2015,November,32168,941,1824,1321,Solapur,Maharashtra,,,,,,additive,1381.25,43.35375765912217
2015-10-01,Kurdwadi-Modnimb,bor,2015,October,2164,933,2167,1633,Solapur,Maharashtra,,,,,,additive,1581.75,43.35375765912217
2016-11-01,Kurdwadi-Modnimb,bor,2016,November,6330,1460,2340,1740,Solapur,Maharashtra,,,,,,additive,,43.35375765912217
