date,APMC,Commodity,Year,Month,arrivals_in_qtl,min_price,max_price,modal_price,district_name,state_name,commodity,year,Type,msprice,msp_filter,seasonality,deseasonal,Peak seasonal price fluctuation %
2015-08-01,Jalgaon,apple,2015,August,120,5000,7500,6250,Jalgaon,Maharashtra,,,,,,additive,,44.20799260357388
2016-08-01,Jalgaon,apple,2016,August,495,5286,9000,7000,Jalgaon,Maharashtra,,,,,,additive,5937.5,44.20799260357388
2016-07-01,Jalgaon,apple,2016,July,3,3000,4500,3500,Jalgaon,Maharashtra,,,,,,additive,5187.5,44.20799260357388
2014-11-01,Jalgaon,apple,2014,November,100,5500,7750,6750,Jalgaon,Maharashtra,,,,,,additive,5875.0,44.20799260357388
2014-10-01,Jalgaon,apple,2014,October,70,5500,7500,6500,Jalgaon,Maharashtra,,,,,,additive,6437.5,44.20799260357388
2015-10-01,Jalgaon,apple,2015,October,140,4750,7000,6000,Jalgaon,Maharashtra,,,,,,additive,6250.0,44.20799260357388
2016-10-01,Jalgaon,apple,2016,October,260,4300,8900,6500,Jalgaon,Maharashtra,,,,,,additive,6458.25,44.20799260357388
2014-09-01,Jalgaon,apple,2014,September,150,5667,7833,6833,Jalgaon,Maharashtra,,,,,,additive,6666.5,44.20799260357388
2015-09-01,Jalgaon,apple,2015,September,65,5000,7000,6500,Jalgaon,Maharashtra,,,,,,additive,6683.25,44.20799260357388
2016-09-01,Jalgaon,apple,2016,September,300,5000,8500,6900,Jalgaon,Maharashtra,,,,,,additive,,44.20799260357388
