date,APMC,Commodity,Year,Month,arrivals_in_qtl,min_price,max_price,modal_price,district_name,state_name,commodity,year,Type,msprice,msp_filter,seasonality,deseasonal,Peak seasonal price fluctuation %
2015-04-01,Nashik,bottle gourd,2015,April,1329,335,1134,533,Nasik,Maharashtra,,,,,,additive,,73.69036027263876
2016-04-01,Nashik,bottle gourd,2016,April,13943,952,1622,1282,Nasik,Maharashtra,,,,,,additive,1094.75,73.69036027263876
2016-08-01,Nashik,bottle gourd,2016,August,14032,810,1715,1282,Nasik,Maharashtra,,,,,,additive,1236.5,73.69036027263876
2014-12-01,Nashik,bottle gourd,2014,December,6,800,1500,1100,Nasik,Maharashtra,,,,,,additive,1167.0,73.69036027263876
2015-12-01,Nashik,bottle gourd,2015,December,16373,798,1611,1186,Nasik,Maharashtra,,,,,,additive,1101.75,73.69036027263876
2015-02-01,Nashik,bottle gourd,2015,February,327,665,2067,935,Nasik,Maharashtra,,,,,,additive,997.75,73.69036027263876
2016-02-01,Nashik,bottle gourd,2016,February,6379,540,1312,935,Nasik,Maharashtra,,,,,,additive,912.25,73.69036027263876
2016-01-01,Nashik,bottle gourd,2016,January,11324,557,1117,844,Nasik,Maharashtra,,,,,,additive,1131.75,73.69036027263876
2016-07-01,Nashik,bottle gourd,2016,July,7541,1288,2488,1904,Nasik,Maharashtra,,,,,,additive,1589.75,73.69036027263876
2016-06-01,Nashik,bottle gourd,2016,June,13204,1210,2204,1707,Nasik,Maharashtra,,,,,,additive,1675.25,73.69036027263876
2016-03-01,Nashik,bottle gourd,2016,March,5055,817,1920,1383,Nasik,Maharashtra,,,,,,additive,1411.25,73.69036027263876
2016-05-01,Nashik,bottle gourd,2016,May,15189,799,2288,1172,Nasik,Maharashtra,,,,,,additive,1326.25,73.69036027263876
2014-11-01,Nashik,bottle gourd,2014,November,2310,905,2061,1578,Nasik,Maharashtra,,,,,,additive,1286.0,73.69036027263876
2015-11-01,Nashik,bottle gourd,2015,November,7510,533,1060,816,Nasik,Maharashtra,,,,,,additive,1064.25,73.69036027263876
2016-10-01,Nashik,bottle gourd,2016,October,20564,725,1676,1047,Nasik,Maharashtra,,,,,,additive,1223.0,73.69036027263876
2014-09-01,Nashik,bottle gourd,2014,September,173,991,2118,1982,Nasik,Maharashtra,,,,,,additive,1382.0,73.69036027263876
2016-09-01,Nashik,bottle gourd,2016,September,19315,371,702,517,Nasik,Maharashtra,,,,,,additive,838.25,73.69036027263876
2016-11-01,Nashik,bottle gourd,2016,November,18453,224,475,337,Nasik,Maharashtra,,,,,,additive,,73.69036027263876
