date,APMC,Commodity,Year,Month,arrivals_in_qtl,min_price,max_price,modal_price,district_name,state_name,commodity,year,Type,msprice,msp_filter,seasonality,deseasonal,Raw vs MSP diff,Desasonal vs MSP diff
2016-04-01,Dharangaon,bajri,2016,April,90,1681,1718,1711,Jalgaon,Maharashtra,bajri,2016,Kharif Crops,1330.0,1,not found,,381.0,
2016-08-01,Dharangaon,bajri,2016,August,17,1702,1737,1719,Jalgaon,Maharashtra,bajri,2016,Kharif Crops,1330.0,1,not found,,389.0,
2016-07-01,Dharangaon,bajri,2016,July,26,1605,1623,1613,Jalgaon,Maharashtra,bajri,2016,Kharif Crops,1330.0,1,not found,,283.0,
2016-06-01,Dharangaon,bajri,2016,June,51,1490,1721,1672,Jalgaon,Maharashtra,bajri,2016,Kharif Crops,1330.0,1,not found,,342.0,
2016-05-01,Dharangaon,bajri,2016,May,111,1586,1621,1598,Jalgaon,Maharashtra,bajri,2016,Kharif Crops,1330.0,1,not found,,268.0,
2016-10-01,Dharangaon,bajri,2016,October,30,1405,1595,1515,Jalgaon,Maharashtra,bajri,2016,Kharif Crops,1330.0,1,not found,,185.0,
2016-09-01,Dharangaon,bajri,2016,September,17,1634,1661,1649,Jalgaon,Maharashtra,bajri,2016,Kharif Crops,1330.0,1,not found,,319.0,
