date,APMC,Commodity,Year,Month,arrivals_in_qtl,min_price,max_price,modal_price,district_name,state_name,commodity,year,Type,msprice,msp_filter,seasonality,deseasonal
2016-02-01,Deglur,black gram,2016,February,3,8100,8700,8350,Nanded,Maharashtra,,,,,,not found,
2016-01-01,Deglur,black gram,2016,January,3,9133,9700,9417,Nanded,Maharashtra,,,,,,not found,
2014-11-01,Deglur,black gram,2014,November,767,5219,5596,5488,Nanded,Maharashtra,,,,,,not found,
2014-10-01,Deglur,black gram,2014,October,1394,4952,5426,5168,Nanded,Maharashtra,,,,,,not found,
2015-10-01,Deglur,black gram,2015,October,786,9563,12305,11379,Nanded,Maharashtra,,,,,,not found,
2016-10-01,Deglur,black gram,2016,October,1590,2771,7414,6750,Nanded,Maharashtra,,,,,,not found,
2014-09-01,Deglur,black gram,2014,September,520,5184,5789,5471,Nanded,Maharashtra,,,,,,not found,
2015-09-01,Deglur,black gram,2015,September,2427,8594,9315,9051,Nanded,Maharashtra,,,,,,not found,
2016-09-01,Deglur,black gram,2016,September,104,6700,7175,6850,Nanded,Maharashtra,,,,,,not found,
