date,APMC,Commodity,Year,Month,arrivals_in_qtl,min_price,max_price,modal_price,district_name,state_name,commodity,year,Type,msprice,msp_filter,seasonality,deseasonal
2015-04-01,Pune-Pimpri,bitter gourd,2015,April,77,2950,3269,3109,Pune,Maharashtra,,,,,,not found,
2016-04-01,Pune-Pimpri,bitter gourd,2016,April,8,4600,4800,4732,Pune,Maharashtra,,,,,,not found,
2015-08-01,Pune-Pimpri,bitter gourd,2015,August,54,2507,3329,3054,Pune,Maharashtra,,,,,,not found,
2016-08-01,Pune-Pimpri,bitter gourd,2016,August,81,3155,3965,3680,Pune,Maharashtra,,,,,,not found,
2014-12-01,Pune-Pimpri,bitter gourd,2014,December,24,3450,3683,3567,Pune,Maharashtra,,,,,,not found,
2015-12-01,Pune-Pimpri,bitter gourd,2015,December,17,3417,3917,3748,Pune,Maharashtra,,,,,,not found,
2015-02-01,Pune-Pimpri,bitter gourd,2015,February,1,4500,4500,4500,Pune,Maharashtra,,,,,,not found,
2016-02-01,Pune-Pimpri,bitter gourd,2016,February,54,3000,4000,3660,Pune,Maharashtra,,,,,,not found,
2015-01-01,Pune-Pimpri,bitter gourd,2015,January,5,3640,3900,3770,Pune,Maharashtra,,,,,,not found,
2016-01-01,Pune-Pimpri,bitter gourd,2016,January,21,3700,4700,4284,Pune,Maharashtra,,,,,,not found,
2015-07-01,Pune-Pimpri,bitter gourd,2015,July,62,3000,3883,3586,Pune,Maharashtra,,,,,,not found,
2016-07-01,Pune-Pimpri,bitter gourd,2016,July,75,5156,6000,5656,Pune,Maharashtra,,,,,,not found,
2015-06-01,Pune-Pimpri,bitter gourd,2015,June,96,2874,3735,3304,Pune,Maharashtra,,,,,,not found,
2016-06-01,Pune-Pimpri,bitter gourd,2016,June,124,4683,5600,5298,Pune,Maharashtra,,,,,,not found,
2015-03-01,Pune-Pimpri,bitter gourd,2015,March,2,2000,2000,2000,Pune,Maharashtra,,,,,,not found,
2016-03-01,Pune-Pimpri,bitter gourd,2016,March,31,3000,4000,3660,Pune,Maharashtra,,,,,,not found,
2015-05-01,Pune-Pimpri,bitter gourd,2015,May,100,2470,3060,2773,Pune,Maharashtra,,,,,,not found,
2016-05-01,Pune-Pimpri,bitter gourd,2016,May,289,3980,4567,4372,Pune,Maharashtra,,,,,,not found,
2014-11-01,Pune-Pimpri,bitter gourd,2014,November,44,3083,3375,3313,Pune,Maharashtra,,,,,,not found,
2015-11-01,Pune-Pimpri,bitter gourd,2015,November,10,2775,2925,2870,Pune,Maharashtra,,,,,,not found,
2014-10-01,Pune-Pimpri,bitter gourd,2014,October,59,2357,2607,2482,Pune,Maharashtra,,,,,,not found,
2015-10-01,Pune-Pimpri,bitter gourd,2015,October,53,2780,3375,3171,Pune,Maharashtra,,,,,,not found,
2016-10-01,Pune-Pimpri,bitter gourd,2016,October,23,2207,2487,2391,Pune,Maharashtra,,,,,,not found,
2014-09-01,Pune-Pimpri,bitter gourd,2014,September,74,3204,3670,3437,Pune,Maharashtra,,,,,,not found,
2015-09-01,Pune-Pimpri,bitter gourd,2015,September,36,2018,2482,2340,Pune,Maharashtra,,,,,,not found,
2016-09-01,Pune-Pimpri,bitter gourd,2016,September,32,1400,1643,1561,Pune,Maharashtra,,,,,,not found,
2016-11-01,Pune-Pimpri,bitter gourd,2016,November,25,2164,2455,2357,Pune,Maharashtra,,,,,,not found,
