date,APMC,Commodity,Year,Month,arrivals_in_qtl,min_price,max_price,modal_price,district_name,state_name,commodity,year,Type,msprice,msp_filter,seasonality,deseasonal
2016-08-01,Mumbai,beet root,2016,August,160,800,1000,900,Mumbai,Maharashtra,,,,,,not found,
2015-02-01,Mumbai,beet root,2015,February,90,700,900,800,Mumbai,Maharashtra,,,,,,not found,
2015-11-01,Mumbai,beet root,2015,November,80,950,1300,1150,Mumbai,Maharashtra,,,,,,not found,
2015-10-01,Mumbai,beet root,2015,October,370,900,1300,1100,Mumbai,Maharashtra,,,,,,not found,
2016-10-01,Mumbai,beet root,2016,October,320,700,1000,850,Mumbai,Maharashtra,,,,,,not found,
2016-09-01,Mumbai,beet root,2016,September,40,800,1000,900,Mumbai,Maharashtra,,,,,,not found,
2016-11-01,Mumbai,beet root,2016,November,80,400,600,500,Mumbai,Maharashtra,,,,,,not found,
