date,APMC,Commodity,Year,Month,arrivals_in_qtl,min_price,max_price,modal_price,district_name,state_name,commodity,year,Type,msprice,msp_filter,seasonality,deseasonal,Peak seasonal price fluctuation %
2015-12-01,Achalpur,black gram,2015,December,1,8000,8500,8500,Amaravathi,Maharashtra,,,,,,additive,,56.5142205861161
2015-02-01,Achalpur,black gram,2015,February,1,4350,4350,4350,Amaravathi,Maharashtra,,,,,,additive,6200.0,56.5142205861161
2016-01-01,Achalpur,black gram,2016,January,53,7200,8000,7600,Amaravathi,Maharashtra,,,,,,additive,7376.5,56.5142205861161
2016-06-01,Achalpur,black gram,2016,June,8,9956,9956,9956,Amaravathi,Maharashtra,,,,,,additive,8683.5,56.5142205861161
2016-05-01,Achalpur,black gram,2016,May,4,7222,7222,7222,Amaravathi,Maharashtra,,,,,,additive,7241.75,56.5142205861161
2014-11-01,Achalpur,black gram,2014,November,6,4467,4667,4567,Amaravathi,Maharashtra,,,,,,additive,5189.0,56.5142205861161
2014-10-01,Achalpur,black gram,2014,October,6,4400,4400,4400,Amaravathi,Maharashtra,,,,,,additive,4829.25,56.5142205861161
2016-10-01,Achalpur,black gram,2016,October,645,5325,6575,5950,Amaravathi,Maharashtra,,,,,,additive,5162.5,56.5142205861161
2014-09-01,Achalpur,black gram,2014,September,4,4350,4350,4350,Amaravathi,Maharashtra,,,,,,additive,5562.5,56.5142205861161
2015-09-01,Achalpur,black gram,2015,September,1,7600,7600,7600,Amaravathi,Maharashtra,,,,,,additive,6513.75,56.5142205861161
2016-09-01,Achalpur,black gram,2016,September,300,5933,7077,6505,Amaravathi,Maharashtra,,,,,,additive,6485.75,56.5142205861161
2016-11-01,Achalpur,black gram,2016,November,182,5000,5667,5333,Amaravathi,Maharashtra,,,,,,additive,,56.5142205861161
