date,APMC,Commodity,Year,Month,arrivals_in_qtl,min_price,max_price,modal_price,district_name,state_name,commodity,year,Type,msprice,msp_filter,seasonality,deseasonal,Raw vs MSP diff,Desasonal vs MSP diff
2015-04-01,Taloda,bajri,2015,April,678,1194,1249,1224,Nandurbar,Maharashtra,bajri,2015,Kharif Crops,1275.0,1,not found,,-51.0,
2016-04-01,Taloda,bajri,2016,April,306,1710,1860,1796,Nandurbar,Maharashtra,bajri,2016,Kharif Crops,1330.0,1,not found,,466.0,
2014-12-01,Taloda,bajri,2014,December,60,1340,1448,1387,Nandurbar,Maharashtra,bajri,2014,Kharif Crops,1250.0,1,not found,,137.0,
2015-12-01,Taloda,bajri,2015,December,27,1513,1513,1513,Nandurbar,Maharashtra,bajri,2015,Kharif Crops,1275.0,1,not found,,238.0,
2016-02-01,Taloda,bajri,2016,February,22,1500,1600,1551,Nandurbar,Maharashtra,bajri,2016,Kharif Crops,1330.0,1,not found,,221.0,
2015-01-01,Taloda,bajri,2015,January,14,1310,1420,1370,Nandurbar,Maharashtra,bajri,2015,Kharif Crops,1275.0,1,not found,,95.0,
2016-01-01,Taloda,bajri,2016,January,20,1500,1500,1500,Nandurbar,Maharashtra,bajri,2016,Kharif Crops,1330.0,1,not found,,170.0,
2015-06-01,Taloda,bajri,2015,June,278,1215,1269,1245,Nandurbar,Maharashtra,bajri,2015,Kharif Crops,1275.0,1,not found,,-30.0,
2016-06-01,Taloda,bajri,2016,June,47,1500,1725,1638,Nandurbar,Maharashtra,bajri,2016,Kharif Crops,1330.0,1,not found,,308.0,
2015-03-01,Taloda,bajri,2015,March,51,1476,1585,1532,Nandurbar,Maharashtra,bajri,2015,Kharif Crops,1275.0,1,not found,,257.0,
2015-05-01,Taloda,bajri,2015,May,2207,1082,1171,1137,Nandurbar,Maharashtra,bajri,2015,Kharif Crops,1275.0,1,not found,,-138.0,
2016-05-01,Taloda,bajri,2016,May,570,1679,1804,1746,Nandurbar,Maharashtra,bajri,2016,Kharif Crops,1330.0,1,not found,,416.0,
2014-11-01,Taloda,bajri,2014,November,10,1175,1298,1225,Nandurbar,Maharashtra,bajri,2014,Kharif Crops,1250.0,1,not found,,-25.0,
2015-11-01,Taloda,bajri,2015,November,55,1545,1545,1545,Nandurbar,Maharashtra,bajri,2015,Kharif Crops,1275.0,1,not found,,270.0,
2015-10-01,Taloda,bajri,2015,October,13,1530,1530,1530,Nandurbar,Maharashtra,bajri,2015,Kharif Crops,1275.0,1,not found,,255.0,
