date,APMC,Commodity,Year,Month,arrivals_in_qtl,min_price,max_price,modal_price,district_name,state_name,commodity,year,Type,msprice,msp_filter,seasonality,deseasonal
2015-04-01,Satara,bitter gourd,2015,April,112,2600,3125,2863,Satara,Maharashtra,,,,,,not found,
2016-04-01,Satara,bitter gourd,2016,April,104,4348,5022,4685,Satara,Maharashtra,,,,,,not found,
2015-08-01,Satara,bitter gourd,2015,August,250,2023,2650,2337,Satara,Maharashtra,,,,,,not found,
2016-08-01,Satara,bitter gourd,2016,August,277,2615,3346,2981,Satara,Maharashtra,,,,,,not found,
2014-12-01,Satara,bitter gourd,2014,December,46,3020,3556,3408,Satara,Maharashtra,,,,,,not found,
2015-12-01,Satara,bitter gourd,2015,December,64,3058,3654,3356,Satara,Maharashtra,,,,,,not found,
2015-02-01,Satara,bitter gourd,2015,February,32,3316,3921,3618,Satara,Maharashtra,,,,,,not found,
2016-02-01,Satara,bitter gourd,2016,February,14,3821,4321,4071,Satara,Maharashtra,,,,,,not found,
2015-01-01,Satara,bitter gourd,2015,January,26,3656,4344,4000,Satara,Maharashtra,,,,,,not found,
2016-01-01,Satara,bitter gourd,2016,January,51,3429,4071,3750,Satara,Maharashtra,,,,,,not found,
2015-07-01,Satara,bitter gourd,2015,July,129,3065,3739,3402,Satara,Maharashtra,,,,,,not found,
2016-07-01,Satara,bitter gourd,2016,July,67,4944,6028,5486,Satara,Maharashtra,,,,,,not found,
2015-06-01,Satara,bitter gourd,2015,June,84,3409,3905,3661,Satara,Maharashtra,,,,,,not found,
2016-06-01,Satara,bitter gourd,2016,June,61,5375,6271,5825,Satara,Maharashtra,,,,,,not found,
2015-03-01,Satara,bitter gourd,2015,March,64,3476,4048,3762,Satara,Maharashtra,,,,,,not found,
2016-03-01,Satara,bitter gourd,2016,March,41,4289,4963,4613,Satara,Maharashtra,,,,,,not found,
2015-05-01,Satara,bitter gourd,2015,May,87,2674,3209,2941,Satara,Maharashtra,,,,,,not found,
2016-05-01,Satara,bitter gourd,2016,May,75,4635,5500,5067,Satara,Maharashtra,,,,,,not found,
2014-11-01,Satara,bitter gourd,2014,November,102,2800,3316,3064,Satara,Maharashtra,,,,,,not found,
2015-11-01,Satara,bitter gourd,2015,November,89,1974,2421,2203,Satara,Maharashtra,,,,,,not found,
2014-10-01,Satara,bitter gourd,2014,October,99,1977,2591,2284,Satara,Maharashtra,,,,,,not found,
2015-10-01,Satara,bitter gourd,2015,October,165,1745,2110,1927,Satara,Maharashtra,,,,,,not found,
2016-10-01,Satara,bitter gourd,2016,October,378,1392,1846,1615,Satara,Maharashtra,,,,,,not found,
2014-09-01,Satara,bitter gourd,2014,September,87,2875,3750,3310,Satara,Maharashtra,,,,,,not found,
2015-09-01,Satara,bitter gourd,2015,September,284,1054,1408,1231,Satara,Maharashtra,,,,,,not found,
2016-09-01,Satara,bitter gourd,2016,September,386,1068,1514,1291,Satara,Maharashtra,,,,,,not found,
2016-11-01,Satara,bitter gourd,2016,November,295,1045,1491,1268,Satara,Maharashtra,,,,,,not found,
