date,APMC,Commodity,Year,Month,arrivals_in_qtl,min_price,max_price,modal_price,district_name,state_name,commodity,year,Type,msprice,msp_filter,seasonality,deseasonal,Raw vs MSP diff,Desasonal vs MSP diff
2015-04-01,Sinner,bajri,2015,April,841,1029,1400,1218,Nasik,Maharashtra,bajri,2015,Kharif Crops,1275.0,1,not found,,-57.0,
2016-04-01,Sinner,bajri,2016,April,787,1535,1977,1819,Nasik,Maharashtra,bajri,2016,Kharif Crops,1330.0,1,not found,,489.0,
2015-08-01,Sinner,bajri,2015,August,288,1328,1546,1441,Nasik,Maharashtra,bajri,2015,Kharif Crops,1275.0,1,not found,,166.0,
2016-08-01,Sinner,bajri,2016,August,408,1605,1937,1781,Nasik,Maharashtra,bajri,2016,Kharif Crops,1330.0,1,not found,,451.0,
2014-12-01,Sinner,bajri,2014,December,836,1052,1496,1239,Nasik,Maharashtra,bajri,2014,Kharif Crops,1250.0,1,not found,,-11.0,
2015-12-01,Sinner,bajri,2015,December,1352,1338,1674,1556,Nasik,Maharashtra,bajri,2015,Kharif Crops,1275.0,1,not found,,281.0,
2015-02-01,Sinner,bajri,2015,February,1054,1133,1480,1313,Nasik,Maharashtra,bajri,2015,Kharif Crops,1275.0,1,not found,,38.0,
2016-02-01,Sinner,bajri,2016,February,573,1434,1808,1580,Nasik,Maharashtra,bajri,2016,Kharif Crops,1330.0,1,not found,,250.0,
2015-01-01,Sinner,bajri,2015,January,1143,1159,1558,1353,Nasik,Maharashtra,bajri,2015,Kharif Crops,1275.0,1,not found,,78.0,
2016-01-01,Sinner,bajri,2016,January,796,1399,1698,1551,Nasik,Maharashtra,bajri,2016,Kharif Crops,1330.0,1,not found,,221.0,
2015-07-01,Sinner,bajri,2015,July,408,1242,1421,1339,Nasik,Maharashtra,bajri,2015,Kharif Crops,1275.0,1,not found,,64.0,
2016-07-01,Sinner,bajri,2016,July,155,1581,2002,1866,Nasik,Maharashtra,bajri,2016,Kharif Crops,1330.0,1,not found,,536.0,
2015-06-01,Sinner,bajri,2015,June,146,1000,1375,1275,Nasik,Maharashtra,bajri,2015,Kharif Crops,1275.0,1,not found,,0.0,
2016-06-01,Sinner,bajri,2016,June,309,1597,1942,1795,Nasik,Maharashtra,bajri,2016,Kharif Crops,1330.0,1,not found,,465.0,
2015-03-01,Sinner,bajri,2015,March,606,1091,1399,1254,Nasik,Maharashtra,bajri,2015,Kharif Crops,1275.0,1,not found,,-21.0,
2016-03-01,Sinner,bajri,2016,March,421,1479,1764,1611,Nasik,Maharashtra,bajri,2016,Kharif Crops,1330.0,1,not found,,281.0,
2015-05-01,Sinner,bajri,2015,May,332,1100,1315,1221,Nasik,Maharashtra,bajri,2015,Kharif Crops,1275.0,1,not found,,-54.0,
2016-05-01,Sinner,bajri,2016,May,841,1485,1987,1779,Nasik,Maharashtra,bajri,2016,Kharif Crops,1330.0,1,not found,,449.0,
2014-11-01,Sinner,bajri,2014,November,1427,1152,1539,1331,Nasik,Maharashtra,bajri,2014,Kharif Crops,1250.0,1,not found,,81.0,
2015-11-01,Sinner,bajri,2015,November,874,1300,1618,1490,Nasik,Maharashtra,bajri,2015,Kharif Crops,1275.0,1,not found,,215.0,
2014-10-01,Sinner,bajri,2014,October,699,1026,1439,1252,Nasik,Maharashtra,bajri,2014,Kharif Crops,1250.0,1,not found,,2.0,
2015-10-01,Sinner,bajri,2015,October,1164,1187,1450,1328,Nasik,Maharashtra,bajri,2015,Kharif Crops,1275.0,1,not found,,53.0,
2016-10-01,Sinner,bajri,2016,October,1052,1209,1719,1427,Nasik,Maharashtra,bajri,2016,Kharif Crops,1330.0,1,not found,,97.0,
2014-09-01,Sinner,bajri,2014,September,889,1137,1493,1346,Nasik,Maharashtra,bajri,2014,Kharif Crops,1250.0,1,not found,,96.0,
2015-09-01,Sinner,bajri,2015,September,542,1308,1543,1462,Nasik,Maharashtra,bajri,2015,Kharif Crops,1275.0,1,not found,,187.0,
2016-09-01,Sinner,bajri,2016,September,543,1401,1870,1689,Nasik,Maharashtra,bajri,2016,Kharif Crops,1330.0,1,not found,,359.0,
2016-11-01,Sinner,bajri,2016,November,274,1409,1772,1640,Nasik,Maharashtra,bajri,2016,Kharif Crops,1330.0,1,not found,,310.0,
