date,APMC,Commodity,Year,Month,arrivals_in_qtl,min_price,max_price,modal_price,district_name,state_name,commodity,year,Type,msprice,msp_filter,seasonality,deseasonal,Peak seasonal price fluctuation %
2015-04-01,Murbad,bottle gourd,2015,April,3,4200,4500,4300,Thane,Maharashtra,,,,,,additive,,103.40751043115436
2016-04-01,Murbad,bottle gourd,2016,April,59,3000,3500,3300,Thane,Maharashtra,,,,,,additive,3320.75,103.40751043115436
2015-08-01,Murbad,bottle gourd,2015,August,242,2600,2783,2383,Thane,Maharashtra,,,,,,additive,2654.0,103.40751043115436
2016-08-01,Murbad,bottle gourd,2016,August,39,2350,2800,2550,Thane,Maharashtra,,,,,,additive,2192.25,103.40751043115436
2014-12-01,Murbad,bottle gourd,2014,December,21,1443,1614,1286,Thane,Maharashtra,,,,,,additive,2190.5,103.40751043115436
2015-12-01,Murbad,bottle gourd,2015,December,238,3780,4000,3640,Thane,Maharashtra,,,,,,additive,2472.75,103.40751043115436
2015-02-01,Murbad,bottle gourd,2015,February,12,1500,1600,1325,Thane,Maharashtra,,,,,,additive,2522.5,103.40751043115436
2016-02-01,Murbad,bottle gourd,2016,February,58,3500,4200,3800,Thane,Maharashtra,,,,,,additive,2692.5,103.40751043115436
2015-01-01,Murbad,bottle gourd,2015,January,33,2000,2177,1845,Thane,Maharashtra,,,,,,additive,2567.5,103.40751043115436
2016-01-01,Murbad,bottle gourd,2016,January,178,2560,3020,2780,Thane,Maharashtra,,,,,,additive,2398.5,103.40751043115436
2015-07-01,Murbad,bottle gourd,2015,July,4586,2411,2622,2189,Thane,Maharashtra,,,,,,additive,2914.5,103.40751043115436
2016-07-01,Murbad,bottle gourd,2016,July,19,4000,5000,4500,Thane,Maharashtra,,,,,,additive,3272.75,103.40751043115436
2015-06-01,Murbad,bottle gourd,2015,June,421,2192,2252,1902,Thane,Maharashtra,,,,,,additive,2901.0,103.40751043115436
2016-06-01,Murbad,bottle gourd,2016,June,124,2780,3620,3300,Thane,Maharashtra,,,,,,additive,2425.5,103.40751043115436
2015-03-01,Murbad,bottle gourd,2015,March,6,1300,1400,1200,Thane,Maharashtra,,,,,,additive,1900.0,103.40751043115436
2015-05-01,Murbad,bottle gourd,2015,May,30,2060,2230,1900,Thane,Maharashtra,,,,,,additive,1925.0,103.40751043115436
2016-05-01,Murbad,bottle gourd,2016,May,22,2500,3000,2700,Thane,Maharashtra,,,,,,additive,2069.75,103.40751043115436
2014-11-01,Murbad,bottle gourd,2014,November,381,1157,1307,979,Thane,Maharashtra,,,,,,additive,1589.5,103.40751043115436
2015-11-01,Murbad,bottle gourd,2015,November,26,1800,1900,1700,Thane,Maharashtra,,,,,,additive,1269.75,103.40751043115436
2014-10-01,Murbad,bottle gourd,2014,October,37,800,1000,700,Thane,Maharashtra,,,,,,additive,1340.0,103.40751043115436
2015-10-01,Murbad,bottle gourd,2015,October,402,2475,2650,2260,Thane,Maharashtra,,,,,,additive,1580.0,103.40751043115436
2016-10-01,Murbad,bottle gourd,2016,October,44,925,1275,1100,Thane,Maharashtra,,,,,,additive,1415.0,103.40751043115436
2014-09-01,Murbad,bottle gourd,2014,September,67,1400,1633,1200,Thane,Maharashtra,,,,,,additive,1291.75,103.40751043115436
2015-09-01,Murbad,bottle gourd,2015,September,116,1867,1967,1667,Thane,Maharashtra,,,,,,additive,1458.5,103.40751043115436
2016-09-01,Murbad,bottle gourd,2016,September,69,1050,1500,1300,Thane,Maharashtra,,,,,,additive,1495.25,103.40751043115436
2016-11-01,Murbad,bottle gourd,2016,November,189,1514,1871,1714,Thane,Maharashtra,,,,,,additive,,103.40751043115436
