date,APMC,Commodity,Year,Month,arrivals_in_qtl,min_price,max_price,modal_price,district_name,state_name,commodity,year,Type,msprice,msp_filter,seasonality,deseasonal
2016-04-01,Kolhapur,banana,2016,April,390,542,600,571,Kolhapur,Maharashtra,,,,,,not found,
2015-08-01,Kolhapur,banana,2015,August,660,719,787,753,Kolhapur,Maharashtra,,,,,,not found,
2016-08-01,Kolhapur,banana,2016,August,345,1210,1286,1247,Kolhapur,Maharashtra,,,,,,not found,
2015-12-01,Kolhapur,banana,2015,December,490,456,508,482,Kolhapur,Maharashtra,,,,,,not found,
2016-02-01,Kolhapur,banana,2016,February,440,338,390,365,Kolhapur,Maharashtra,,,,,,not found,
2016-01-01,Kolhapur,banana,2016,January,310,347,433,377,Kolhapur,Maharashtra,,,,,,not found,
2015-07-01,Kolhapur,banana,2015,July,490,805,855,830,Kolhapur,Maharashtra,,,,,,not found,
2016-07-01,Kolhapur,banana,2016,July,86,1143,1164,1154,Kolhapur,Maharashtra,,,,,,not found,
2015-06-01,Kolhapur,banana,2015,June,460,757,826,793,Kolhapur,Maharashtra,,,,,,not found,
2016-06-01,Kolhapur,banana,2016,June,345,1023,1059,1041,Kolhapur,Maharashtra,,,,,,not found,
2016-03-01,Kolhapur,banana,2016,March,440,317,371,345,Kolhapur,Maharashtra,,,,,,not found,
2015-05-01,Kolhapur,banana,2015,May,80,813,875,843,Kolhapur,Maharashtra,,,,,,not found,
2016-05-01,Kolhapur,banana,2016,May,330,1013,1063,1038,Kolhapur,Maharashtra,,,,,,not found,
2015-11-01,Kolhapur,banana,2015,November,326,536,601,561,Kolhapur,Maharashtra,,,,,,not found,
2015-10-01,Kolhapur,banana,2015,October,540,572,628,599,Kolhapur,Maharashtra,,,,,,not found,
2016-10-01,Kolhapur,banana,2016,October,400,894,998,946,Kolhapur,Maharashtra,,,,,,not found,
2015-09-01,Kolhapur,banana,2015,September,620,609,659,633,Kolhapur,Maharashtra,,,,,,not found,
2016-09-01,Kolhapur,banana,2016,September,370,1190,1286,1238,Kolhapur,Maharashtra,,,,,,not found,
2016-11-01,Kolhapur,banana,2016,November,325,605,707,656,Kolhapur,Maharashtra,,,,,,not found,
