date,APMC,Commodity,Year,Month,arrivals_in_qtl,min_price,max_price,modal_price,district_name,state_name,commodity,year,Type,msprice,msp_filter,seasonality,deseasonal
2014-11-01,Mangalwedha,black gram,2014,November,1,4501,4501,4501,Solapur,Maharashtra,,,,,,not found,
2016-10-01,Mangalwedha,black gram,2016,October,11,5717,5717,5717,Solapur,Maharashtra,,,,,,not found,
2015-09-01,Mangalwedha,black gram,2015,September,1,6901,6901,6901,Solapur,Maharashtra,,,,,,not found,
2016-09-01,Mangalwedha,black gram,2016,September,6,6050,6200,6050,Solapur,Maharashtra,,,,,,not found,
2016-11-01,Mangalwedha,black gram,2016,November,9,3176,3376,3326,Solapur,Maharashtra,,,,,,not found,
