date,APMC,Commodity,Year,Month,arrivals_in_qtl,min_price,max_price,modal_price,district_name,state_name,commodity,year,Type,msprice,msp_filter,seasonality,deseasonal
2016-04-01,Kolhapur,apple,2016,April,662,7024,14226,9286,Kolhapur,Maharashtra,,,,,,not found,
2015-08-01,Kolhapur,apple,2015,August,4358,4058,11856,6692,Kolhapur,Maharashtra,,,,,,not found,
2016-08-01,Kolhapur,apple,2016,August,3162,5740,12904,9423,Kolhapur,Maharashtra,,,,,,not found,
2015-12-01,Kolhapur,apple,2015,December,3304,2131,11095,3827,Kolhapur,Maharashtra,,,,,,not found,
2016-02-01,Kolhapur,apple,2016,February,944,3500,13403,7278,Kolhapur,Maharashtra,,,,,,not found,
2016-01-01,Kolhapur,apple,2016,January,1435,2719,11459,4828,Kolhapur,Maharashtra,,,,,,not found,
2015-07-01,Kolhapur,apple,2015,July,811,8605,13776,12092,Kolhapur,Maharashtra,,,,,,not found,
2016-07-01,Kolhapur,apple,2016,July,681,11289,14658,12816,Kolhapur,Maharashtra,,,,,,not found,
2015-06-01,Kolhapur,apple,2015,June,584,10263,13651,12276,Kolhapur,Maharashtra,,,,,,not found,
2016-06-01,Kolhapur,apple,2016,June,776,8571,14690,11155,Kolhapur,Maharashtra,,,,,,not found,
2016-03-01,Kolhapur,apple,2016,March,867,4647,13618,8426,Kolhapur,Maharashtra,,,,,,not found,
2015-05-01,Kolhapur,apple,2015,May,50,9250,14000,11000,Kolhapur,Maharashtra,,,,,,not found,
2016-05-01,Kolhapur,apple,2016,May,624,8400,14300,10100,Kolhapur,Maharashtra,,,,,,not found,
2015-11-01,Kolhapur,apple,2015,November,1695,2969,9734,5203,Kolhapur,Maharashtra,,,,,,not found,
2015-10-01,Kolhapur,apple,2015,October,4558,3717,9717,5935,Kolhapur,Maharashtra,,,,,,not found,
2016-10-01,Kolhapur,apple,2016,October,3054,3423,11394,6327,Kolhapur,Maharashtra,,,,,,not found,
2015-09-01,Kolhapur,apple,2015,September,4028,3565,7967,5152,Kolhapur,Maharashtra,,,,,,not found,
2016-09-01,Kolhapur,apple,2016,September,3275,5083,12452,8417,Kolhapur,Maharashtra,,,,,,not found,
2016-11-01,Kolhapur,apple,2016,November,2789,2960,12090,7120,Kolhapur,Maharashtra,,,,,,not found,
