date,APMC,Commodity,Year,Month,arrivals_in_qtl,min_price,max_price,modal_price,district_name,state_name,commodity,year,Type,msprice,msp_filter,seasonality,deseasonal,Raw vs MSP diff,Desasonal vs MSP diff
2015-04-01,Malegaon,bajri,2015,April,1830,1251,1440,1302,Nasik,Maharashtra,bajri,2015,Kharif Crops,1275.0,1,not found,,27.0,
2016-04-01,Malegaon,bajri,2016,April,534,1567,2027,1825,Nasik,Maharashtra,bajri,2016,Kharif Crops,1330.0,1,not found,,495.0,
2015-08-01,Malegaon,bajri,2015,August,2976,1280,1592,1420,Nasik,Maharashtra,bajri,2015,Kharif Crops,1275.0,1,not found,,145.0,
2016-08-01,Malegaon,bajri,2016,August,232,1600,2223,1980,Nasik,Maharashtra,bajri,2016,Kharif Crops,1330.0,1,not found,,650.0,
2014-12-01,Malegaon,bajri,2014,December,2282,1251,1530,1365,Nasik,Maharashtra,bajri,2014,Kharif Crops,1250.0,1,not found,,115.0,
2015-12-01,Malegaon,bajri,2015,December,1839,1375,1767,1580,Nasik,Maharashtra,bajri,2015,Kharif Crops,1275.0,1,not found,,305.0,
2015-02-01,Malegaon,bajri,2015,February,1497,1251,1500,1359,Nasik,Maharashtra,bajri,2015,Kharif Crops,1275.0,1,not found,,84.0,
2016-02-01,Malegaon,bajri,2016,February,928,1355,1737,1584,Nasik,Maharashtra,bajri,2016,Kharif Crops,1330.0,1,not found,,254.0,
2015-01-01,Malegaon,bajri,2015,January,948,1251,1660,1435,Nasik,Maharashtra,bajri,2015,Kharif Crops,1275.0,1,not found,,160.0,
2016-01-01,Malegaon,bajri,2016,January,977,1432,1773,1594,Nasik,Maharashtra,bajri,2016,Kharif Crops,1330.0,1,not found,,264.0,
2015-07-01,Malegaon,bajri,2015,July,3406,1255,1457,1310,Nasik,Maharashtra,bajri,2015,Kharif Crops,1275.0,1,not found,,35.0,
2016-07-01,Malegaon,bajri,2016,July,54,1662,2118,1804,Nasik,Maharashtra,bajri,2016,Kharif Crops,1330.0,1,not found,,474.0,
2015-06-01,Malegaon,bajri,2015,June,2692,1251,1540,1303,Nasik,Maharashtra,bajri,2015,Kharif Crops,1275.0,1,not found,,28.0,
2016-06-01,Malegaon,bajri,2016,June,454,1463,2029,1849,Nasik,Maharashtra,bajri,2016,Kharif Crops,1330.0,1,not found,,519.0,
2015-03-01,Malegaon,bajri,2015,March,1489,1251,1559,1378,Nasik,Maharashtra,bajri,2015,Kharif Crops,1275.0,1,not found,,103.0,
2016-03-01,Malegaon,bajri,2016,March,477,1496,1903,1749,Nasik,Maharashtra,bajri,2016,Kharif Crops,1330.0,1,not found,,419.0,
2015-05-01,Malegaon,bajri,2015,May,5357,1271,1490,1340,Nasik,Maharashtra,bajri,2015,Kharif Crops,1275.0,1,not found,,65.0,
2016-05-01,Malegaon,bajri,2016,May,522,1514,2048,1906,Nasik,Maharashtra,bajri,2016,Kharif Crops,1330.0,1,not found,,576.0,
2014-11-01,Malegaon,bajri,2014,November,3710,1251,1598,1408,Nasik,Maharashtra,bajri,2014,Kharif Crops,1250.0,1,not found,,158.0,
2015-11-01,Malegaon,bajri,2015,November,1909,1326,1758,1569,Nasik,Maharashtra,bajri,2015,Kharif Crops,1275.0,1,not found,,294.0,
2014-10-01,Malegaon,bajri,2014,October,3671,1251,1561,1419,Nasik,Maharashtra,bajri,2014,Kharif Crops,1250.0,1,not found,,169.0,
2015-10-01,Malegaon,bajri,2015,October,3686,1260,1579,1429,Nasik,Maharashtra,bajri,2015,Kharif Crops,1275.0,1,not found,,154.0,
2016-10-01,Malegaon,bajri,2016,October,8290,1330,1651,1415,Nasik,Maharashtra,bajri,2016,Kharif Crops,1330.0,1,not found,,85.0,
2014-09-01,Malegaon,bajri,2014,September,4934,1253,1589,1439,Nasik,Maharashtra,bajri,2014,Kharif Crops,1250.0,1,not found,,189.0,
2015-09-01,Malegaon,bajri,2015,September,3401,1314,1603,1495,Nasik,Maharashtra,bajri,2015,Kharif Crops,1275.0,1,not found,,220.0,
2016-09-01,Malegaon,bajri,2016,September,1490,1339,1856,1595,Nasik,Maharashtra,bajri,2016,Kharif Crops,1330.0,1,not found,,265.0,
2016-11-01,Malegaon,bajri,2016,November,2815,1332,1817,1548,Nasik,Maharashtra,bajri,2016,Kharif Crops,1330.0,1,not found,,218.0,
